panelist_id,date,market,device_type,tenure_months,compliance_flag,hours_logged
1,2026-08-12,Monterrey,Meter_v2,2,1,9.4
1,2026-08-13,Monterrey,Meter_v2,2,1,14.0
1,2026-08-14,Monterrey,Meter_v2,2,1,9.1
1,2026-08-15,Monterrey,Meter_v2,2,1,14.6
1,2026-08-16,Monterrey,Meter_v2,2,1,7.7
1,2026-08-17,Monterrey,Meter_v2,2,1,11.9
1,2026-08-18,Monterrey,Meter_v2,2,1,14.3
1,2026-08-19,Monterrey,Meter_v2,2,0,2.8
1,2026-08-20,Monterrey,Meter_v2,2,1,14.2
1,2026-08-21,Monterrey,Meter_v2,2,1,10.1
1,2026-08-22,Monterrey,Meter_v2,2,1,9.2
1,2026-08-23,Monterrey,Meter_v2,2,1,13.4
1,2026-08-24,Monterrey,Meter_v2,2,1,9.3
1,2026-08-25,Monterrey,Meter_v2,2,1,8.0
1,2026-08-26,Monterrey,Meter_v2,2,1,13.6
1,2026-08-27,Monterrey,Meter_v2,2,1,9.7
1,2026-08-28,Monterrey,Meter_v2,2,1,8.3
1,2026-08-29,Monterrey,Meter_v2,2,1,13.8
1,2026-08-30,Monterrey,Meter_v2,2,1,12.3
1,2026-08-31,Monterrey,Meter_v2,2,1,9.3
1,2026-09-01,Monterrey,Meter_v2,2,0,2.4
2,2026-08-12,CDMX,Meter_v2,28,1,9.3
2,2026-08-13,CDMX,Meter_v2,28,1,6.7
2,2026-08-14,CDMX,Meter_v2,28,1,12.2
2,2026-08-15,CDMX,Meter_v2,28,1,7.5
2,2026-08-16,CDMX,Meter_v2,28,1,6.9
2,2026-08-17,CDMX,Meter_v2,28,1,7.8
2,2026-08-18,CDMX,Meter_v2,28,0,1.7
2,2026-08-19,CDMX,Meter_v2,28,1,8.4
2,2026-08-20,CDMX,Meter_v2,28,1,10.6
2,2026-08-21,CDMX,Meter_v2,28,1,11.4
2,2026-08-22,CDMX,Meter_v2,28,1,10.5
2,2026-08-23,CDMX,Meter_v2,28,1,14.7
2,2026-08-24,CDMX,Meter_v2,28,1,14.1
2,2026-08-25,CDMX,Meter_v2,28,1,7.2
2,2026-08-26,CDMX,Meter_v2,28,1,10.3
2,2026-08-27,CDMX,Meter_v2,28,1,9.2
2,2026-08-28,CDMX,Meter_v2,28,1,11.3
2,2026-08-29,CDMX,Meter_v2,28,1,9.4
2,2026-08-30,CDMX,Meter_v2,28,1,8.9
2,2026-08-31,CDMX,Meter_v2,28,0,2.9
2,2026-09-01,CDMX,Meter_v2,28,1,12.0
3,2026-08-12,CDMX,Meter_v2,11,1,8.0
3,2026-08-13,CDMX,Meter_v2,11,1,8.1
3,2026-08-14,CDMX,Meter_v2,11,1,12.7
3,2026-08-15,CDMX,Meter_v2,11,1,12.3
3,2026-08-16,CDMX,Meter_v2,11,1,6.7
3,2026-08-17,CDMX,Meter_v2,11,1,14.2
3,2026-08-18,CDMX,Meter_v2,11,1,6.1
3,2026-08-19,CDMX,Meter_v2,11,1,8.6
3,2026-08-20,CDMX,Meter_v2,11,1,9.9
3,2026-08-21,CDMX,Meter_v2,11,1,6.1
3,2026-08-22,CDMX,Meter_v2,11,1,10.6
3,2026-08-23,CDMX,Meter_v2,11,1,6.9
3,2026-08-24,CDMX,Meter_v2,11,1,7.5
3,2026-08-25,CDMX,Meter_v2,11,1,8.6
3,2026-08-26,CDMX,Meter_v2,11,1,8.5
3,2026-08-27,CDMX,Meter_v2,11,1,7.4
3,2026-08-28,CDMX,Meter_v2,11,1,13.9
3,2026-08-29,CDMX,Meter_v2,11,1,13.7
3,2026-08-30,CDMX,Meter_v2,11,1,11.6
3,2026-08-31,CDMX,Meter_v2,11,1,12.3
3,2026-09-01,CDMX,Meter_v2,11,1,10.7
4,2026-08-12,Guadalajara,Meter_v3,24,1,14.6
4,2026-08-13,Guadalajara,Meter_v3,24,1,6.6
4,2026-08-14,Guadalajara,Meter_v3,24,1,8.0
4,2026-08-15,Guadalajara,Meter_v3,24,1,13.5
4,2026-08-16,Guadalajara,Meter_v3,24,1,10.6
4,2026-08-17,Guadalajara,Meter_v3,24,1,13.0
4,2026-08-18,Guadalajara,Meter_v3,24,1,10.9
4,2026-08-19,Guadalajara,Meter_v3,24,0,0.0
4,2026-08-20,Guadalajara,Meter_v3,24,1,12.1
4,2026-08-21,Guadalajara,Meter_v3,24,0,1.9
4,2026-08-22,Guadalajara,Meter_v3,24,1,8.3
4,2026-08-23,Guadalajara,Meter_v3,24,1,8.9
4,2026-08-24,Guadalajara,Meter_v3,24,1,11.8
4,2026-08-25,Guadalajara,Meter_v3,24,1,13.9
4,2026-08-26,Guadalajara,Meter_v3,24,1,8.3
4,2026-08-27,Guadalajara,Meter_v3,24,1,12.4
4,2026-08-28,Guadalajara,Meter_v3,24,1,14.4
4,2026-08-29,Guadalajara,Meter_v3,24,1,9.1
4,2026-08-30,Guadalajara,Meter_v3,24,1,8.4
4,2026-08-31,Guadalajara,Meter_v3,24,1,6.0
4,2026-09-01,Guadalajara,Meter_v3,24,1,7.6
5,2026-08-12,Guadalajara,Meter_v2,69,1,11.2
5,2026-08-13,Guadalajara,Meter_v2,69,1,12.3
5,2026-08-14,Guadalajara,Meter_v2,69,1,6.6
5,2026-08-15,Guadalajara,Meter_v2,69,1,10.9
5,2026-08-16,Guadalajara,Meter_v2,69,1,7.0
5,2026-08-17,Guadalajara,Meter_v2,69,1,9.5
5,2026-08-18,Guadalajara,Meter_v2,69,1,12.8
5,2026-08-19,Guadalajara,Meter_v2,69,1,9.5
5,2026-08-20,Guadalajara,Meter_v2,69,1,9.6
5,2026-08-21,Guadalajara,Meter_v2,69,1,8.1
5,2026-08-22,Guadalajara,Meter_v2,69,1,11.0
5,2026-08-23,Guadalajara,Meter_v2,69,1,9.6
5,2026-08-24,Guadalajara,Meter_v2,69,1,14.3
5,2026-08-25,Guadalajara,Meter_v2,69,1,8.6
5,2026-08-26,Guadalajara,Meter_v2,69,1,13.8
5,2026-08-27,Guadalajara,Meter_v2,69,1,10.6
5,2026-08-28,Guadalajara,Meter_v2,69,1,7.3
5,2026-08-29,Guadalajara,Meter_v2,69,1,8.7
5,2026-08-30,Guadalajara,Meter_v2,69,1,14.9
5,2026-08-31,Guadalajara,Meter_v2,69,1,13.5
5,2026-09-01,Guadalajara,Meter_v2,69,1,14.4
6,2026-08-12,Guadalajara,Meter_v2,14,1,10.8
6,2026-08-13,Guadalajara,Meter_v2,14,1,8.9
6,2026-08-14,Guadalajara,Meter_v2,14,1,7.4
6,2026-08-15,Guadalajara,Meter_v2,14,0,1.0
6,2026-08-16,Guadalajara,Meter_v2,14,1,10.2
6,2026-08-17,Guadalajara,Meter_v2,14,1,12.5
6,2026-08-18,Guadalajara,Meter_v2,14,1,13.3
6,2026-08-19,Guadalajara,Meter_v2,14,1,13.4
6,2026-08-20,Guadalajara,Meter_v2,14,1,7.6
6,2026-08-21,Guadalajara,Meter_v2,14,1,6.6
6,2026-08-22,Guadalajara,Meter_v2,14,1,9.5
6,2026-08-23,Guadalajara,Meter_v2,14,1,7.4
6,2026-08-24,Guadalajara,Meter_v2,14,1,13.4
6,2026-08-25,Guadalajara,Meter_v2,14,1,11.2
6,2026-08-26,Guadalajara,Meter_v2,14,1,10.4
6,2026-08-27,Guadalajara,Meter_v2,14,1,8.0
6,2026-08-28,Guadalajara,Meter_v2,14,1,14.0
6,2026-08-29,Guadalajara,Meter_v2,14,1,7.2
6,2026-08-30,Guadalajara,Meter_v2,14,1,9.9
6,2026-08-31,Guadalajara,Meter_v2,14,1,12.0
6,2026-09-01,Guadalajara,Meter_v2,14,1,10.1
7,2026-08-12,Monterrey,Meter_Audio_v1,13,1,9.7
7,2026-08-13,Monterrey,Meter_Audio_v1,13,1,6.7
7,2026-08-14,Monterrey,Meter_Audio_v1,13,1,6.4
7,2026-08-15,Monterrey,Meter_Audio_v1,13,1,12.9
7,2026-08-16,Monterrey,Meter_Audio_v1,13,1,10.1
7,2026-08-17,Monterrey,Meter_Audio_v1,13,1,8.4
7,2026-08-18,Monterrey,Meter_Audio_v1,13,1,6.0
7,2026-08-19,Monterrey,Meter_Audio_v1,13,1,12.2
7,2026-08-20,Monterrey,Meter_Audio_v1,13,1,12.6
7,2026-08-21,Monterrey,Meter_Audio_v1,13,1,9.1
7,2026-08-22,Monterrey,Meter_Audio_v1,13,0,2.5
7,2026-08-23,Monterrey,Meter_Audio_v1,13,1,10.1
7,2026-08-24,Monterrey,Meter_Audio_v1,13,1,12.1
7,2026-08-25,Monterrey,Meter_Audio_v1,13,1,13.8
7,2026-08-26,Monterrey,Meter_Audio_v1,13,1,11.4
7,2026-08-27,Monterrey,Meter_Audio_v1,13,1,6.0
7,2026-08-28,Monterrey,Meter_Audio_v1,13,1,8.0
7,2026-08-29,Monterrey,Meter_Audio_v1,13,0,1.2
7,2026-08-30,Monterrey,Meter_Audio_v1,13,1,10.5
7,2026-08-31,Monterrey,Meter_Audio_v1,13,1,10.6
7,2026-09-01,Monterrey,Meter_Audio_v1,13,1,6.5
8,2026-08-12,Guadalajara,Meter_v2,2,1,13.2
8,2026-08-13,Guadalajara,Meter_v2,2,1,8.8
8,2026-08-14,Guadalajara,Meter_v2,2,1,12.7
8,2026-08-15,Guadalajara,Meter_v2,2,1,11.8
8,2026-08-16,Guadalajara,Meter_v2,2,1,9.5
8,2026-08-17,Guadalajara,Meter_v2,2,1,11.5
8,2026-08-18,Guadalajara,Meter_v2,2,1,10.3
8,2026-08-19,Guadalajara,Meter_v2,2,1,14.7
8,2026-08-20,Guadalajara,Meter_v2,2,1,8.8
8,2026-08-21,Guadalajara,Meter_v2,2,1,10.1
8,2026-08-22,Guadalajara,Meter_v2,2,1,6.9
8,2026-08-23,Guadalajara,Meter_v2,2,1,9.0
8,2026-08-24,Guadalajara,Meter_v2,2,1,7.3
8,2026-08-25,Guadalajara,Meter_v2,2,1,6.9
8,2026-08-26,Guadalajara,Meter_v2,2,1,10.9
8,2026-08-27,Guadalajara,Meter_v2,2,1,14.3
8,2026-08-28,Guadalajara,Meter_v2,2,1,11.4
8,2026-08-29,Guadalajara,Meter_v2,2,1,12.1
8,2026-08-30,Guadalajara,Meter_v2,2,1,9.9
8,2026-08-31,Guadalajara,Meter_v2,2,1,7.7
8,2026-09-01,Guadalajara,Meter_v2,2,1,11.0
9,2026-08-12,CDMX,Meter_Audio_v1,6,1,9.6
9,2026-08-13,CDMX,Meter_Audio_v1,6,1,8.0
9,2026-08-14,CDMX,Meter_Audio_v1,6,1,8.8
9,2026-08-15,CDMX,Meter_Audio_v1,6,1,8.4
9,2026-08-16,CDMX,Meter_Audio_v1,6,1,9.7
9,2026-08-17,CDMX,Meter_Audio_v1,6,1,9.6
9,2026-08-18,CDMX,Meter_Audio_v1,6,1,12.9
9,2026-08-19,CDMX,Meter_Audio_v1,6,1,12.3
9,2026-08-20,CDMX,Meter_Audio_v1,6,1,7.6
9,2026-08-21,CDMX,Meter_Audio_v1,6,1,8.3
9,2026-08-22,CDMX,Meter_Audio_v1,6,1,12.7
9,2026-08-23,CDMX,Meter_Audio_v1,6,1,11.9
9,2026-08-24,CDMX,Meter_Audio_v1,6,1,9.7
9,2026-08-25,CDMX,Meter_Audio_v1,6,1,10.6
9,2026-08-26,CDMX,Meter_Audio_v1,6,1,9.7
9,2026-08-27,CDMX,Meter_Audio_v1,6,1,14.8
9,2026-08-28,CDMX,Meter_Audio_v1,6,1,9.4
9,2026-08-29,CDMX,Meter_Audio_v1,6,1,12.7
9,2026-08-30,CDMX,Meter_Audio_v1,6,1,7.9
9,2026-08-31,CDMX,Meter_Audio_v1,6,1,12.5
9,2026-09-01,CDMX,Meter_Audio_v1,6,1,6.6
10,2026-08-12,CDMX,Meter_v2,13,1,12.9
10,2026-08-13,CDMX,Meter_v2,13,1,14.1
10,2026-08-14,CDMX,Meter_v2,13,1,13.0
10,2026-08-15,CDMX,Meter_v2,13,1,11.5
10,2026-08-16,CDMX,Meter_v2,13,1,14.7
10,2026-08-17,CDMX,Meter_v2,13,1,12.1
10,2026-08-18,CDMX,Meter_v2,13,1,11.4
10,2026-08-19,CDMX,Meter_v2,13,1,6.8
10,2026-08-20,CDMX,Meter_v2,13,1,13.4
10,2026-08-21,CDMX,Meter_v2,13,1,7.1
10,2026-08-22,CDMX,Meter_v2,13,0,0.8
10,2026-08-23,CDMX,Meter_v2,13,1,14.0
10,2026-08-24,CDMX,Meter_v2,13,1,13.0
10,2026-08-25,CDMX,Meter_v2,13,1,7.1
10,2026-08-26,CDMX,Meter_v2,13,1,14.6
10,2026-08-27,CDMX,Meter_v2,13,1,6.3
10,2026-08-28,CDMX,Meter_v2,13,1,8.2
10,2026-08-29,CDMX,Meter_v2,13,0,0.4
10,2026-08-30,CDMX,Meter_v2,13,1,7.4
10,2026-08-31,CDMX,Meter_v2,13,1,12.9
10,2026-09-01,CDMX,Meter_v2,13,1,11.6
11,2026-08-12,Tijuana,Meter_v2,21,1,14.2
11,2026-08-13,Tijuana,Meter_v2,21,1,9.3
11,2026-08-14,Tijuana,Meter_v2,21,1,7.3
11,2026-08-15,Tijuana,Meter_v2,21,1,10.5
11,2026-08-16,Tijuana,Meter_v2,21,1,9.3
11,2026-08-17,Tijuana,Meter_v2,21,1,6.2
11,2026-08-18,Tijuana,Meter_v2,21,1,6.7
11,2026-08-19,Tijuana,Meter_v2,21,1,12.8
11,2026-08-20,Tijuana,Meter_v2,21,1,13.6
11,2026-08-21,Tijuana,Meter_v2,21,1,7.4
11,2026-08-22,Tijuana,Meter_v2,21,1,10.5
11,2026-08-23,Tijuana,Meter_v2,21,1,12.0
11,2026-08-24,Tijuana,Meter_v2,21,1,6.8
11,2026-08-25,Tijuana,Meter_v2,21,1,9.9
11,2026-08-26,Tijuana,Meter_v2,21,1,8.8
11,2026-08-27,Tijuana,Meter_v2,21,1,10.9
11,2026-08-28,Tijuana,Meter_v2,21,1,7.9
11,2026-08-29,Tijuana,Meter_v2,21,1,9.3
11,2026-08-30,Tijuana,Meter_v2,21,0,2.8
11,2026-08-31,Tijuana,Meter_v2,21,1,14.8
11,2026-09-01,Tijuana,Meter_v2,21,1,10.4
12,2026-08-12,Tijuana,Meter_v2,30,1,6.8
12,2026-08-13,Tijuana,Meter_v2,30,1,7.1
12,2026-08-14,Tijuana,Meter_v2,30,1,7.2
12,2026-08-15,Tijuana,Meter_v2,30,1,7.1
12,2026-08-16,Tijuana,Meter_v2,30,1,9.2
12,2026-08-17,Tijuana,Meter_v2,30,1,12.8
12,2026-08-18,Tijuana,Meter_v2,30,1,11.4
12,2026-08-19,Tijuana,Meter_v2,30,1,6.6
12,2026-08-20,Tijuana,Meter_v2,30,1,8.6
12,2026-08-21,Tijuana,Meter_v2,30,1,12.8
12,2026-08-22,Tijuana,Meter_v2,30,1,9.4
12,2026-08-23,Tijuana,Meter_v2,30,1,11.0
12,2026-08-24,Tijuana,Meter_v2,30,0,2.5
12,2026-08-25,Tijuana,Meter_v2,30,1,9.8
12,2026-08-26,Tijuana,Meter_v2,30,1,12.9
12,2026-08-27,Tijuana,Meter_v2,30,1,11.0
12,2026-08-28,Tijuana,Meter_v2,30,1,12.1
12,2026-08-29,Tijuana,Meter_v2,30,0,2.7
12,2026-08-30,Tijuana,Meter_v2,30,1,6.2
12,2026-08-31,Tijuana,Meter_v2,30,1,7.1
12,2026-09-01,Tijuana,Meter_v2,30,1,7.2
13,2026-08-12,Guadalajara,Meter_v2,9,1,13.3
13,2026-08-13,Guadalajara,Meter_v2,9,1,10.6
13,2026-08-14,Guadalajara,Meter_v2,9,1,14.4
13,2026-08-15,Guadalajara,Meter_v2,9,1,6.7
13,2026-08-16,Guadalajara,Meter_v2,9,1,13.6
13,2026-08-17,Guadalajara,Meter_v2,9,1,8.4
13,2026-08-18,Guadalajara,Meter_v2,9,1,14.1
13,2026-08-19,Guadalajara,Meter_v2,9,0,0.0
13,2026-08-20,Guadalajara,Meter_v2,9,1,6.4
13,2026-08-21,Guadalajara,Meter_v2,9,1,12.3
13,2026-08-22,Guadalajara,Meter_v2,9,1,12.9
13,2026-08-23,Guadalajara,Meter_v2,9,0,1.4
13,2026-08-24,Guadalajara,Meter_v2,9,0,0.8
13,2026-08-25,Guadalajara,Meter_v2,9,1,13.2
13,2026-08-26,Guadalajara,Meter_v2,9,1,11.2
13,2026-08-27,Guadalajara,Meter_v2,9,1,8.3
13,2026-08-28,Guadalajara,Meter_v2,9,1,13.8
13,2026-08-29,Guadalajara,Meter_v2,9,1,11.0
13,2026-08-30,Guadalajara,Meter_v2,9,1,12.0
13,2026-08-31,Guadalajara,Meter_v2,9,1,7.2
13,2026-09-01,Guadalajara,Meter_v2,9,1,13.0
14,2026-08-12,Monterrey,Meter_Audio_v1,2,1,13.7
14,2026-08-13,Monterrey,Meter_Audio_v1,2,1,8.0
14,2026-08-14,Monterrey,Meter_Audio_v1,2,1,6.6
14,2026-08-15,Monterrey,Meter_Audio_v1,2,1,10.0
14,2026-08-16,Monterrey,Meter_Audio_v1,2,1,7.7
14,2026-08-17,Monterrey,Meter_Audio_v1,2,1,7.1
14,2026-08-18,Monterrey,Meter_Audio_v1,2,1,11.5
14,2026-08-19,Monterrey,Meter_Audio_v1,2,1,6.6
14,2026-08-20,Monterrey,Meter_Audio_v1,2,1,11.4
14,2026-08-21,Monterrey,Meter_Audio_v1,2,1,8.9
14,2026-08-22,Monterrey,Meter_Audio_v1,2,0,2.5
14,2026-08-23,Monterrey,Meter_Audio_v1,2,1,7.9
14,2026-08-24,Monterrey,Meter_Audio_v1,2,1,8.0
14,2026-08-25,Monterrey,Meter_Audio_v1,2,1,10.7
14,2026-08-26,Monterrey,Meter_Audio_v1,2,1,6.5
14,2026-08-27,Monterrey,Meter_Audio_v1,2,1,12.4
14,2026-08-28,Monterrey,Meter_Audio_v1,2,1,8.3
14,2026-08-29,Monterrey,Meter_Audio_v1,2,1,14.6
14,2026-08-30,Monterrey,Meter_Audio_v1,2,1,11.8
14,2026-08-31,Monterrey,Meter_Audio_v1,2,0,1.3
14,2026-09-01,Monterrey,Meter_Audio_v1,2,1,10.9
15,2026-08-12,Guadalajara,Meter_v3,7,1,11.1
15,2026-08-13,Guadalajara,Meter_v3,7,1,8.9
15,2026-08-14,Guadalajara,Meter_v3,7,1,14.2
15,2026-08-15,Guadalajara,Meter_v3,7,0,0.5
15,2026-08-16,Guadalajara,Meter_v3,7,1,11.1
15,2026-08-17,Guadalajara,Meter_v3,7,1,13.6
15,2026-08-18,Guadalajara,Meter_v3,7,1,11.2
15,2026-08-19,Guadalajara,Meter_v3,7,1,10.8
15,2026-08-20,Guadalajara,Meter_v3,7,1,11.7
15,2026-08-21,Guadalajara,Meter_v3,7,1,6.2
15,2026-08-22,Guadalajara,Meter_v3,7,1,9.6
15,2026-08-23,Guadalajara,Meter_v3,7,1,11.0
15,2026-08-24,Guadalajara,Meter_v3,7,1,8.7
15,2026-08-25,Guadalajara,Meter_v3,7,1,9.1
15,2026-08-26,Guadalajara,Meter_v3,7,1,8.2
15,2026-08-27,Guadalajara,Meter_v3,7,1,14.9
15,2026-08-28,Guadalajara,Meter_v3,7,1,6.6
15,2026-08-29,Guadalajara,Meter_v3,7,1,12.4
15,2026-08-30,Guadalajara,Meter_v3,7,1,12.1
15,2026-08-31,Guadalajara,Meter_v3,7,1,9.6
15,2026-09-01,Guadalajara,Meter_v3,7,1,9.2
16,2026-08-12,CDMX,Meter_v2,44,1,8.1
16,2026-08-13,CDMX,Meter_v2,44,0,1.3
16,2026-08-14,CDMX,Meter_v2,44,1,13.5
16,2026-08-15,CDMX,Meter_v2,44,1,10.7
16,2026-08-16,CDMX,Meter_v2,44,1,13.7
16,2026-08-17,CDMX,Meter_v2,44,1,6.2
16,2026-08-18,CDMX,Meter_v2,44,1,8.9
16,2026-08-19,CDMX,Meter_v2,44,1,9.0
16,2026-08-20,CDMX,Meter_v2,44,1,6.4
16,2026-08-21,CDMX,Meter_v2,44,1,14.0
16,2026-08-22,CDMX,Meter_v2,44,1,14.0
16,2026-08-23,CDMX,Meter_v2,44,1,11.6
16,2026-08-24,CDMX,Meter_v2,44,1,7.2
16,2026-08-25,CDMX,Meter_v2,44,1,11.5
16,2026-08-26,CDMX,Meter_v2,44,1,13.5
16,2026-08-27,CDMX,Meter_v2,44,1,6.7
16,2026-08-28,CDMX,Meter_v2,44,1,7.9
16,2026-08-29,CDMX,Meter_v2,44,1,10.8
16,2026-08-30,CDMX,Meter_v2,44,1,12.1
16,2026-08-31,CDMX,Meter_v2,44,1,12.0
16,2026-09-01,CDMX,Meter_v2,44,1,13.0
17,2026-08-12,CDMX,Meter_v2,5,1,13.0
17,2026-08-13,CDMX,Meter_v2,5,1,6.1
17,2026-08-14,CDMX,Meter_v2,5,1,11.9
17,2026-08-15,CDMX,Meter_v2,5,1,11.7
17,2026-08-16,CDMX,Meter_v2,5,1,7.3
17,2026-08-17,CDMX,Meter_v2,5,1,11.7
17,2026-08-18,CDMX,Meter_v2,5,0,0.8
17,2026-08-19,CDMX,Meter_v2,5,1,11.6
17,2026-08-20,CDMX,Meter_v2,5,1,14.2
17,2026-08-21,CDMX,Meter_v2,5,0,2.0
17,2026-08-22,CDMX,Meter_v2,5,1,14.9
17,2026-08-23,CDMX,Meter_v2,5,0,1.0
17,2026-08-24,CDMX,Meter_v2,5,0,0.3
17,2026-08-25,CDMX,Meter_v2,5,1,8.5
17,2026-08-26,CDMX,Meter_v2,5,1,12.2
17,2026-08-27,CDMX,Meter_v2,5,1,13.6
17,2026-08-28,CDMX,Meter_v2,5,0,2.9
17,2026-08-29,CDMX,Meter_v2,5,0,2.8
17,2026-08-30,CDMX,Meter_v2,5,1,14.7
17,2026-08-31,CDMX,Meter_v2,5,1,9.7
17,2026-09-01,CDMX,Meter_v2,5,1,9.5
18,2026-08-12,Guadalajara,Meter_v2,11,1,9.8
18,2026-08-13,Guadalajara,Meter_v2,11,0,0.3
18,2026-08-14,Guadalajara,Meter_v2,11,1,13.4
18,2026-08-15,Guadalajara,Meter_v2,11,1,6.8
18,2026-08-16,Guadalajara,Meter_v2,11,1,11.5
18,2026-08-17,Guadalajara,Meter_v2,11,1,7.9
18,2026-08-18,Guadalajara,Meter_v2,11,1,11.5
18,2026-08-19,Guadalajara,Meter_v2,11,1,10.8
18,2026-08-20,Guadalajara,Meter_v2,11,0,1.6
18,2026-08-21,Guadalajara,Meter_v2,11,1,10.9
18,2026-08-22,Guadalajara,Meter_v2,11,1,10.8
18,2026-08-23,Guadalajara,Meter_v2,11,1,14.0
18,2026-08-24,Guadalajara,Meter_v2,11,1,7.9
18,2026-08-25,Guadalajara,Meter_v2,11,1,11.1
18,2026-08-26,Guadalajara,Meter_v2,11,1,15.0
18,2026-08-27,Guadalajara,Meter_v2,11,1,10.6
18,2026-08-28,Guadalajara,Meter_v2,11,1,7.2
18,2026-08-29,Guadalajara,Meter_v2,11,1,12.6
18,2026-08-30,Guadalajara,Meter_v2,11,1,11.1
18,2026-08-31,Guadalajara,Meter_v2,11,1,7.3
18,2026-09-01,Guadalajara,Meter_v2,11,1,6.4
19,2026-08-12,CDMX,Meter_v2,49,1,12.9
19,2026-08-13,CDMX,Meter_v2,49,1,10.6
19,2026-08-14,CDMX,Meter_v2,49,1,12.3
19,2026-08-15,CDMX,Meter_v2,49,1,8.8
19,2026-08-16,CDMX,Meter_v2,49,1,14.5
19,2026-08-17,CDMX,Meter_v2,49,1,8.8
19,2026-08-18,CDMX,Meter_v2,49,1,13.4
19,2026-08-19,CDMX,Meter_v2,49,1,7.5
19,2026-08-20,CDMX,Meter_v2,49,1,12.2
19,2026-08-21,CDMX,Meter_v2,49,1,11.0
19,2026-08-22,CDMX,Meter_v2,49,1,14.1
19,2026-08-23,CDMX,Meter_v2,49,1,12.5
19,2026-08-24,CDMX,Meter_v2,49,1,8.0
19,2026-08-25,CDMX,Meter_v2,49,1,12.3
19,2026-08-26,CDMX,Meter_v2,49,1,13.8
19,2026-08-27,CDMX,Meter_v2,49,1,8.8
19,2026-08-28,CDMX,Meter_v2,49,1,14.0
19,2026-08-29,CDMX,Meter_v2,49,1,6.1
19,2026-08-30,CDMX,Meter_v2,49,1,14.2
19,2026-08-31,CDMX,Meter_v2,49,1,14.5
19,2026-09-01,CDMX,Meter_v2,49,1,7.4
20,2026-08-12,Monterrey,Meter_v3,1,1,8.5
20,2026-08-13,Monterrey,Meter_v3,1,1,8.6
20,2026-08-14,Monterrey,Meter_v3,1,0,2.9
20,2026-08-15,Monterrey,Meter_v3,1,1,8.5
20,2026-08-16,Monterrey,Meter_v3,1,0,0.4
20,2026-08-17,Monterrey,Meter_v3,1,1,6.8
20,2026-08-18,Monterrey,Meter_v3,1,1,13.6
20,2026-08-19,Monterrey,Meter_v3,1,1,13.9
20,2026-08-20,Monterrey,Meter_v3,1,1,9.4
20,2026-08-21,Monterrey,Meter_v3,1,1,9.4
20,2026-08-22,Monterrey,Meter_v3,1,1,11.3
20,2026-08-23,Monterrey,Meter_v3,1,1,11.5
20,2026-08-24,Monterrey,Meter_v3,1,1,10.6
20,2026-08-25,Monterrey,Meter_v3,1,0,1.7
20,2026-08-26,Monterrey,Meter_v3,1,1,14.9
20,2026-08-27,Monterrey,Meter_v3,1,0,1.8
20,2026-08-28,Monterrey,Meter_v3,1,0,0.3
20,2026-08-29,Monterrey,Meter_v3,1,0,1.4
20,2026-08-30,Monterrey,Meter_v3,1,0,2.6
20,2026-08-31,Monterrey,Meter_v3,1,0,2.7
20,2026-09-01,Monterrey,Meter_v3,1,0,1.8
21,2026-08-12,CDMX,Meter_v2,17,1,9.4
21,2026-08-13,CDMX,Meter_v2,17,1,6.2
21,2026-08-14,CDMX,Meter_v2,17,1,7.1
21,2026-08-15,CDMX,Meter_v2,17,1,8.5
21,2026-08-16,CDMX,Meter_v2,17,1,13.0
21,2026-08-17,CDMX,Meter_v2,17,1,14.9
21,2026-08-18,CDMX,Meter_v2,17,1,11.6
21,2026-08-19,CDMX,Meter_v2,17,1,12.8
21,2026-08-20,CDMX,Meter_v2,17,1,7.0
21,2026-08-21,CDMX,Meter_v2,17,0,0.8
21,2026-08-22,CDMX,Meter_v2,17,1,13.0
21,2026-08-23,CDMX,Meter_v2,17,1,12.1
21,2026-08-24,CDMX,Meter_v2,17,1,10.4
21,2026-08-25,CDMX,Meter_v2,17,1,8.2
21,2026-08-26,CDMX,Meter_v2,17,1,6.1
21,2026-08-27,CDMX,Meter_v2,17,1,8.0
21,2026-08-28,CDMX,Meter_v2,17,1,9.7
21,2026-08-29,CDMX,Meter_v2,17,1,14.3
21,2026-08-30,CDMX,Meter_v2,17,1,10.6
21,2026-08-31,CDMX,Meter_v2,17,1,12.0
21,2026-09-01,CDMX,Meter_v2,17,1,8.0
22,2026-08-12,Puebla,Meter_v3,54,1,7.1
22,2026-08-13,Puebla,Meter_v3,54,1,6.6
22,2026-08-14,Puebla,Meter_v3,54,1,7.9
22,2026-08-15,Puebla,Meter_v3,54,1,10.0
22,2026-08-16,Puebla,Meter_v3,54,1,9.9
22,2026-08-17,Puebla,Meter_v3,54,1,7.3
22,2026-08-18,Puebla,Meter_v3,54,1,10.1
22,2026-08-19,Puebla,Meter_v3,54,1,12.3
22,2026-08-20,Puebla,Meter_v3,54,1,7.5
22,2026-08-21,Puebla,Meter_v3,54,1,13.5
22,2026-08-22,Puebla,Meter_v3,54,1,6.1
22,2026-08-23,Puebla,Meter_v3,54,1,6.8
22,2026-08-24,Puebla,Meter_v3,54,1,8.3
22,2026-08-25,Puebla,Meter_v3,54,1,11.2
22,2026-08-26,Puebla,Meter_v3,54,1,9.6
22,2026-08-27,Puebla,Meter_v3,54,1,8.6
22,2026-08-28,Puebla,Meter_v3,54,1,11.3
22,2026-08-29,Puebla,Meter_v3,54,1,7.3
22,2026-08-30,Puebla,Meter_v3,54,1,6.1
22,2026-08-31,Puebla,Meter_v3,54,1,6.7
22,2026-09-01,Puebla,Meter_v3,54,1,14.2
23,2026-08-12,Guadalajara,Meter_v3,5,1,9.2
23,2026-08-13,Guadalajara,Meter_v3,5,1,8.9
23,2026-08-14,Guadalajara,Meter_v3,5,1,10.6
23,2026-08-15,Guadalajara,Meter_v3,5,1,8.1
23,2026-08-16,Guadalajara,Meter_v3,5,1,10.3
23,2026-08-17,Guadalajara,Meter_v3,5,1,9.3
23,2026-08-18,Guadalajara,Meter_v3,5,1,10.1
23,2026-08-19,Guadalajara,Meter_v3,5,1,13.7
23,2026-08-20,Guadalajara,Meter_v3,5,1,7.6
23,2026-08-21,Guadalajara,Meter_v3,5,1,10.7
23,2026-08-22,Guadalajara,Meter_v3,5,1,8.7
23,2026-08-23,Guadalajara,Meter_v3,5,0,0.7
23,2026-08-24,Guadalajara,Meter_v3,5,1,13.9
23,2026-08-25,Guadalajara,Meter_v3,5,1,11.8
23,2026-08-26,Guadalajara,Meter_v3,5,1,11.1
23,2026-08-27,Guadalajara,Meter_v3,5,1,6.8
23,2026-08-28,Guadalajara,Meter_v3,5,1,14.4
23,2026-08-29,Guadalajara,Meter_v3,5,1,14.7
23,2026-08-30,Guadalajara,Meter_v3,5,1,8.5
23,2026-08-31,Guadalajara,Meter_v3,5,1,7.2
23,2026-09-01,Guadalajara,Meter_v3,5,1,14.2
24,2026-08-12,CDMX,Meter_Audio_v1,15,1,14.7
24,2026-08-13,CDMX,Meter_Audio_v1,15,1,10.6
24,2026-08-14,CDMX,Meter_Audio_v1,15,0,1.2
24,2026-08-15,CDMX,Meter_Audio_v1,15,1,9.6
24,2026-08-16,CDMX,Meter_Audio_v1,15,1,10.3
24,2026-08-17,CDMX,Meter_Audio_v1,15,1,12.0
24,2026-08-18,CDMX,Meter_Audio_v1,15,1,10.1
24,2026-08-19,CDMX,Meter_Audio_v1,15,1,14.0
24,2026-08-20,CDMX,Meter_Audio_v1,15,1,10.5
24,2026-08-21,CDMX,Meter_Audio_v1,15,1,13.6
24,2026-08-22,CDMX,Meter_Audio_v1,15,1,12.0
24,2026-08-23,CDMX,Meter_Audio_v1,15,1,10.6
24,2026-08-24,CDMX,Meter_Audio_v1,15,1,12.4
24,2026-08-25,CDMX,Meter_Audio_v1,15,1,9.4
24,2026-08-26,CDMX,Meter_Audio_v1,15,1,6.7
24,2026-08-27,CDMX,Meter_Audio_v1,15,1,6.5
24,2026-08-28,CDMX,Meter_Audio_v1,15,1,9.4
24,2026-08-29,CDMX,Meter_Audio_v1,15,1,6.5
24,2026-08-30,CDMX,Meter_Audio_v1,15,1,7.3
24,2026-08-31,CDMX,Meter_Audio_v1,15,1,6.6
24,2026-09-01,CDMX,Meter_Audio_v1,15,1,12.0
25,2026-08-12,Puebla,Meter_v2,44,1,11.5
25,2026-08-13,Puebla,Meter_v2,44,1,9.1
25,2026-08-14,Puebla,Meter_v2,44,1,6.9
25,2026-08-15,Puebla,Meter_v2,44,1,11.6
25,2026-08-16,Puebla,Meter_v2,44,1,6.1
25,2026-08-17,Puebla,Meter_v2,44,1,8.2
25,2026-08-18,Puebla,Meter_v2,44,1,8.8
25,2026-08-19,Puebla,Meter_v2,44,0,2.6
25,2026-08-20,Puebla,Meter_v2,44,1,6.3
25,2026-08-21,Puebla,Meter_v2,44,1,8.0
25,2026-08-22,Puebla,Meter_v2,44,1,11.9
25,2026-08-23,Puebla,Meter_v2,44,1,7.3
25,2026-08-24,Puebla,Meter_v2,44,1,6.4
25,2026-08-25,Puebla,Meter_v2,44,1,10.1
25,2026-08-26,Puebla,Meter_v2,44,1,12.2
25,2026-08-27,Puebla,Meter_v2,44,1,10.7
25,2026-08-28,Puebla,Meter_v2,44,0,2.6
25,2026-08-29,Puebla,Meter_v2,44,1,8.8
25,2026-08-30,Puebla,Meter_v2,44,1,14.6
25,2026-08-31,Puebla,Meter_v2,44,1,7.4
25,2026-09-01,Puebla,Meter_v2,44,1,11.8
26,2026-08-12,Tijuana,Meter_v2,3,1,12.1
26,2026-08-13,Tijuana,Meter_v2,3,1,13.2
26,2026-08-14,Tijuana,Meter_v2,3,1,13.0
26,2026-08-15,Tijuana,Meter_v2,3,1,6.4
26,2026-08-16,Tijuana,Meter_v2,3,0,1.4
26,2026-08-17,Tijuana,Meter_v2,3,1,11.5
26,2026-08-18,Tijuana,Meter_v2,3,1,14.9
26,2026-08-19,Tijuana,Meter_v2,3,1,8.7
26,2026-08-20,Tijuana,Meter_v2,3,1,6.5
26,2026-08-21,Tijuana,Meter_v2,3,1,14.6
26,2026-08-22,Tijuana,Meter_v2,3,1,6.1
26,2026-08-23,Tijuana,Meter_v2,3,1,14.3
26,2026-08-24,Tijuana,Meter_v2,3,1,9.8
26,2026-08-25,Tijuana,Meter_v2,3,1,7.7
26,2026-08-26,Tijuana,Meter_v2,3,1,13.7
26,2026-08-27,Tijuana,Meter_v2,3,1,14.1
26,2026-08-28,Tijuana,Meter_v2,3,1,6.2
26,2026-08-29,Tijuana,Meter_v2,3,1,12.6
26,2026-08-30,Tijuana,Meter_v2,3,1,6.8
26,2026-08-31,Tijuana,Meter_v2,3,1,13.9
26,2026-09-01,Tijuana,Meter_v2,3,1,7.0
27,2026-08-12,Monterrey,Meter_v3,14,1,10.2
27,2026-08-13,Monterrey,Meter_v3,14,1,10.8
27,2026-08-14,Monterrey,Meter_v3,14,1,7.1
27,2026-08-15,Monterrey,Meter_v3,14,1,8.9
27,2026-08-16,Monterrey,Meter_v3,14,1,15.0
27,2026-08-17,Monterrey,Meter_v3,14,0,2.8
27,2026-08-18,Monterrey,Meter_v3,14,1,14.9
27,2026-08-19,Monterrey,Meter_v3,14,1,13.8
27,2026-08-20,Monterrey,Meter_v3,14,1,8.7
27,2026-08-21,Monterrey,Meter_v3,14,1,8.1
27,2026-08-22,Monterrey,Meter_v3,14,1,10.6
27,2026-08-23,Monterrey,Meter_v3,14,1,7.9
27,2026-08-24,Monterrey,Meter_v3,14,1,12.8
27,2026-08-25,Monterrey,Meter_v3,14,0,2.3
27,2026-08-26,Monterrey,Meter_v3,14,0,1.2
27,2026-08-27,Monterrey,Meter_v3,14,0,1.8
27,2026-08-28,Monterrey,Meter_v3,14,0,1.4
27,2026-08-29,Monterrey,Meter_v3,14,1,11.0
27,2026-08-30,Monterrey,Meter_v3,14,1,12.4
27,2026-08-31,Monterrey,Meter_v3,14,0,0.8
27,2026-09-01,Monterrey,Meter_v3,14,0,2.8
28,2026-08-12,Guadalajara,Meter_v3,25,0,1.2
28,2026-08-13,Guadalajara,Meter_v3,25,1,7.1
28,2026-08-14,Guadalajara,Meter_v3,25,1,7.8
28,2026-08-15,Guadalajara,Meter_v3,25,1,11.9
28,2026-08-16,Guadalajara,Meter_v3,25,1,9.2
28,2026-08-17,Guadalajara,Meter_v3,25,1,11.4
28,2026-08-18,Guadalajara,Meter_v3,25,1,11.8
28,2026-08-19,Guadalajara,Meter_v3,25,1,10.3
28,2026-08-20,Guadalajara,Meter_v3,25,1,6.5
28,2026-08-21,Guadalajara,Meter_v3,25,1,9.0
28,2026-08-22,Guadalajara,Meter_v3,25,1,12.3
28,2026-08-23,Guadalajara,Meter_v3,25,1,13.8
28,2026-08-24,Guadalajara,Meter_v3,25,1,6.1
28,2026-08-25,Guadalajara,Meter_v3,25,1,12.5
28,2026-08-26,Guadalajara,Meter_v3,25,1,10.6
28,2026-08-27,Guadalajara,Meter_v3,25,1,13.9
28,2026-08-28,Guadalajara,Meter_v3,25,1,11.0
28,2026-08-29,Guadalajara,Meter_v3,25,1,7.6
28,2026-08-30,Guadalajara,Meter_v3,25,1,8.8
28,2026-08-31,Guadalajara,Meter_v3,25,1,9.6
28,2026-09-01,Guadalajara,Meter_v3,25,1,11.5
29,2026-08-12,Guadalajara,Meter_v3,20,1,7.3
29,2026-08-13,Guadalajara,Meter_v3,20,0,2.7
29,2026-08-14,Guadalajara,Meter_v3,20,1,12.4
29,2026-08-15,Guadalajara,Meter_v3,20,1,13.6
29,2026-08-16,Guadalajara,Meter_v3,20,0,1.4
29,2026-08-17,Guadalajara,Meter_v3,20,1,13.4
29,2026-08-18,Guadalajara,Meter_v3,20,1,9.8
29,2026-08-19,Guadalajara,Meter_v3,20,1,11.7
29,2026-08-20,Guadalajara,Meter_v3,20,1,6.3
29,2026-08-21,Guadalajara,Meter_v3,20,0,0.6
29,2026-08-22,Guadalajara,Meter_v3,20,1,6.2
29,2026-08-23,Guadalajara,Meter_v3,20,1,6.7
29,2026-08-24,Guadalajara,Meter_v3,20,1,11.3
29,2026-08-25,Guadalajara,Meter_v3,20,0,0.5
29,2026-08-26,Guadalajara,Meter_v3,20,1,7.4
29,2026-08-27,Guadalajara,Meter_v3,20,1,6.8
29,2026-08-28,Guadalajara,Meter_v3,20,1,7.7
29,2026-08-29,Guadalajara,Meter_v3,20,1,11.2
29,2026-08-30,Guadalajara,Meter_v3,20,1,6.0
29,2026-08-31,Guadalajara,Meter_v3,20,1,7.2
29,2026-09-01,Guadalajara,Meter_v3,20,0,1.1
30,2026-08-12,Puebla,Meter_v3,12,0,1.1
30,2026-08-13,Puebla,Meter_v3,12,1,7.0
30,2026-08-14,Puebla,Meter_v3,12,1,12.5
30,2026-08-15,Puebla,Meter_v3,12,1,10.2
30,2026-08-16,Puebla,Meter_v3,12,0,0.7
30,2026-08-17,Puebla,Meter_v3,12,1,10.4
30,2026-08-18,Puebla,Meter_v3,12,1,8.1
30,2026-08-19,Puebla,Meter_v3,12,1,8.1
30,2026-08-20,Puebla,Meter_v3,12,1,13.3
30,2026-08-21,Puebla,Meter_v3,12,1,13.8
30,2026-08-22,Puebla,Meter_v3,12,1,13.8
30,2026-08-23,Puebla,Meter_v3,12,0,0.8
30,2026-08-24,Puebla,Meter_v3,12,1,7.1
30,2026-08-25,Puebla,Meter_v3,12,1,12.1
30,2026-08-26,Puebla,Meter_v3,12,1,7.8
30,2026-08-27,Puebla,Meter_v3,12,1,6.3
30,2026-08-28,Puebla,Meter_v3,12,1,14.3
30,2026-08-29,Puebla,Meter_v3,12,1,13.7
30,2026-08-30,Puebla,Meter_v3,12,1,12.6
30,2026-08-31,Puebla,Meter_v3,12,1,14.8
30,2026-09-01,Puebla,Meter_v3,12,1,8.5
31,2026-08-12,Tijuana,Meter_v2,5,1,14.5
31,2026-08-13,Tijuana,Meter_v2,5,1,13.1
31,2026-08-14,Tijuana,Meter_v2,5,1,7.0
31,2026-08-15,Tijuana,Meter_v2,5,1,8.6
31,2026-08-16,Tijuana,Meter_v2,5,1,12.7
31,2026-08-17,Tijuana,Meter_v2,5,1,11.7
31,2026-08-18,Tijuana,Meter_v2,5,1,11.6
31,2026-08-19,Tijuana,Meter_v2,5,0,2.5
31,2026-08-20,Tijuana,Meter_v2,5,1,6.4
31,2026-08-21,Tijuana,Meter_v2,5,1,7.9
31,2026-08-22,Tijuana,Meter_v2,5,1,14.3
31,2026-08-23,Tijuana,Meter_v2,5,1,8.7
31,2026-08-24,Tijuana,Meter_v2,5,1,14.4
31,2026-08-25,Tijuana,Meter_v2,5,1,10.5
31,2026-08-26,Tijuana,Meter_v2,5,1,8.8
31,2026-08-27,Tijuana,Meter_v2,5,1,7.3
31,2026-08-28,Tijuana,Meter_v2,5,1,9.5
31,2026-08-29,Tijuana,Meter_v2,5,1,13.9
31,2026-08-30,Tijuana,Meter_v2,5,1,13.1
31,2026-08-31,Tijuana,Meter_v2,5,1,14.7
31,2026-09-01,Tijuana,Meter_v2,5,1,13.3
32,2026-08-12,CDMX,Meter_v3,13,1,7.9
32,2026-08-13,CDMX,Meter_v3,13,1,12.9
32,2026-08-14,CDMX,Meter_v3,13,1,14.7
32,2026-08-15,CDMX,Meter_v3,13,1,8.3
32,2026-08-16,CDMX,Meter_v3,13,1,7.2
32,2026-08-17,CDMX,Meter_v3,13,1,10.7
32,2026-08-18,CDMX,Meter_v3,13,1,9.9
32,2026-08-19,CDMX,Meter_v3,13,1,14.1
32,2026-08-20,CDMX,Meter_v3,13,1,12.9
32,2026-08-21,CDMX,Meter_v3,13,1,13.7
32,2026-08-22,CDMX,Meter_v3,13,1,6.7
32,2026-08-23,CDMX,Meter_v3,13,1,11.2
32,2026-08-24,CDMX,Meter_v3,13,1,8.1
32,2026-08-25,CDMX,Meter_v3,13,1,11.9
32,2026-08-26,CDMX,Meter_v3,13,1,7.0
32,2026-08-27,CDMX,Meter_v3,13,1,6.0
32,2026-08-28,CDMX,Meter_v3,13,1,9.7
32,2026-08-29,CDMX,Meter_v3,13,1,9.6
32,2026-08-30,CDMX,Meter_v3,13,1,8.4
32,2026-08-31,CDMX,Meter_v3,13,1,10.5
32,2026-09-01,CDMX,Meter_v3,13,1,12.4
33,2026-08-12,CDMX,Meter_v3,9,1,12.5
33,2026-08-13,CDMX,Meter_v3,9,1,10.5
33,2026-08-14,CDMX,Meter_v3,9,1,8.4
33,2026-08-15,CDMX,Meter_v3,9,1,8.3
33,2026-08-16,CDMX,Meter_v3,9,1,8.2
33,2026-08-17,CDMX,Meter_v3,9,1,9.4
33,2026-08-18,CDMX,Meter_v3,9,1,8.5
33,2026-08-19,CDMX,Meter_v3,9,1,9.0
33,2026-08-20,CDMX,Meter_v3,9,0,0.5
33,2026-08-21,CDMX,Meter_v3,9,1,11.9
33,2026-08-22,CDMX,Meter_v3,9,1,7.3
33,2026-08-23,CDMX,Meter_v3,9,1,13.4
33,2026-08-24,CDMX,Meter_v3,9,1,14.1
33,2026-08-25,CDMX,Meter_v3,9,1,6.3
33,2026-08-26,CDMX,Meter_v3,9,1,14.4
33,2026-08-27,CDMX,Meter_v3,9,1,14.0
33,2026-08-28,CDMX,Meter_v3,9,1,8.0
33,2026-08-29,CDMX,Meter_v3,9,1,13.6
33,2026-08-30,CDMX,Meter_v3,9,1,13.1
33,2026-08-31,CDMX,Meter_v3,9,1,14.2
33,2026-09-01,CDMX,Meter_v3,9,1,11.7
34,2026-08-12,Puebla,Meter_Audio_v1,12,1,11.6
34,2026-08-13,Puebla,Meter_Audio_v1,12,1,13.9
34,2026-08-14,Puebla,Meter_Audio_v1,12,1,8.3
34,2026-08-15,Puebla,Meter_Audio_v1,12,1,8.7
34,2026-08-16,Puebla,Meter_Audio_v1,12,1,8.2
34,2026-08-17,Puebla,Meter_Audio_v1,12,1,14.7
34,2026-08-18,Puebla,Meter_Audio_v1,12,1,12.1
34,2026-08-19,Puebla,Meter_Audio_v1,12,1,8.9
34,2026-08-20,Puebla,Meter_Audio_v1,12,1,9.8
34,2026-08-21,Puebla,Meter_Audio_v1,12,1,13.2
34,2026-08-22,Puebla,Meter_Audio_v1,12,1,12.1
34,2026-08-23,Puebla,Meter_Audio_v1,12,1,7.7
34,2026-08-24,Puebla,Meter_Audio_v1,12,0,1.3
34,2026-08-25,Puebla,Meter_Audio_v1,12,1,14.4
34,2026-08-26,Puebla,Meter_Audio_v1,12,1,6.2
34,2026-08-27,Puebla,Meter_Audio_v1,12,1,11.7
34,2026-08-28,Puebla,Meter_Audio_v1,12,1,10.1
34,2026-08-29,Puebla,Meter_Audio_v1,12,1,10.1
34,2026-08-30,Puebla,Meter_Audio_v1,12,1,9.7
34,2026-08-31,Puebla,Meter_Audio_v1,12,1,12.1
34,2026-09-01,Puebla,Meter_Audio_v1,12,0,2.2
35,2026-08-12,CDMX,Meter_v3,9,1,8.2
35,2026-08-13,CDMX,Meter_v3,9,1,11.1
35,2026-08-14,CDMX,Meter_v3,9,1,9.3
35,2026-08-15,CDMX,Meter_v3,9,1,14.3
35,2026-08-16,CDMX,Meter_v3,9,1,14.8
35,2026-08-17,CDMX,Meter_v3,9,1,12.4
35,2026-08-18,CDMX,Meter_v3,9,1,6.5
35,2026-08-19,CDMX,Meter_v3,9,1,9.9
35,2026-08-20,CDMX,Meter_v3,9,1,11.6
35,2026-08-21,CDMX,Meter_v3,9,1,13.0
35,2026-08-22,CDMX,Meter_v3,9,1,8.3
35,2026-08-23,CDMX,Meter_v3,9,1,6.6
35,2026-08-24,CDMX,Meter_v3,9,1,11.9
35,2026-08-25,CDMX,Meter_v3,9,1,6.4
35,2026-08-26,CDMX,Meter_v3,9,0,2.4
35,2026-08-27,CDMX,Meter_v3,9,1,14.9
35,2026-08-28,CDMX,Meter_v3,9,1,6.3
35,2026-08-29,CDMX,Meter_v3,9,1,10.2
35,2026-08-30,CDMX,Meter_v3,9,1,8.7
35,2026-08-31,CDMX,Meter_v3,9,1,14.7
35,2026-09-01,CDMX,Meter_v3,9,1,11.7
36,2026-08-12,Guadalajara,Meter_v3,33,1,13.4
36,2026-08-13,Guadalajara,Meter_v3,33,1,7.2
36,2026-08-14,Guadalajara,Meter_v3,33,1,10.8
36,2026-08-15,Guadalajara,Meter_v3,33,1,11.0
36,2026-08-16,Guadalajara,Meter_v3,33,1,13.0
36,2026-08-17,Guadalajara,Meter_v3,33,1,9.6
36,2026-08-18,Guadalajara,Meter_v3,33,1,9.1
36,2026-08-19,Guadalajara,Meter_v3,33,1,11.3
36,2026-08-20,Guadalajara,Meter_v3,33,1,6.6
36,2026-08-21,Guadalajara,Meter_v3,33,1,13.4
36,2026-08-22,Guadalajara,Meter_v3,33,1,11.2
36,2026-08-23,Guadalajara,Meter_v3,33,1,14.7
36,2026-08-24,Guadalajara,Meter_v3,33,1,13.3
36,2026-08-25,Guadalajara,Meter_v3,33,1,12.3
36,2026-08-26,Guadalajara,Meter_v3,33,1,12.0
36,2026-08-27,Guadalajara,Meter_v3,33,1,13.2
36,2026-08-28,Guadalajara,Meter_v3,33,0,2.3
36,2026-08-29,Guadalajara,Meter_v3,33,1,11.4
36,2026-08-30,Guadalajara,Meter_v3,33,0,1.5
36,2026-08-31,Guadalajara,Meter_v3,33,1,9.3
36,2026-09-01,Guadalajara,Meter_v3,33,1,6.6
37,2026-08-12,CDMX,Meter_Audio_v1,27,1,12.3
37,2026-08-13,CDMX,Meter_Audio_v1,27,1,6.8
37,2026-08-14,CDMX,Meter_Audio_v1,27,1,9.4
37,2026-08-15,CDMX,Meter_Audio_v1,27,1,6.1
37,2026-08-16,CDMX,Meter_Audio_v1,27,1,10.7
37,2026-08-17,CDMX,Meter_Audio_v1,27,1,7.3
37,2026-08-18,CDMX,Meter_Audio_v1,27,1,8.0
37,2026-08-19,CDMX,Meter_Audio_v1,27,1,6.9
37,2026-08-20,CDMX,Meter_Audio_v1,27,1,11.1
37,2026-08-21,CDMX,Meter_Audio_v1,27,1,12.4
37,2026-08-22,CDMX,Meter_Audio_v1,27,1,7.7
37,2026-08-23,CDMX,Meter_Audio_v1,27,1,7.2
37,2026-08-24,CDMX,Meter_Audio_v1,27,1,10.0
37,2026-08-25,CDMX,Meter_Audio_v1,27,1,11.1
37,2026-08-26,CDMX,Meter_Audio_v1,27,1,8.6
37,2026-08-27,CDMX,Meter_Audio_v1,27,1,13.8
37,2026-08-28,CDMX,Meter_Audio_v1,27,1,13.5
37,2026-08-29,CDMX,Meter_Audio_v1,27,0,1.7
37,2026-08-30,CDMX,Meter_Audio_v1,27,1,9.1
37,2026-08-31,CDMX,Meter_Audio_v1,27,1,13.1
37,2026-09-01,CDMX,Meter_Audio_v1,27,1,10.3
38,2026-08-12,Puebla,Meter_v2,7,1,14.1
38,2026-08-13,Puebla,Meter_v2,7,1,10.3
38,2026-08-14,Puebla,Meter_v2,7,0,0.6
38,2026-08-15,Puebla,Meter_v2,7,0,1.7
38,2026-08-16,Puebla,Meter_v2,7,1,8.6
38,2026-08-17,Puebla,Meter_v2,7,1,8.4
38,2026-08-18,Puebla,Meter_v2,7,1,7.5
38,2026-08-19,Puebla,Meter_v2,7,1,10.8
38,2026-08-20,Puebla,Meter_v2,7,1,6.6
38,2026-08-21,Puebla,Meter_v2,7,1,7.6
38,2026-08-22,Puebla,Meter_v2,7,0,2.5
38,2026-08-23,Puebla,Meter_v2,7,1,7.4
38,2026-08-24,Puebla,Meter_v2,7,1,10.4
38,2026-08-25,Puebla,Meter_v2,7,1,10.1
38,2026-08-26,Puebla,Meter_v2,7,1,14.3
38,2026-08-27,Puebla,Meter_v2,7,1,13.7
38,2026-08-28,Puebla,Meter_v2,7,1,6.7
38,2026-08-29,Puebla,Meter_v2,7,1,11.9
38,2026-08-30,Puebla,Meter_v2,7,1,12.0
38,2026-08-31,Puebla,Meter_v2,7,1,10.3
38,2026-09-01,Puebla,Meter_v2,7,1,9.5
39,2026-08-12,Monterrey,Meter_v3,16,1,13.9
39,2026-08-13,Monterrey,Meter_v3,16,1,7.1
39,2026-08-14,Monterrey,Meter_v3,16,1,12.8
39,2026-08-15,Monterrey,Meter_v3,16,1,6.7
39,2026-08-16,Monterrey,Meter_v3,16,1,14.6
39,2026-08-17,Monterrey,Meter_v3,16,1,7.5
39,2026-08-18,Monterrey,Meter_v3,16,1,11.5
39,2026-08-19,Monterrey,Meter_v3,16,1,12.3
39,2026-08-20,Monterrey,Meter_v3,16,1,10.1
39,2026-08-21,Monterrey,Meter_v3,16,1,12.6
39,2026-08-22,Monterrey,Meter_v3,16,1,11.5
39,2026-08-23,Monterrey,Meter_v3,16,0,3.0
39,2026-08-24,Monterrey,Meter_v3,16,1,12.5
39,2026-08-25,Monterrey,Meter_v3,16,1,8.8
39,2026-08-26,Monterrey,Meter_v3,16,0,2.8
39,2026-08-27,Monterrey,Meter_v3,16,1,7.8
39,2026-08-28,Monterrey,Meter_v3,16,0,0.6
39,2026-08-29,Monterrey,Meter_v3,16,1,8.3
39,2026-08-30,Monterrey,Meter_v3,16,0,0.7
39,2026-08-31,Monterrey,Meter_v3,16,1,14.8
39,2026-09-01,Monterrey,Meter_v3,16,0,3.0
40,2026-08-12,Guadalajara,Meter_v3,6,1,10.2
40,2026-08-13,Guadalajara,Meter_v3,6,1,13.4
40,2026-08-14,Guadalajara,Meter_v3,6,1,12.0
40,2026-08-15,Guadalajara,Meter_v3,6,1,11.9
40,2026-08-16,Guadalajara,Meter_v3,6,1,7.2
40,2026-08-17,Guadalajara,Meter_v3,6,1,13.6
40,2026-08-18,Guadalajara,Meter_v3,6,1,12.7
40,2026-08-19,Guadalajara,Meter_v3,6,1,11.0
40,2026-08-20,Guadalajara,Meter_v3,6,1,11.4
40,2026-08-21,Guadalajara,Meter_v3,6,1,13.1
40,2026-08-22,Guadalajara,Meter_v3,6,1,6.7
40,2026-08-23,Guadalajara,Meter_v3,6,1,7.8
40,2026-08-24,Guadalajara,Meter_v3,6,1,11.3
40,2026-08-25,Guadalajara,Meter_v3,6,1,8.3
40,2026-08-26,Guadalajara,Meter_v3,6,1,14.1
40,2026-08-27,Guadalajara,Meter_v3,6,1,9.6
40,2026-08-28,Guadalajara,Meter_v3,6,1,7.5
40,2026-08-29,Guadalajara,Meter_v3,6,1,13.6
40,2026-08-30,Guadalajara,Meter_v3,6,0,1.0
40,2026-08-31,Guadalajara,Meter_v3,6,1,13.0
40,2026-09-01,Guadalajara,Meter_v3,6,1,13.2
41,2026-08-12,Guadalajara,Meter_v2,11,1,12.8
41,2026-08-13,Guadalajara,Meter_v2,11,1,9.5
41,2026-08-14,Guadalajara,Meter_v2,11,1,8.9
41,2026-08-15,Guadalajara,Meter_v2,11,1,10.0
41,2026-08-16,Guadalajara,Meter_v2,11,1,9.6
41,2026-08-17,Guadalajara,Meter_v2,11,1,14.1
41,2026-08-18,Guadalajara,Meter_v2,11,1,12.8
41,2026-08-19,Guadalajara,Meter_v2,11,1,9.3
41,2026-08-20,Guadalajara,Meter_v2,11,0,1.5
41,2026-08-21,Guadalajara,Meter_v2,11,1,7.8
41,2026-08-22,Guadalajara,Meter_v2,11,1,6.8
41,2026-08-23,Guadalajara,Meter_v2,11,1,9.5
41,2026-08-24,Guadalajara,Meter_v2,11,1,10.8
41,2026-08-25,Guadalajara,Meter_v2,11,1,14.1
41,2026-08-26,Guadalajara,Meter_v2,11,1,7.9
41,2026-08-27,Guadalajara,Meter_v2,11,1,14.7
41,2026-08-28,Guadalajara,Meter_v2,11,1,10.8
41,2026-08-29,Guadalajara,Meter_v2,11,1,9.2
41,2026-08-30,Guadalajara,Meter_v2,11,1,6.5
41,2026-08-31,Guadalajara,Meter_v2,11,1,11.7
41,2026-09-01,Guadalajara,Meter_v2,11,1,14.5
42,2026-08-12,Guadalajara,Meter_v3,8,1,10.2
42,2026-08-13,Guadalajara,Meter_v3,8,1,12.3
42,2026-08-14,Guadalajara,Meter_v3,8,0,1.5
42,2026-08-15,Guadalajara,Meter_v3,8,1,13.2
42,2026-08-16,Guadalajara,Meter_v3,8,1,11.9
42,2026-08-17,Guadalajara,Meter_v3,8,1,7.1
42,2026-08-18,Guadalajara,Meter_v3,8,1,13.7
42,2026-08-19,Guadalajara,Meter_v3,8,1,9.1
42,2026-08-20,Guadalajara,Meter_v3,8,1,13.8
42,2026-08-21,Guadalajara,Meter_v3,8,1,11.5
42,2026-08-22,Guadalajara,Meter_v3,8,1,9.7
42,2026-08-23,Guadalajara,Meter_v3,8,1,12.2
42,2026-08-24,Guadalajara,Meter_v3,8,1,8.9
42,2026-08-25,Guadalajara,Meter_v3,8,1,6.8
42,2026-08-26,Guadalajara,Meter_v3,8,1,8.8
42,2026-08-27,Guadalajara,Meter_v3,8,1,14.5
42,2026-08-28,Guadalajara,Meter_v3,8,1,10.0
42,2026-08-29,Guadalajara,Meter_v3,8,1,11.5
42,2026-08-30,Guadalajara,Meter_v3,8,1,12.1
42,2026-08-31,Guadalajara,Meter_v3,8,1,9.8
42,2026-09-01,Guadalajara,Meter_v3,8,0,1.6
43,2026-08-12,Guadalajara,Meter_v2,20,1,7.8
43,2026-08-13,Guadalajara,Meter_v2,20,1,9.2
43,2026-08-14,Guadalajara,Meter_v2,20,1,12.4
43,2026-08-15,Guadalajara,Meter_v2,20,1,10.6
43,2026-08-16,Guadalajara,Meter_v2,20,1,13.6
43,2026-08-17,Guadalajara,Meter_v2,20,1,7.8
43,2026-08-18,Guadalajara,Meter_v2,20,1,8.1
43,2026-08-19,Guadalajara,Meter_v2,20,1,9.2
43,2026-08-20,Guadalajara,Meter_v2,20,1,6.5
43,2026-08-21,Guadalajara,Meter_v2,20,1,12.0
43,2026-08-22,Guadalajara,Meter_v2,20,1,10.4
43,2026-08-23,Guadalajara,Meter_v2,20,1,8.2
43,2026-08-24,Guadalajara,Meter_v2,20,1,8.9
43,2026-08-25,Guadalajara,Meter_v2,20,1,11.2
43,2026-08-26,Guadalajara,Meter_v2,20,1,9.7
43,2026-08-27,Guadalajara,Meter_v2,20,1,7.8
43,2026-08-28,Guadalajara,Meter_v2,20,1,11.4
43,2026-08-29,Guadalajara,Meter_v2,20,1,6.1
43,2026-08-30,Guadalajara,Meter_v2,20,1,8.5
43,2026-08-31,Guadalajara,Meter_v2,20,1,6.6
43,2026-09-01,Guadalajara,Meter_v2,20,0,1.2
44,2026-08-12,Monterrey,Meter_Audio_v1,9,1,8.1
44,2026-08-13,Monterrey,Meter_Audio_v1,9,1,7.3
44,2026-08-14,Monterrey,Meter_Audio_v1,9,1,7.7
44,2026-08-15,Monterrey,Meter_Audio_v1,9,1,13.9
44,2026-08-16,Monterrey,Meter_Audio_v1,9,0,0.9
44,2026-08-17,Monterrey,Meter_Audio_v1,9,1,10.3
44,2026-08-18,Monterrey,Meter_Audio_v1,9,1,14.8
44,2026-08-19,Monterrey,Meter_Audio_v1,9,1,12.6
44,2026-08-20,Monterrey,Meter_Audio_v1,9,1,8.9
44,2026-08-21,Monterrey,Meter_Audio_v1,9,0,2.6
44,2026-08-22,Monterrey,Meter_Audio_v1,9,0,0.2
44,2026-08-23,Monterrey,Meter_Audio_v1,9,1,10.7
44,2026-08-24,Monterrey,Meter_Audio_v1,9,1,6.3
44,2026-08-25,Monterrey,Meter_Audio_v1,9,1,8.5
44,2026-08-26,Monterrey,Meter_Audio_v1,9,1,12.3
44,2026-08-27,Monterrey,Meter_Audio_v1,9,1,7.7
44,2026-08-28,Monterrey,Meter_Audio_v1,9,1,12.5
44,2026-08-29,Monterrey,Meter_Audio_v1,9,1,11.1
44,2026-08-30,Monterrey,Meter_Audio_v1,9,1,12.8
44,2026-08-31,Monterrey,Meter_Audio_v1,9,1,12.2
44,2026-09-01,Monterrey,Meter_Audio_v1,9,1,9.0
45,2026-08-12,Guadalajara,Meter_v2,12,1,9.3
45,2026-08-13,Guadalajara,Meter_v2,12,1,13.8
45,2026-08-14,Guadalajara,Meter_v2,12,0,2.5
45,2026-08-15,Guadalajara,Meter_v2,12,1,13.0
45,2026-08-16,Guadalajara,Meter_v2,12,1,13.3
45,2026-08-17,Guadalajara,Meter_v2,12,0,2.2
45,2026-08-18,Guadalajara,Meter_v2,12,0,1.8
45,2026-08-19,Guadalajara,Meter_v2,12,1,10.6
45,2026-08-20,Guadalajara,Meter_v2,12,1,12.2
45,2026-08-21,Guadalajara,Meter_v2,12,1,6.0
45,2026-08-22,Guadalajara,Meter_v2,12,1,12.5
45,2026-08-23,Guadalajara,Meter_v2,12,1,14.9
45,2026-08-24,Guadalajara,Meter_v2,12,0,1.3
45,2026-08-25,Guadalajara,Meter_v2,12,1,14.0
45,2026-08-26,Guadalajara,Meter_v2,12,1,9.6
45,2026-08-27,Guadalajara,Meter_v2,12,1,9.8
45,2026-08-28,Guadalajara,Meter_v2,12,0,1.7
45,2026-08-29,Guadalajara,Meter_v2,12,1,6.1
45,2026-08-30,Guadalajara,Meter_v2,12,1,12.4
45,2026-08-31,Guadalajara,Meter_v2,12,1,12.2
45,2026-09-01,Guadalajara,Meter_v2,12,1,7.1
46,2026-08-12,CDMX,Meter_Audio_v1,23,1,7.3
46,2026-08-13,CDMX,Meter_Audio_v1,23,1,7.7
46,2026-08-14,CDMX,Meter_Audio_v1,23,1,6.5
46,2026-08-15,CDMX,Meter_Audio_v1,23,1,10.6
46,2026-08-16,CDMX,Meter_Audio_v1,23,1,6.9
46,2026-08-17,CDMX,Meter_Audio_v1,23,1,12.0
46,2026-08-18,CDMX,Meter_Audio_v1,23,1,11.9
46,2026-08-19,CDMX,Meter_Audio_v1,23,1,11.3
46,2026-08-20,CDMX,Meter_Audio_v1,23,1,10.1
46,2026-08-21,CDMX,Meter_Audio_v1,23,1,6.9
46,2026-08-22,CDMX,Meter_Audio_v1,23,1,10.5
46,2026-08-23,CDMX,Meter_Audio_v1,23,1,11.8
46,2026-08-24,CDMX,Meter_Audio_v1,23,1,14.0
46,2026-08-25,CDMX,Meter_Audio_v1,23,1,7.8
46,2026-08-26,CDMX,Meter_Audio_v1,23,1,14.2
46,2026-08-27,CDMX,Meter_Audio_v1,23,1,6.1
46,2026-08-28,CDMX,Meter_Audio_v1,23,1,7.5
46,2026-08-29,CDMX,Meter_Audio_v1,23,1,8.9
46,2026-08-30,CDMX,Meter_Audio_v1,23,1,6.2
46,2026-08-31,CDMX,Meter_Audio_v1,23,1,8.3
46,2026-09-01,CDMX,Meter_Audio_v1,23,1,6.9
47,2026-08-12,Puebla,Meter_Audio_v1,10,1,12.9
47,2026-08-13,Puebla,Meter_Audio_v1,10,1,11.8
47,2026-08-14,Puebla,Meter_Audio_v1,10,1,7.0
47,2026-08-15,Puebla,Meter_Audio_v1,10,1,14.8
47,2026-08-16,Puebla,Meter_Audio_v1,10,1,9.1
47,2026-08-17,Puebla,Meter_Audio_v1,10,1,13.0
47,2026-08-18,Puebla,Meter_Audio_v1,10,0,1.2
47,2026-08-19,Puebla,Meter_Audio_v1,10,1,7.2
47,2026-08-20,Puebla,Meter_Audio_v1,10,1,14.3
47,2026-08-21,Puebla,Meter_Audio_v1,10,1,14.4
47,2026-08-22,Puebla,Meter_Audio_v1,10,1,11.9
47,2026-08-23,Puebla,Meter_Audio_v1,10,1,9.6
47,2026-08-24,Puebla,Meter_Audio_v1,10,1,8.1
47,2026-08-25,Puebla,Meter_Audio_v1,10,1,9.9
47,2026-08-26,Puebla,Meter_Audio_v1,10,1,12.6
47,2026-08-27,Puebla,Meter_Audio_v1,10,1,13.8
47,2026-08-28,Puebla,Meter_Audio_v1,10,1,10.5
47,2026-08-29,Puebla,Meter_Audio_v1,10,1,6.5
47,2026-08-30,Puebla,Meter_Audio_v1,10,1,10.8
47,2026-08-31,Puebla,Meter_Audio_v1,10,1,9.8
47,2026-09-01,Puebla,Meter_Audio_v1,10,1,7.6
48,2026-08-12,Monterrey,Meter_v2,43,1,8.8
48,2026-08-13,Monterrey,Meter_v2,43,1,13.4
48,2026-08-14,Monterrey,Meter_v2,43,1,11.3
48,2026-08-15,Monterrey,Meter_v2,43,1,11.9
48,2026-08-16,Monterrey,Meter_v2,43,1,9.5
48,2026-08-17,Monterrey,Meter_v2,43,1,11.4
48,2026-08-18,Monterrey,Meter_v2,43,1,13.3
48,2026-08-19,Monterrey,Meter_v2,43,1,8.3
48,2026-08-20,Monterrey,Meter_v2,43,0,1.0
48,2026-08-21,Monterrey,Meter_v2,43,1,7.8
48,2026-08-22,Monterrey,Meter_v2,43,1,8.1
48,2026-08-23,Monterrey,Meter_v2,43,1,10.1
48,2026-08-24,Monterrey,Meter_v2,43,1,14.5
48,2026-08-25,Monterrey,Meter_v2,43,1,8.1
48,2026-08-26,Monterrey,Meter_v2,43,1,14.3
48,2026-08-27,Monterrey,Meter_v2,43,1,9.8
48,2026-08-28,Monterrey,Meter_v2,43,1,14.1
48,2026-08-29,Monterrey,Meter_v2,43,1,6.2
48,2026-08-30,Monterrey,Meter_v2,43,1,12.2
48,2026-08-31,Monterrey,Meter_v2,43,1,9.9
48,2026-09-01,Monterrey,Meter_v2,43,1,14.0
49,2026-08-12,Monterrey,Meter_Audio_v1,4,1,7.3
49,2026-08-13,Monterrey,Meter_Audio_v1,4,1,14.3
49,2026-08-14,Monterrey,Meter_Audio_v1,4,1,8.8
49,2026-08-15,Monterrey,Meter_Audio_v1,4,1,12.0
49,2026-08-16,Monterrey,Meter_Audio_v1,4,1,9.3
49,2026-08-17,Monterrey,Meter_Audio_v1,4,1,7.3
49,2026-08-18,Monterrey,Meter_Audio_v1,4,1,14.0
49,2026-08-19,Monterrey,Meter_Audio_v1,4,1,7.9
49,2026-08-20,Monterrey,Meter_Audio_v1,4,1,6.2
49,2026-08-21,Monterrey,Meter_Audio_v1,4,1,7.9
49,2026-08-22,Monterrey,Meter_Audio_v1,4,1,11.9
49,2026-08-23,Monterrey,Meter_Audio_v1,4,1,9.1
49,2026-08-24,Monterrey,Meter_Audio_v1,4,1,7.9
49,2026-08-25,Monterrey,Meter_Audio_v1,4,1,6.9
49,2026-08-26,Monterrey,Meter_Audio_v1,4,1,11.9
49,2026-08-27,Monterrey,Meter_Audio_v1,4,1,10.0
49,2026-08-28,Monterrey,Meter_Audio_v1,4,1,12.6
49,2026-08-29,Monterrey,Meter_Audio_v1,4,1,14.8
49,2026-08-30,Monterrey,Meter_Audio_v1,4,1,11.0
49,2026-08-31,Monterrey,Meter_Audio_v1,4,1,10.5
49,2026-09-01,Monterrey,Meter_Audio_v1,4,1,12.4
50,2026-08-12,Tijuana,Meter_v2,25,1,14.2
50,2026-08-13,Tijuana,Meter_v2,25,1,13.1
50,2026-08-14,Tijuana,Meter_v2,25,1,9.7
50,2026-08-15,Tijuana,Meter_v2,25,1,13.7
50,2026-08-16,Tijuana,Meter_v2,25,1,14.7
50,2026-08-17,Tijuana,Meter_v2,25,1,12.9
50,2026-08-18,Tijuana,Meter_v2,25,1,6.2
50,2026-08-19,Tijuana,Meter_v2,25,1,11.7
50,2026-08-20,Tijuana,Meter_v2,25,1,14.0
50,2026-08-21,Tijuana,Meter_v2,25,1,7.0
50,2026-08-22,Tijuana,Meter_v2,25,1,10.5
50,2026-08-23,Tijuana,Meter_v2,25,1,11.3
50,2026-08-24,Tijuana,Meter_v2,25,0,2.2
50,2026-08-25,Tijuana,Meter_v2,25,1,14.3
50,2026-08-26,Tijuana,Meter_v2,25,1,14.5
50,2026-08-27,Tijuana,Meter_v2,25,1,12.8
50,2026-08-28,Tijuana,Meter_v2,25,1,7.0
50,2026-08-29,Tijuana,Meter_v2,25,1,14.8
50,2026-08-30,Tijuana,Meter_v2,25,1,8.0
50,2026-08-31,Tijuana,Meter_v2,25,1,11.8
50,2026-09-01,Tijuana,Meter_v2,25,1,14.6
51,2026-08-12,Guadalajara,Meter_v2,10,1,10.3
51,2026-08-13,Guadalajara,Meter_v2,10,1,13.5
51,2026-08-14,Guadalajara,Meter_v2,10,1,10.4
51,2026-08-15,Guadalajara,Meter_v2,10,1,11.4
51,2026-08-16,Guadalajara,Meter_v2,10,0,0.5
51,2026-08-17,Guadalajara,Meter_v2,10,1,8.7
51,2026-08-18,Guadalajara,Meter_v2,10,1,13.7
51,2026-08-19,Guadalajara,Meter_v2,10,1,7.4
51,2026-08-20,Guadalajara,Meter_v2,10,0,0.7
51,2026-08-21,Guadalajara,Meter_v2,10,1,11.5
51,2026-08-22,Guadalajara,Meter_v2,10,1,10.5
51,2026-08-23,Guadalajara,Meter_v2,10,1,12.5
51,2026-08-24,Guadalajara,Meter_v2,10,1,10.0
51,2026-08-25,Guadalajara,Meter_v2,10,1,13.8
51,2026-08-26,Guadalajara,Meter_v2,10,1,9.6
51,2026-08-27,Guadalajara,Meter_v2,10,1,6.6
51,2026-08-28,Guadalajara,Meter_v2,10,1,11.7
51,2026-08-29,Guadalajara,Meter_v2,10,1,12.0
51,2026-08-30,Guadalajara,Meter_v2,10,1,14.8
51,2026-08-31,Guadalajara,Meter_v2,10,0,2.9
51,2026-09-01,Guadalajara,Meter_v2,10,1,10.0
52,2026-08-12,Guadalajara,Meter_v3,11,1,10.8
52,2026-08-13,Guadalajara,Meter_v3,11,0,2.7
52,2026-08-14,Guadalajara,Meter_v3,11,1,12.4
52,2026-08-15,Guadalajara,Meter_v3,11,1,7.4
52,2026-08-16,Guadalajara,Meter_v3,11,1,8.4
52,2026-08-17,Guadalajara,Meter_v3,11,1,11.0
52,2026-08-18,Guadalajara,Meter_v3,11,1,12.9
52,2026-08-19,Guadalajara,Meter_v3,11,1,10.4
52,2026-08-20,Guadalajara,Meter_v3,11,1,10.7
52,2026-08-21,Guadalajara,Meter_v3,11,0,1.4
52,2026-08-22,Guadalajara,Meter_v3,11,1,7.0
52,2026-08-23,Guadalajara,Meter_v3,11,1,8.5
52,2026-08-24,Guadalajara,Meter_v3,11,1,10.3
52,2026-08-25,Guadalajara,Meter_v3,11,1,8.8
52,2026-08-26,Guadalajara,Meter_v3,11,1,11.8
52,2026-08-27,Guadalajara,Meter_v3,11,1,7.5
52,2026-08-28,Guadalajara,Meter_v3,11,1,12.5
52,2026-08-29,Guadalajara,Meter_v3,11,0,1.1
52,2026-08-30,Guadalajara,Meter_v3,11,1,10.5
52,2026-08-31,Guadalajara,Meter_v3,11,1,12.8
52,2026-09-01,Guadalajara,Meter_v3,11,1,12.5
53,2026-08-12,CDMX,Meter_v2,19,1,8.8
53,2026-08-13,CDMX,Meter_v2,19,1,13.1
53,2026-08-14,CDMX,Meter_v2,19,1,11.5
53,2026-08-15,CDMX,Meter_v2,19,0,0.4
53,2026-08-16,CDMX,Meter_v2,19,1,10.7
53,2026-08-17,CDMX,Meter_v2,19,1,14.4
53,2026-08-18,CDMX,Meter_v2,19,0,2.4
53,2026-08-19,CDMX,Meter_v2,19,1,6.6
53,2026-08-20,CDMX,Meter_v2,19,1,14.7
53,2026-08-21,CDMX,Meter_v2,19,1,9.4
53,2026-08-22,CDMX,Meter_v2,19,1,11.3
53,2026-08-23,CDMX,Meter_v2,19,1,7.4
53,2026-08-24,CDMX,Meter_v2,19,1,10.9
53,2026-08-25,CDMX,Meter_v2,19,1,15.0
53,2026-08-26,CDMX,Meter_v2,19,1,7.4
53,2026-08-27,CDMX,Meter_v2,19,1,8.2
53,2026-08-28,CDMX,Meter_v2,19,1,9.3
53,2026-08-29,CDMX,Meter_v2,19,1,9.1
53,2026-08-30,CDMX,Meter_v2,19,1,13.3
53,2026-08-31,CDMX,Meter_v2,19,1,8.4
53,2026-09-01,CDMX,Meter_v2,19,1,9.0
54,2026-08-12,Guadalajara,Meter_v2,14,1,9.8
54,2026-08-13,Guadalajara,Meter_v2,14,1,13.5
54,2026-08-14,Guadalajara,Meter_v2,14,1,9.0
54,2026-08-15,Guadalajara,Meter_v2,14,1,10.7
54,2026-08-16,Guadalajara,Meter_v2,14,1,10.6
54,2026-08-17,Guadalajara,Meter_v2,14,1,10.0
54,2026-08-18,Guadalajara,Meter_v2,14,1,14.8
54,2026-08-19,Guadalajara,Meter_v2,14,1,11.2
54,2026-08-20,Guadalajara,Meter_v2,14,1,14.7
54,2026-08-21,Guadalajara,Meter_v2,14,1,8.7
54,2026-08-22,Guadalajara,Meter_v2,14,0,2.8
54,2026-08-23,Guadalajara,Meter_v2,14,1,11.4
54,2026-08-24,Guadalajara,Meter_v2,14,1,10.4
54,2026-08-25,Guadalajara,Meter_v2,14,1,9.2
54,2026-08-26,Guadalajara,Meter_v2,14,1,10.6
54,2026-08-27,Guadalajara,Meter_v2,14,1,12.4
54,2026-08-28,Guadalajara,Meter_v2,14,1,7.9
54,2026-08-29,Guadalajara,Meter_v2,14,1,6.0
54,2026-08-30,Guadalajara,Meter_v2,14,0,2.0
54,2026-08-31,Guadalajara,Meter_v2,14,0,3.0
54,2026-09-01,Guadalajara,Meter_v2,14,1,14.0
55,2026-08-12,Monterrey,Meter_v3,10,1,8.4
55,2026-08-13,Monterrey,Meter_v3,10,1,10.5
55,2026-08-14,Monterrey,Meter_v3,10,1,8.2
55,2026-08-15,Monterrey,Meter_v3,10,1,11.6
55,2026-08-16,Monterrey,Meter_v3,10,1,7.5
55,2026-08-17,Monterrey,Meter_v3,10,1,9.3
55,2026-08-18,Monterrey,Meter_v3,10,1,14.7
55,2026-08-19,Monterrey,Meter_v3,10,1,8.2
55,2026-08-20,Monterrey,Meter_v3,10,1,11.0
55,2026-08-21,Monterrey,Meter_v3,10,1,14.0
55,2026-08-22,Monterrey,Meter_v3,10,1,15.0
55,2026-08-23,Monterrey,Meter_v3,10,1,8.5
55,2026-08-24,Monterrey,Meter_v3,10,1,6.2
55,2026-08-25,Monterrey,Meter_v3,10,1,7.6
55,2026-08-26,Monterrey,Meter_v3,10,0,2.7
55,2026-08-27,Monterrey,Meter_v3,10,1,14.9
55,2026-08-28,Monterrey,Meter_v3,10,1,10.3
55,2026-08-29,Monterrey,Meter_v3,10,0,0.1
55,2026-08-30,Monterrey,Meter_v3,10,1,13.1
55,2026-08-31,Monterrey,Meter_v3,10,0,2.5
55,2026-09-01,Monterrey,Meter_v3,10,0,2.4
56,2026-08-12,Tijuana,Meter_v3,1,0,1.7
56,2026-08-13,Tijuana,Meter_v3,1,1,14.9
56,2026-08-14,Tijuana,Meter_v3,1,1,8.2
56,2026-08-15,Tijuana,Meter_v3,1,1,9.1
56,2026-08-16,Tijuana,Meter_v3,1,1,12.0
56,2026-08-17,Tijuana,Meter_v3,1,1,12.2
56,2026-08-18,Tijuana,Meter_v3,1,1,10.6
56,2026-08-19,Tijuana,Meter_v3,1,1,7.5
56,2026-08-20,Tijuana,Meter_v3,1,1,7.7
56,2026-08-21,Tijuana,Meter_v3,1,1,11.8
56,2026-08-22,Tijuana,Meter_v3,1,1,12.0
56,2026-08-23,Tijuana,Meter_v3,1,1,8.7
56,2026-08-24,Tijuana,Meter_v3,1,1,11.8
56,2026-08-25,Tijuana,Meter_v3,1,1,14.7
56,2026-08-26,Tijuana,Meter_v3,1,1,7.0
56,2026-08-27,Tijuana,Meter_v3,1,1,11.3
56,2026-08-28,Tijuana,Meter_v3,1,0,1.7
56,2026-08-29,Tijuana,Meter_v3,1,1,7.3
56,2026-08-30,Tijuana,Meter_v3,1,1,10.5
56,2026-08-31,Tijuana,Meter_v3,1,1,6.4
56,2026-09-01,Tijuana,Meter_v3,1,1,12.1
57,2026-08-12,CDMX,Meter_v3,2,1,6.7
57,2026-08-13,CDMX,Meter_v3,2,1,13.2
57,2026-08-14,CDMX,Meter_v3,2,1,10.0
57,2026-08-15,CDMX,Meter_v3,2,1,13.2
57,2026-08-16,CDMX,Meter_v3,2,0,0.9
57,2026-08-17,CDMX,Meter_v3,2,1,12.0
57,2026-08-18,CDMX,Meter_v3,2,0,0.6
57,2026-08-19,CDMX,Meter_v3,2,1,13.4
57,2026-08-20,CDMX,Meter_v3,2,0,2.3
57,2026-08-21,CDMX,Meter_v3,2,1,6.8
57,2026-08-22,CDMX,Meter_v3,2,1,13.3
57,2026-08-23,CDMX,Meter_v3,2,1,12.2
57,2026-08-24,CDMX,Meter_v3,2,1,10.3
57,2026-08-25,CDMX,Meter_v3,2,1,14.1
57,2026-08-26,CDMX,Meter_v3,2,1,9.3
57,2026-08-27,CDMX,Meter_v3,2,1,13.8
57,2026-08-28,CDMX,Meter_v3,2,1,7.9
57,2026-08-29,CDMX,Meter_v3,2,1,15.0
57,2026-08-30,CDMX,Meter_v3,2,1,14.6
57,2026-08-31,CDMX,Meter_v3,2,1,6.7
57,2026-09-01,CDMX,Meter_v3,2,1,8.4
58,2026-08-12,CDMX,Meter_v2,23,0,0.3
58,2026-08-13,CDMX,Meter_v2,23,1,8.8
58,2026-08-14,CDMX,Meter_v2,23,1,9.8
58,2026-08-15,CDMX,Meter_v2,23,1,9.1
58,2026-08-16,CDMX,Meter_v2,23,0,2.3
58,2026-08-17,CDMX,Meter_v2,23,1,11.6
58,2026-08-18,CDMX,Meter_v2,23,1,7.6
58,2026-08-19,CDMX,Meter_v2,23,1,6.7
58,2026-08-20,CDMX,Meter_v2,23,1,11.4
58,2026-08-21,CDMX,Meter_v2,23,1,7.6
58,2026-08-22,CDMX,Meter_v2,23,1,7.6
58,2026-08-23,CDMX,Meter_v2,23,1,14.3
58,2026-08-24,CDMX,Meter_v2,23,1,11.1
58,2026-08-25,CDMX,Meter_v2,23,1,9.5
58,2026-08-26,CDMX,Meter_v2,23,1,6.9
58,2026-08-27,CDMX,Meter_v2,23,0,1.4
58,2026-08-28,CDMX,Meter_v2,23,1,9.4
58,2026-08-29,CDMX,Meter_v2,23,1,13.9
58,2026-08-30,CDMX,Meter_v2,23,1,14.8
58,2026-08-31,CDMX,Meter_v2,23,1,8.4
58,2026-09-01,CDMX,Meter_v2,23,1,13.8
59,2026-08-12,Tijuana,Meter_v3,14,1,9.3
59,2026-08-13,Tijuana,Meter_v3,14,1,11.6
59,2026-08-14,Tijuana,Meter_v3,14,0,1.0
59,2026-08-15,Tijuana,Meter_v3,14,1,14.7
59,2026-08-16,Tijuana,Meter_v3,14,1,13.2
59,2026-08-17,Tijuana,Meter_v3,14,1,6.9
59,2026-08-18,Tijuana,Meter_v3,14,1,10.4
59,2026-08-19,Tijuana,Meter_v3,14,1,8.1
59,2026-08-20,Tijuana,Meter_v3,14,1,7.4
59,2026-08-21,Tijuana,Meter_v3,14,1,8.5
59,2026-08-22,Tijuana,Meter_v3,14,1,14.4
59,2026-08-23,Tijuana,Meter_v3,14,1,12.6
59,2026-08-24,Tijuana,Meter_v3,14,1,14.3
59,2026-08-25,Tijuana,Meter_v3,14,1,6.9
59,2026-08-26,Tijuana,Meter_v3,14,1,12.9
59,2026-08-27,Tijuana,Meter_v3,14,1,7.1
59,2026-08-28,Tijuana,Meter_v3,14,1,14.2
59,2026-08-29,Tijuana,Meter_v3,14,1,12.4
59,2026-08-30,Tijuana,Meter_v3,14,1,12.7
59,2026-08-31,Tijuana,Meter_v3,14,1,10.0
59,2026-09-01,Tijuana,Meter_v3,14,1,7.0
60,2026-08-12,Tijuana,Meter_v3,22,1,12.6
60,2026-08-13,Tijuana,Meter_v3,22,1,14.8
60,2026-08-14,Tijuana,Meter_v3,22,1,12.7
60,2026-08-15,Tijuana,Meter_v3,22,1,6.3
60,2026-08-16,Tijuana,Meter_v3,22,1,10.0
60,2026-08-17,Tijuana,Meter_v3,22,0,1.1
60,2026-08-18,Tijuana,Meter_v3,22,1,9.5
60,2026-08-19,Tijuana,Meter_v3,22,1,13.5
60,2026-08-20,Tijuana,Meter_v3,22,1,13.4
60,2026-08-21,Tijuana,Meter_v3,22,1,6.1
60,2026-08-22,Tijuana,Meter_v3,22,1,11.0
60,2026-08-23,Tijuana,Meter_v3,22,1,12.8
60,2026-08-24,Tijuana,Meter_v3,22,1,7.2
60,2026-08-25,Tijuana,Meter_v3,22,1,8.9
60,2026-08-26,Tijuana,Meter_v3,22,1,14.9
60,2026-08-27,Tijuana,Meter_v3,22,1,6.9
60,2026-08-28,Tijuana,Meter_v3,22,1,9.0
60,2026-08-29,Tijuana,Meter_v3,22,1,6.6
60,2026-08-30,Tijuana,Meter_v3,22,1,14.2
60,2026-08-31,Tijuana,Meter_v3,22,1,8.2
60,2026-09-01,Tijuana,Meter_v3,22,1,12.9
61,2026-08-12,Monterrey,Meter_v2,57,1,7.0
61,2026-08-13,Monterrey,Meter_v2,57,1,11.3
61,2026-08-14,Monterrey,Meter_v2,57,1,11.5
61,2026-08-15,Monterrey,Meter_v2,57,1,12.6
61,2026-08-16,Monterrey,Meter_v2,57,1,6.3
61,2026-08-17,Monterrey,Meter_v2,57,1,12.1
61,2026-08-18,Monterrey,Meter_v2,57,0,2.8
61,2026-08-19,Monterrey,Meter_v2,57,1,12.8
61,2026-08-20,Monterrey,Meter_v2,57,1,7.9
61,2026-08-21,Monterrey,Meter_v2,57,1,14.9
61,2026-08-22,Monterrey,Meter_v2,57,1,8.1
61,2026-08-23,Monterrey,Meter_v2,57,1,13.4
61,2026-08-24,Monterrey,Meter_v2,57,1,14.0
61,2026-08-25,Monterrey,Meter_v2,57,1,8.9
61,2026-08-26,Monterrey,Meter_v2,57,0,1.5
61,2026-08-27,Monterrey,Meter_v2,57,1,6.4
61,2026-08-28,Monterrey,Meter_v2,57,0,2.4
61,2026-08-29,Monterrey,Meter_v2,57,1,6.4
61,2026-08-30,Monterrey,Meter_v2,57,0,0.7
61,2026-08-31,Monterrey,Meter_v2,57,1,10.4
61,2026-09-01,Monterrey,Meter_v2,57,1,6.6
62,2026-08-12,Guadalajara,Meter_v3,21,1,9.5
62,2026-08-13,Guadalajara,Meter_v3,21,0,2.1
62,2026-08-14,Guadalajara,Meter_v3,21,1,10.3
62,2026-08-15,Guadalajara,Meter_v3,21,1,13.0
62,2026-08-16,Guadalajara,Meter_v3,21,1,9.6
62,2026-08-17,Guadalajara,Meter_v3,21,1,12.6
62,2026-08-18,Guadalajara,Meter_v3,21,1,8.7
62,2026-08-19,Guadalajara,Meter_v3,21,1,14.7
62,2026-08-20,Guadalajara,Meter_v3,21,1,13.5
62,2026-08-21,Guadalajara,Meter_v3,21,1,11.5
62,2026-08-22,Guadalajara,Meter_v3,21,1,6.3
62,2026-08-23,Guadalajara,Meter_v3,21,1,14.9
62,2026-08-24,Guadalajara,Meter_v3,21,1,12.4
62,2026-08-25,Guadalajara,Meter_v3,21,1,7.0
62,2026-08-26,Guadalajara,Meter_v3,21,1,10.6
62,2026-08-27,Guadalajara,Meter_v3,21,1,14.7
62,2026-08-28,Guadalajara,Meter_v3,21,1,12.4
62,2026-08-29,Guadalajara,Meter_v3,21,1,10.9
62,2026-08-30,Guadalajara,Meter_v3,21,0,0.8
62,2026-08-31,Guadalajara,Meter_v3,21,1,9.0
62,2026-09-01,Guadalajara,Meter_v3,21,1,9.8
63,2026-08-12,Guadalajara,Meter_v2,1,1,9.3
63,2026-08-13,Guadalajara,Meter_v2,1,1,14.0
63,2026-08-14,Guadalajara,Meter_v2,1,1,8.7
63,2026-08-15,Guadalajara,Meter_v2,1,1,11.3
63,2026-08-16,Guadalajara,Meter_v2,1,1,12.1
63,2026-08-17,Guadalajara,Meter_v2,1,1,10.2
63,2026-08-18,Guadalajara,Meter_v2,1,1,14.1
63,2026-08-19,Guadalajara,Meter_v2,1,1,13.0
63,2026-08-20,Guadalajara,Meter_v2,1,1,12.0
63,2026-08-21,Guadalajara,Meter_v2,1,1,11.2
63,2026-08-22,Guadalajara,Meter_v2,1,1,8.3
63,2026-08-23,Guadalajara,Meter_v2,1,1,8.9
63,2026-08-24,Guadalajara,Meter_v2,1,1,14.6
63,2026-08-25,Guadalajara,Meter_v2,1,1,10.0
63,2026-08-26,Guadalajara,Meter_v2,1,1,6.1
63,2026-08-27,Guadalajara,Meter_v2,1,1,12.6
63,2026-08-28,Guadalajara,Meter_v2,1,1,7.1
63,2026-08-29,Guadalajara,Meter_v2,1,1,7.9
63,2026-08-30,Guadalajara,Meter_v2,1,1,12.1
63,2026-08-31,Guadalajara,Meter_v2,1,1,6.8
63,2026-09-01,Guadalajara,Meter_v2,1,1,10.6
64,2026-08-12,Guadalajara,Meter_v2,7,1,7.6
64,2026-08-13,Guadalajara,Meter_v2,7,1,13.9
64,2026-08-14,Guadalajara,Meter_v2,7,1,13.2
64,2026-08-15,Guadalajara,Meter_v2,7,1,12.4
64,2026-08-16,Guadalajara,Meter_v2,7,1,11.1
64,2026-08-17,Guadalajara,Meter_v2,7,1,6.5
64,2026-08-18,Guadalajara,Meter_v2,7,1,7.5
64,2026-08-19,Guadalajara,Meter_v2,7,1,12.9
64,2026-08-20,Guadalajara,Meter_v2,7,1,11.9
64,2026-08-21,Guadalajara,Meter_v2,7,1,10.4
64,2026-08-22,Guadalajara,Meter_v2,7,1,14.8
64,2026-08-23,Guadalajara,Meter_v2,7,1,10.6
64,2026-08-24,Guadalajara,Meter_v2,7,1,6.8
64,2026-08-25,Guadalajara,Meter_v2,7,1,14.0
64,2026-08-26,Guadalajara,Meter_v2,7,1,11.1
64,2026-08-27,Guadalajara,Meter_v2,7,1,14.6
64,2026-08-28,Guadalajara,Meter_v2,7,0,1.7
64,2026-08-29,Guadalajara,Meter_v2,7,1,14.2
64,2026-08-30,Guadalajara,Meter_v2,7,1,13.3
64,2026-08-31,Guadalajara,Meter_v2,7,1,8.1
64,2026-09-01,Guadalajara,Meter_v2,7,1,8.6
65,2026-08-12,Monterrey,Meter_v2,17,1,14.2
65,2026-08-13,Monterrey,Meter_v2,17,1,9.5
65,2026-08-14,Monterrey,Meter_v2,17,1,10.5
65,2026-08-15,Monterrey,Meter_v2,17,1,14.6
65,2026-08-16,Monterrey,Meter_v2,17,1,7.6
65,2026-08-17,Monterrey,Meter_v2,17,1,7.6
65,2026-08-18,Monterrey,Meter_v2,17,1,11.5
65,2026-08-19,Monterrey,Meter_v2,17,1,13.5
65,2026-08-20,Monterrey,Meter_v2,17,1,12.3
65,2026-08-21,Monterrey,Meter_v2,17,1,14.0
65,2026-08-22,Monterrey,Meter_v2,17,1,10.0
65,2026-08-23,Monterrey,Meter_v2,17,1,14.2
65,2026-08-24,Monterrey,Meter_v2,17,1,9.5
65,2026-08-25,Monterrey,Meter_v2,17,1,12.4
65,2026-08-26,Monterrey,Meter_v2,17,1,7.2
65,2026-08-27,Monterrey,Meter_v2,17,1,12.9
65,2026-08-28,Monterrey,Meter_v2,17,1,10.6
65,2026-08-29,Monterrey,Meter_v2,17,1,8.0
65,2026-08-30,Monterrey,Meter_v2,17,1,6.8
65,2026-08-31,Monterrey,Meter_v2,17,1,14.9
65,2026-09-01,Monterrey,Meter_v2,17,1,6.5
66,2026-08-12,Guadalajara,Meter_v2,5,1,12.1
66,2026-08-13,Guadalajara,Meter_v2,5,1,12.9
66,2026-08-14,Guadalajara,Meter_v2,5,1,6.2
66,2026-08-15,Guadalajara,Meter_v2,5,1,10.7
66,2026-08-16,Guadalajara,Meter_v2,5,1,9.2
66,2026-08-17,Guadalajara,Meter_v2,5,1,9.7
66,2026-08-18,Guadalajara,Meter_v2,5,1,7.0
66,2026-08-19,Guadalajara,Meter_v2,5,0,0.4
66,2026-08-20,Guadalajara,Meter_v2,5,1,12.4
66,2026-08-21,Guadalajara,Meter_v2,5,1,13.8
66,2026-08-22,Guadalajara,Meter_v2,5,1,14.7
66,2026-08-23,Guadalajara,Meter_v2,5,1,13.1
66,2026-08-24,Guadalajara,Meter_v2,5,1,11.7
66,2026-08-25,Guadalajara,Meter_v2,5,1,13.4
66,2026-08-26,Guadalajara,Meter_v2,5,1,7.7
66,2026-08-27,Guadalajara,Meter_v2,5,1,9.5
66,2026-08-28,Guadalajara,Meter_v2,5,1,10.7
66,2026-08-29,Guadalajara,Meter_v2,5,1,8.5
66,2026-08-30,Guadalajara,Meter_v2,5,1,14.6
66,2026-08-31,Guadalajara,Meter_v2,5,1,13.1
66,2026-09-01,Guadalajara,Meter_v2,5,1,12.3
67,2026-08-12,Guadalajara,Meter_v2,61,1,10.6
67,2026-08-13,Guadalajara,Meter_v2,61,1,6.9
67,2026-08-14,Guadalajara,Meter_v2,61,1,13.9
67,2026-08-15,Guadalajara,Meter_v2,61,1,7.2
67,2026-08-16,Guadalajara,Meter_v2,61,1,7.9
67,2026-08-17,Guadalajara,Meter_v2,61,1,11.8
67,2026-08-18,Guadalajara,Meter_v2,61,1,14.4
67,2026-08-19,Guadalajara,Meter_v2,61,1,12.6
67,2026-08-20,Guadalajara,Meter_v2,61,1,13.6
67,2026-08-21,Guadalajara,Meter_v2,61,1,14.9
67,2026-08-22,Guadalajara,Meter_v2,61,1,7.5
67,2026-08-23,Guadalajara,Meter_v2,61,1,10.8
67,2026-08-24,Guadalajara,Meter_v2,61,1,8.5
67,2026-08-25,Guadalajara,Meter_v2,61,1,9.2
67,2026-08-26,Guadalajara,Meter_v2,61,1,8.8
67,2026-08-27,Guadalajara,Meter_v2,61,1,8.5
67,2026-08-28,Guadalajara,Meter_v2,61,0,1.5
67,2026-08-29,Guadalajara,Meter_v2,61,1,6.9
67,2026-08-30,Guadalajara,Meter_v2,61,1,14.3
67,2026-08-31,Guadalajara,Meter_v2,61,1,14.4
67,2026-09-01,Guadalajara,Meter_v2,61,1,12.1
68,2026-08-12,Guadalajara,Meter_Audio_v1,53,1,8.0
68,2026-08-13,Guadalajara,Meter_Audio_v1,53,1,10.3
68,2026-08-14,Guadalajara,Meter_Audio_v1,53,1,10.5
68,2026-08-15,Guadalajara,Meter_Audio_v1,53,1,14.4
68,2026-08-16,Guadalajara,Meter_Audio_v1,53,1,14.2
68,2026-08-17,Guadalajara,Meter_Audio_v1,53,1,12.7
68,2026-08-18,Guadalajara,Meter_Audio_v1,53,1,12.6
68,2026-08-19,Guadalajara,Meter_Audio_v1,53,1,7.8
68,2026-08-20,Guadalajara,Meter_Audio_v1,53,1,8.1
68,2026-08-21,Guadalajara,Meter_Audio_v1,53,1,6.7
68,2026-08-22,Guadalajara,Meter_Audio_v1,53,1,11.7
68,2026-08-23,Guadalajara,Meter_Audio_v1,53,1,7.6
68,2026-08-24,Guadalajara,Meter_Audio_v1,53,1,8.4
68,2026-08-25,Guadalajara,Meter_Audio_v1,53,1,7.4
68,2026-08-26,Guadalajara,Meter_Audio_v1,53,1,6.1
68,2026-08-27,Guadalajara,Meter_Audio_v1,53,1,12.1
68,2026-08-28,Guadalajara,Meter_Audio_v1,53,1,13.2
68,2026-08-29,Guadalajara,Meter_Audio_v1,53,1,13.4
68,2026-08-30,Guadalajara,Meter_Audio_v1,53,1,6.9
68,2026-08-31,Guadalajara,Meter_Audio_v1,53,1,11.6
68,2026-09-01,Guadalajara,Meter_Audio_v1,53,1,11.9
69,2026-08-12,CDMX,Meter_v2,34,1,14.5
69,2026-08-13,CDMX,Meter_v2,34,1,6.4
69,2026-08-14,CDMX,Meter_v2,34,1,6.8
69,2026-08-15,CDMX,Meter_v2,34,1,10.6
69,2026-08-16,CDMX,Meter_v2,34,1,13.3
69,2026-08-17,CDMX,Meter_v2,34,1,11.0
69,2026-08-18,CDMX,Meter_v2,34,1,10.5
69,2026-08-19,CDMX,Meter_v2,34,1,6.0
69,2026-08-20,CDMX,Meter_v2,34,1,9.8
69,2026-08-21,CDMX,Meter_v2,34,1,11.2
69,2026-08-22,CDMX,Meter_v2,34,1,10.5
69,2026-08-23,CDMX,Meter_v2,34,1,9.5
69,2026-08-24,CDMX,Meter_v2,34,1,9.9
69,2026-08-25,CDMX,Meter_v2,34,1,8.5
69,2026-08-26,CDMX,Meter_v2,34,1,6.1
69,2026-08-27,CDMX,Meter_v2,34,1,12.0
69,2026-08-28,CDMX,Meter_v2,34,1,9.1
69,2026-08-29,CDMX,Meter_v2,34,1,8.4
69,2026-08-30,CDMX,Meter_v2,34,1,7.1
69,2026-08-31,CDMX,Meter_v2,34,1,14.6
69,2026-09-01,CDMX,Meter_v2,34,1,7.7
70,2026-08-12,Monterrey,Meter_v2,12,1,8.3
70,2026-08-13,Monterrey,Meter_v2,12,1,10.4
70,2026-08-14,Monterrey,Meter_v2,12,1,9.8
70,2026-08-15,Monterrey,Meter_v2,12,1,8.8
70,2026-08-16,Monterrey,Meter_v2,12,1,13.3
70,2026-08-17,Monterrey,Meter_v2,12,1,11.9
70,2026-08-18,Monterrey,Meter_v2,12,1,8.1
70,2026-08-19,Monterrey,Meter_v2,12,1,9.2
70,2026-08-20,Monterrey,Meter_v2,12,1,7.5
70,2026-08-21,Monterrey,Meter_v2,12,1,7.6
70,2026-08-22,Monterrey,Meter_v2,12,1,12.1
70,2026-08-23,Monterrey,Meter_v2,12,0,1.3
70,2026-08-24,Monterrey,Meter_v2,12,1,8.9
70,2026-08-25,Monterrey,Meter_v2,12,1,7.3
70,2026-08-26,Monterrey,Meter_v2,12,1,13.9
70,2026-08-27,Monterrey,Meter_v2,12,1,6.7
70,2026-08-28,Monterrey,Meter_v2,12,1,9.3
70,2026-08-29,Monterrey,Meter_v2,12,0,0.7
70,2026-08-30,Monterrey,Meter_v2,12,1,14.4
70,2026-08-31,Monterrey,Meter_v2,12,1,13.1
70,2026-09-01,Monterrey,Meter_v2,12,1,6.7
71,2026-08-12,Monterrey,Meter_v2,34,1,12.8
71,2026-08-13,Monterrey,Meter_v2,34,1,7.6
71,2026-08-14,Monterrey,Meter_v2,34,1,13.0
71,2026-08-15,Monterrey,Meter_v2,34,1,7.5
71,2026-08-16,Monterrey,Meter_v2,34,1,14.8
71,2026-08-17,Monterrey,Meter_v2,34,1,13.3
71,2026-08-18,Monterrey,Meter_v2,34,0,2.3
71,2026-08-19,Monterrey,Meter_v2,34,1,12.3
71,2026-08-20,Monterrey,Meter_v2,34,1,6.8
71,2026-08-21,Monterrey,Meter_v2,34,0,1.5
71,2026-08-22,Monterrey,Meter_v2,34,1,6.4
71,2026-08-23,Monterrey,Meter_v2,34,1,8.0
71,2026-08-24,Monterrey,Meter_v2,34,1,11.1
71,2026-08-25,Monterrey,Meter_v2,34,1,8.1
71,2026-08-26,Monterrey,Meter_v2,34,1,14.8
71,2026-08-27,Monterrey,Meter_v2,34,1,12.0
71,2026-08-28,Monterrey,Meter_v2,34,1,8.3
71,2026-08-29,Monterrey,Meter_v2,34,1,7.2
71,2026-08-30,Monterrey,Meter_v2,34,1,10.7
71,2026-08-31,Monterrey,Meter_v2,34,1,14.5
71,2026-09-01,Monterrey,Meter_v2,34,1,14.0
72,2026-08-12,Puebla,Meter_Audio_v1,3,1,14.6
72,2026-08-13,Puebla,Meter_Audio_v1,3,0,0.2
72,2026-08-14,Puebla,Meter_Audio_v1,3,1,14.6
72,2026-08-15,Puebla,Meter_Audio_v1,3,1,12.7
72,2026-08-16,Puebla,Meter_Audio_v1,3,1,8.0
72,2026-08-17,Puebla,Meter_Audio_v1,3,1,8.5
72,2026-08-18,Puebla,Meter_Audio_v1,3,1,13.0
72,2026-08-19,Puebla,Meter_Audio_v1,3,1,13.9
72,2026-08-20,Puebla,Meter_Audio_v1,3,1,8.8
72,2026-08-21,Puebla,Meter_Audio_v1,3,1,7.7
72,2026-08-22,Puebla,Meter_Audio_v1,3,1,9.9
72,2026-08-23,Puebla,Meter_Audio_v1,3,1,9.1
72,2026-08-24,Puebla,Meter_Audio_v1,3,1,13.4
72,2026-08-25,Puebla,Meter_Audio_v1,3,0,0.1
72,2026-08-26,Puebla,Meter_Audio_v1,3,1,8.1
72,2026-08-27,Puebla,Meter_Audio_v1,3,1,6.4
72,2026-08-28,Puebla,Meter_Audio_v1,3,1,12.9
72,2026-08-29,Puebla,Meter_Audio_v1,3,1,14.4
72,2026-08-30,Puebla,Meter_Audio_v1,3,1,7.6
72,2026-08-31,Puebla,Meter_Audio_v1,3,1,6.4
72,2026-09-01,Puebla,Meter_Audio_v1,3,1,9.3
73,2026-08-12,CDMX,Meter_v3,7,1,11.5
73,2026-08-13,CDMX,Meter_v3,7,1,12.6
73,2026-08-14,CDMX,Meter_v3,7,1,10.2
73,2026-08-15,CDMX,Meter_v3,7,1,9.0
73,2026-08-16,CDMX,Meter_v3,7,1,13.3
73,2026-08-17,CDMX,Meter_v3,7,1,13.1
73,2026-08-18,CDMX,Meter_v3,7,1,11.2
73,2026-08-19,CDMX,Meter_v3,7,1,7.7
73,2026-08-20,CDMX,Meter_v3,7,1,9.2
73,2026-08-21,CDMX,Meter_v3,7,1,6.5
73,2026-08-22,CDMX,Meter_v3,7,1,11.7
73,2026-08-23,CDMX,Meter_v3,7,0,0.7
73,2026-08-24,CDMX,Meter_v3,7,1,10.5
73,2026-08-25,CDMX,Meter_v3,7,1,9.9
73,2026-08-26,CDMX,Meter_v3,7,1,8.6
73,2026-08-27,CDMX,Meter_v3,7,1,12.6
73,2026-08-28,CDMX,Meter_v3,7,1,10.5
73,2026-08-29,CDMX,Meter_v3,7,1,13.1
73,2026-08-30,CDMX,Meter_v3,7,1,9.9
73,2026-08-31,CDMX,Meter_v3,7,1,14.4
73,2026-09-01,CDMX,Meter_v3,7,1,8.6
74,2026-08-12,Guadalajara,Meter_v2,12,1,9.8
74,2026-08-13,Guadalajara,Meter_v2,12,1,6.3
74,2026-08-14,Guadalajara,Meter_v2,12,1,11.9
74,2026-08-15,Guadalajara,Meter_v2,12,1,6.8
74,2026-08-16,Guadalajara,Meter_v2,12,1,6.7
74,2026-08-17,Guadalajara,Meter_v2,12,0,0.4
74,2026-08-18,Guadalajara,Meter_v2,12,1,12.5
74,2026-08-19,Guadalajara,Meter_v2,12,1,13.3
74,2026-08-20,Guadalajara,Meter_v2,12,1,11.4
74,2026-08-21,Guadalajara,Meter_v2,12,1,12.5
74,2026-08-22,Guadalajara,Meter_v2,12,1,12.0
74,2026-08-23,Guadalajara,Meter_v2,12,1,11.6
74,2026-08-24,Guadalajara,Meter_v2,12,1,12.5
74,2026-08-25,Guadalajara,Meter_v2,12,1,7.8
74,2026-08-26,Guadalajara,Meter_v2,12,1,10.0
74,2026-08-27,Guadalajara,Meter_v2,12,1,6.6
74,2026-08-28,Guadalajara,Meter_v2,12,1,10.6
74,2026-08-29,Guadalajara,Meter_v2,12,1,10.8
74,2026-08-30,Guadalajara,Meter_v2,12,1,14.2
74,2026-08-31,Guadalajara,Meter_v2,12,1,10.0
74,2026-09-01,Guadalajara,Meter_v2,12,1,14.2
75,2026-08-12,Monterrey,Meter_v2,25,1,13.8
75,2026-08-13,Monterrey,Meter_v2,25,1,6.9
75,2026-08-14,Monterrey,Meter_v2,25,1,8.3
75,2026-08-15,Monterrey,Meter_v2,25,1,12.3
75,2026-08-16,Monterrey,Meter_v2,25,1,6.4
75,2026-08-17,Monterrey,Meter_v2,25,1,7.6
75,2026-08-18,Monterrey,Meter_v2,25,1,9.5
75,2026-08-19,Monterrey,Meter_v2,25,1,7.9
75,2026-08-20,Monterrey,Meter_v2,25,1,13.4
75,2026-08-21,Monterrey,Meter_v2,25,1,9.9
75,2026-08-22,Monterrey,Meter_v2,25,1,7.8
75,2026-08-23,Monterrey,Meter_v2,25,1,8.9
75,2026-08-24,Monterrey,Meter_v2,25,1,7.3
75,2026-08-25,Monterrey,Meter_v2,25,1,12.7
75,2026-08-26,Monterrey,Meter_v2,25,1,14.3
75,2026-08-27,Monterrey,Meter_v2,25,1,8.4
75,2026-08-28,Monterrey,Meter_v2,25,1,11.4
75,2026-08-29,Monterrey,Meter_v2,25,1,12.3
75,2026-08-30,Monterrey,Meter_v2,25,1,8.6
75,2026-08-31,Monterrey,Meter_v2,25,1,8.9
75,2026-09-01,Monterrey,Meter_v2,25,1,13.6
76,2026-08-12,Puebla,Meter_v2,12,0,2.5
76,2026-08-13,Puebla,Meter_v2,12,1,9.8
76,2026-08-14,Puebla,Meter_v2,12,1,8.3
76,2026-08-15,Puebla,Meter_v2,12,1,13.3
76,2026-08-16,Puebla,Meter_v2,12,1,14.6
76,2026-08-17,Puebla,Meter_v2,12,1,6.3
76,2026-08-18,Puebla,Meter_v2,12,1,12.5
76,2026-08-19,Puebla,Meter_v2,12,1,13.1
76,2026-08-20,Puebla,Meter_v2,12,0,2.3
76,2026-08-21,Puebla,Meter_v2,12,1,14.7
76,2026-08-22,Puebla,Meter_v2,12,1,9.7
76,2026-08-23,Puebla,Meter_v2,12,1,11.4
76,2026-08-24,Puebla,Meter_v2,12,1,13.8
76,2026-08-25,Puebla,Meter_v2,12,1,13.3
76,2026-08-26,Puebla,Meter_v2,12,1,8.9
76,2026-08-27,Puebla,Meter_v2,12,1,7.6
76,2026-08-28,Puebla,Meter_v2,12,1,12.9
76,2026-08-29,Puebla,Meter_v2,12,0,1.8
76,2026-08-30,Puebla,Meter_v2,12,1,9.0
76,2026-08-31,Puebla,Meter_v2,12,1,10.4
76,2026-09-01,Puebla,Meter_v2,12,1,9.6
77,2026-08-12,Guadalajara,Meter_Audio_v1,3,1,7.6
77,2026-08-13,Guadalajara,Meter_Audio_v1,3,1,6.3
77,2026-08-14,Guadalajara,Meter_Audio_v1,3,1,8.7
77,2026-08-15,Guadalajara,Meter_Audio_v1,3,1,7.2
77,2026-08-16,Guadalajara,Meter_Audio_v1,3,1,14.9
77,2026-08-17,Guadalajara,Meter_Audio_v1,3,1,10.0
77,2026-08-18,Guadalajara,Meter_Audio_v1,3,1,14.9
77,2026-08-19,Guadalajara,Meter_Audio_v1,3,1,8.2
77,2026-08-20,Guadalajara,Meter_Audio_v1,3,1,9.3
77,2026-08-21,Guadalajara,Meter_Audio_v1,3,1,8.5
77,2026-08-22,Guadalajara,Meter_Audio_v1,3,1,11.1
77,2026-08-23,Guadalajara,Meter_Audio_v1,3,1,12.2
77,2026-08-24,Guadalajara,Meter_Audio_v1,3,1,14.6
77,2026-08-25,Guadalajara,Meter_Audio_v1,3,1,12.5
77,2026-08-26,Guadalajara,Meter_Audio_v1,3,1,8.7
77,2026-08-27,Guadalajara,Meter_Audio_v1,3,1,12.8
77,2026-08-28,Guadalajara,Meter_Audio_v1,3,1,13.1
77,2026-08-29,Guadalajara,Meter_Audio_v1,3,1,12.6
77,2026-08-30,Guadalajara,Meter_Audio_v1,3,1,10.7
77,2026-08-31,Guadalajara,Meter_Audio_v1,3,1,7.6
77,2026-09-01,Guadalajara,Meter_Audio_v1,3,0,2.0
78,2026-08-12,CDMX,Meter_v2,8,1,11.7
78,2026-08-13,CDMX,Meter_v2,8,1,14.4
78,2026-08-14,CDMX,Meter_v2,8,1,10.2
78,2026-08-15,CDMX,Meter_v2,8,1,12.0
78,2026-08-16,CDMX,Meter_v2,8,1,6.3
78,2026-08-17,CDMX,Meter_v2,8,1,9.8
78,2026-08-18,CDMX,Meter_v2,8,1,11.3
78,2026-08-19,CDMX,Meter_v2,8,1,8.6
78,2026-08-20,CDMX,Meter_v2,8,1,14.0
78,2026-08-21,CDMX,Meter_v2,8,1,12.3
78,2026-08-22,CDMX,Meter_v2,8,1,9.2
78,2026-08-23,CDMX,Meter_v2,8,1,13.3
78,2026-08-24,CDMX,Meter_v2,8,1,14.1
78,2026-08-25,CDMX,Meter_v2,8,1,13.6
78,2026-08-26,CDMX,Meter_v2,8,1,14.9
78,2026-08-27,CDMX,Meter_v2,8,1,9.5
78,2026-08-28,CDMX,Meter_v2,8,1,10.6
78,2026-08-29,CDMX,Meter_v2,8,1,9.6
78,2026-08-30,CDMX,Meter_v2,8,1,6.6
78,2026-08-31,CDMX,Meter_v2,8,1,10.4
78,2026-09-01,CDMX,Meter_v2,8,1,6.0
79,2026-08-12,CDMX,Meter_v2,8,1,7.1
79,2026-08-13,CDMX,Meter_v2,8,1,6.5
79,2026-08-14,CDMX,Meter_v2,8,1,9.8
79,2026-08-15,CDMX,Meter_v2,8,1,8.7
79,2026-08-16,CDMX,Meter_v2,8,1,13.0
79,2026-08-17,CDMX,Meter_v2,8,1,13.7
79,2026-08-18,CDMX,Meter_v2,8,1,8.6
79,2026-08-19,CDMX,Meter_v2,8,1,13.5
79,2026-08-20,CDMX,Meter_v2,8,1,8.4
79,2026-08-21,CDMX,Meter_v2,8,1,14.1
79,2026-08-22,CDMX,Meter_v2,8,1,14.5
79,2026-08-23,CDMX,Meter_v2,8,1,13.9
79,2026-08-24,CDMX,Meter_v2,8,1,8.2
79,2026-08-25,CDMX,Meter_v2,8,1,7.3
79,2026-08-26,CDMX,Meter_v2,8,1,12.0
79,2026-08-27,CDMX,Meter_v2,8,1,9.9
79,2026-08-28,CDMX,Meter_v2,8,1,6.8
79,2026-08-29,CDMX,Meter_v2,8,1,6.0
79,2026-08-30,CDMX,Meter_v2,8,1,12.2
79,2026-08-31,CDMX,Meter_v2,8,1,10.2
79,2026-09-01,CDMX,Meter_v2,8,1,7.5
80,2026-08-12,CDMX,Meter_Audio_v1,7,1,11.0
80,2026-08-13,CDMX,Meter_Audio_v1,7,1,9.8
80,2026-08-14,CDMX,Meter_Audio_v1,7,1,12.1
80,2026-08-15,CDMX,Meter_Audio_v1,7,0,2.0
80,2026-08-16,CDMX,Meter_Audio_v1,7,1,12.8
80,2026-08-17,CDMX,Meter_Audio_v1,7,1,7.0
80,2026-08-18,CDMX,Meter_Audio_v1,7,1,10.4
80,2026-08-19,CDMX,Meter_Audio_v1,7,1,13.0
80,2026-08-20,CDMX,Meter_Audio_v1,7,1,14.6
80,2026-08-21,CDMX,Meter_Audio_v1,7,1,13.8
80,2026-08-22,CDMX,Meter_Audio_v1,7,1,9.5
80,2026-08-23,CDMX,Meter_Audio_v1,7,1,7.6
80,2026-08-24,CDMX,Meter_Audio_v1,7,1,6.7
80,2026-08-25,CDMX,Meter_Audio_v1,7,1,8.7
80,2026-08-26,CDMX,Meter_Audio_v1,7,1,6.3
80,2026-08-27,CDMX,Meter_Audio_v1,7,1,14.4
80,2026-08-28,CDMX,Meter_Audio_v1,7,1,9.3
80,2026-08-29,CDMX,Meter_Audio_v1,7,1,9.9
80,2026-08-30,CDMX,Meter_Audio_v1,7,1,10.3
80,2026-08-31,CDMX,Meter_Audio_v1,7,1,6.6
80,2026-09-01,CDMX,Meter_Audio_v1,7,1,14.0
81,2026-08-12,Tijuana,Meter_v3,4,1,11.6
81,2026-08-13,Tijuana,Meter_v3,4,1,7.8
81,2026-08-14,Tijuana,Meter_v3,4,1,13.0
81,2026-08-15,Tijuana,Meter_v3,4,0,2.2
81,2026-08-16,Tijuana,Meter_v3,4,1,14.9
81,2026-08-17,Tijuana,Meter_v3,4,1,13.7
81,2026-08-18,Tijuana,Meter_v3,4,1,6.7
81,2026-08-19,Tijuana,Meter_v3,4,1,7.3
81,2026-08-20,Tijuana,Meter_v3,4,1,8.8
81,2026-08-21,Tijuana,Meter_v3,4,1,6.7
81,2026-08-22,Tijuana,Meter_v3,4,1,8.9
81,2026-08-23,Tijuana,Meter_v3,4,1,11.7
81,2026-08-24,Tijuana,Meter_v3,4,1,6.4
81,2026-08-25,Tijuana,Meter_v3,4,1,12.0
81,2026-08-26,Tijuana,Meter_v3,4,1,8.9
81,2026-08-27,Tijuana,Meter_v3,4,1,9.6
81,2026-08-28,Tijuana,Meter_v3,4,1,13.5
81,2026-08-29,Tijuana,Meter_v3,4,1,9.8
81,2026-08-30,Tijuana,Meter_v3,4,1,11.6
81,2026-08-31,Tijuana,Meter_v3,4,1,12.3
81,2026-09-01,Tijuana,Meter_v3,4,1,7.2
82,2026-08-12,Monterrey,Meter_v2,10,1,11.7
82,2026-08-13,Monterrey,Meter_v2,10,1,14.4
82,2026-08-14,Monterrey,Meter_v2,10,1,7.0
82,2026-08-15,Monterrey,Meter_v2,10,1,7.1
82,2026-08-16,Monterrey,Meter_v2,10,1,10.2
82,2026-08-17,Monterrey,Meter_v2,10,1,13.4
82,2026-08-18,Monterrey,Meter_v2,10,1,13.0
82,2026-08-19,Monterrey,Meter_v2,10,0,0.2
82,2026-08-20,Monterrey,Meter_v2,10,1,14.0
82,2026-08-21,Monterrey,Meter_v2,10,1,13.9
82,2026-08-22,Monterrey,Meter_v2,10,1,14.2
82,2026-08-23,Monterrey,Meter_v2,10,1,7.2
82,2026-08-24,Monterrey,Meter_v2,10,1,13.4
82,2026-08-25,Monterrey,Meter_v2,10,1,12.9
82,2026-08-26,Monterrey,Meter_v2,10,1,9.7
82,2026-08-27,Monterrey,Meter_v2,10,1,13.5
82,2026-08-28,Monterrey,Meter_v2,10,0,2.6
82,2026-08-29,Monterrey,Meter_v2,10,1,6.2
82,2026-08-30,Monterrey,Meter_v2,10,1,8.1
82,2026-08-31,Monterrey,Meter_v2,10,0,0.3
82,2026-09-01,Monterrey,Meter_v2,10,1,12.4
83,2026-08-12,Guadalajara,Meter_v3,11,1,15.0
83,2026-08-13,Guadalajara,Meter_v3,11,1,12.1
83,2026-08-14,Guadalajara,Meter_v3,11,1,13.4
83,2026-08-15,Guadalajara,Meter_v3,11,1,11.6
83,2026-08-16,Guadalajara,Meter_v3,11,1,9.6
83,2026-08-17,Guadalajara,Meter_v3,11,1,13.1
83,2026-08-18,Guadalajara,Meter_v3,11,1,9.0
83,2026-08-19,Guadalajara,Meter_v3,11,1,6.4
83,2026-08-20,Guadalajara,Meter_v3,11,1,10.4
83,2026-08-21,Guadalajara,Meter_v3,11,0,0.9
83,2026-08-22,Guadalajara,Meter_v3,11,1,7.3
83,2026-08-23,Guadalajara,Meter_v3,11,1,8.5
83,2026-08-24,Guadalajara,Meter_v3,11,1,10.4
83,2026-08-25,Guadalajara,Meter_v3,11,1,8.4
83,2026-08-26,Guadalajara,Meter_v3,11,1,14.5
83,2026-08-27,Guadalajara,Meter_v3,11,1,10.7
83,2026-08-28,Guadalajara,Meter_v3,11,1,11.2
83,2026-08-29,Guadalajara,Meter_v3,11,1,14.4
83,2026-08-30,Guadalajara,Meter_v3,11,1,7.2
83,2026-08-31,Guadalajara,Meter_v3,11,1,11.8
83,2026-09-01,Guadalajara,Meter_v3,11,1,8.7
84,2026-08-12,CDMX,Meter_v3,27,1,9.5
84,2026-08-13,CDMX,Meter_v3,27,0,2.7
84,2026-08-14,CDMX,Meter_v3,27,1,12.9
84,2026-08-15,CDMX,Meter_v3,27,1,14.2
84,2026-08-16,CDMX,Meter_v3,27,1,13.2
84,2026-08-17,CDMX,Meter_v3,27,1,12.3
84,2026-08-18,CDMX,Meter_v3,27,1,12.5
84,2026-08-19,CDMX,Meter_v3,27,1,9.5
84,2026-08-20,CDMX,Meter_v3,27,1,14.8
84,2026-08-21,CDMX,Meter_v3,27,1,8.6
84,2026-08-22,CDMX,Meter_v3,27,0,2.6
84,2026-08-23,CDMX,Meter_v3,27,1,11.4
84,2026-08-24,CDMX,Meter_v3,27,1,6.1
84,2026-08-25,CDMX,Meter_v3,27,1,9.9
84,2026-08-26,CDMX,Meter_v3,27,1,9.9
84,2026-08-27,CDMX,Meter_v3,27,1,9.1
84,2026-08-28,CDMX,Meter_v3,27,1,8.0
84,2026-08-29,CDMX,Meter_v3,27,1,11.6
84,2026-08-30,CDMX,Meter_v3,27,1,12.2
84,2026-08-31,CDMX,Meter_v3,27,0,2.3
84,2026-09-01,CDMX,Meter_v3,27,1,13.5
85,2026-08-12,Monterrey,Meter_v2,29,1,6.5
85,2026-08-13,Monterrey,Meter_v2,29,1,14.7
85,2026-08-14,Monterrey,Meter_v2,29,1,13.7
85,2026-08-15,Monterrey,Meter_v2,29,1,6.6
85,2026-08-16,Monterrey,Meter_v2,29,1,10.5
85,2026-08-17,Monterrey,Meter_v2,29,1,10.9
85,2026-08-18,Monterrey,Meter_v2,29,0,0.7
85,2026-08-19,Monterrey,Meter_v2,29,1,7.6
85,2026-08-20,Monterrey,Meter_v2,29,1,13.8
85,2026-08-21,Monterrey,Meter_v2,29,1,9.3
85,2026-08-22,Monterrey,Meter_v2,29,1,8.8
85,2026-08-23,Monterrey,Meter_v2,29,1,14.9
85,2026-08-24,Monterrey,Meter_v2,29,1,8.0
85,2026-08-25,Monterrey,Meter_v2,29,1,11.8
85,2026-08-26,Monterrey,Meter_v2,29,1,8.2
85,2026-08-27,Monterrey,Meter_v2,29,1,6.6
85,2026-08-28,Monterrey,Meter_v2,29,1,8.6
85,2026-08-29,Monterrey,Meter_v2,29,1,14.8
85,2026-08-30,Monterrey,Meter_v2,29,1,9.0
85,2026-08-31,Monterrey,Meter_v2,29,0,1.7
85,2026-09-01,Monterrey,Meter_v2,29,1,8.4
86,2026-08-12,Puebla,Meter_Audio_v1,14,1,10.2
86,2026-08-13,Puebla,Meter_Audio_v1,14,1,14.2
86,2026-08-14,Puebla,Meter_Audio_v1,14,1,10.4
86,2026-08-15,Puebla,Meter_Audio_v1,14,1,8.7
86,2026-08-16,Puebla,Meter_Audio_v1,14,1,8.3
86,2026-08-17,Puebla,Meter_Audio_v1,14,1,8.6
86,2026-08-18,Puebla,Meter_Audio_v1,14,1,6.1
86,2026-08-19,Puebla,Meter_Audio_v1,14,1,12.7
86,2026-08-20,Puebla,Meter_Audio_v1,14,1,12.1
86,2026-08-21,Puebla,Meter_Audio_v1,14,1,9.3
86,2026-08-22,Puebla,Meter_Audio_v1,14,1,14.4
86,2026-08-23,Puebla,Meter_Audio_v1,14,1,10.7
86,2026-08-24,Puebla,Meter_Audio_v1,14,1,7.0
86,2026-08-25,Puebla,Meter_Audio_v1,14,1,8.6
86,2026-08-26,Puebla,Meter_Audio_v1,14,1,6.4
86,2026-08-27,Puebla,Meter_Audio_v1,14,1,9.5
86,2026-08-28,Puebla,Meter_Audio_v1,14,1,12.0
86,2026-08-29,Puebla,Meter_Audio_v1,14,1,8.7
86,2026-08-30,Puebla,Meter_Audio_v1,14,0,2.7
86,2026-08-31,Puebla,Meter_Audio_v1,14,1,8.8
86,2026-09-01,Puebla,Meter_Audio_v1,14,1,14.4
87,2026-08-12,Tijuana,Meter_Audio_v1,12,1,13.9
87,2026-08-13,Tijuana,Meter_Audio_v1,12,1,11.0
87,2026-08-14,Tijuana,Meter_Audio_v1,12,1,13.9
87,2026-08-15,Tijuana,Meter_Audio_v1,12,1,12.3
87,2026-08-16,Tijuana,Meter_Audio_v1,12,1,13.2
87,2026-08-17,Tijuana,Meter_Audio_v1,12,1,8.9
87,2026-08-18,Tijuana,Meter_Audio_v1,12,0,2.2
87,2026-08-19,Tijuana,Meter_Audio_v1,12,1,14.6
87,2026-08-20,Tijuana,Meter_Audio_v1,12,0,0.6
87,2026-08-21,Tijuana,Meter_Audio_v1,12,0,2.0
87,2026-08-22,Tijuana,Meter_Audio_v1,12,0,0.2
87,2026-08-23,Tijuana,Meter_Audio_v1,12,1,8.7
87,2026-08-24,Tijuana,Meter_Audio_v1,12,1,9.0
87,2026-08-25,Tijuana,Meter_Audio_v1,12,1,13.1
87,2026-08-26,Tijuana,Meter_Audio_v1,12,1,8.5
87,2026-08-27,Tijuana,Meter_Audio_v1,12,0,1.4
87,2026-08-28,Tijuana,Meter_Audio_v1,12,1,6.4
87,2026-08-29,Tijuana,Meter_Audio_v1,12,1,13.7
87,2026-08-30,Tijuana,Meter_Audio_v1,12,1,6.3
87,2026-08-31,Tijuana,Meter_Audio_v1,12,1,10.2
87,2026-09-01,Tijuana,Meter_Audio_v1,12,1,11.5
88,2026-08-12,Puebla,Meter_v3,28,0,1.3
88,2026-08-13,Puebla,Meter_v3,28,1,12.0
88,2026-08-14,Puebla,Meter_v3,28,1,6.9
88,2026-08-15,Puebla,Meter_v3,28,1,8.6
88,2026-08-16,Puebla,Meter_v3,28,1,13.4
88,2026-08-17,Puebla,Meter_v3,28,1,11.9
88,2026-08-18,Puebla,Meter_v3,28,1,11.4
88,2026-08-19,Puebla,Meter_v3,28,1,13.9
88,2026-08-20,Puebla,Meter_v3,28,1,6.7
88,2026-08-21,Puebla,Meter_v3,28,1,14.3
88,2026-08-22,Puebla,Meter_v3,28,1,11.0
88,2026-08-23,Puebla,Meter_v3,28,1,14.9
88,2026-08-24,Puebla,Meter_v3,28,1,10.3
88,2026-08-25,Puebla,Meter_v3,28,1,8.6
88,2026-08-26,Puebla,Meter_v3,28,1,12.3
88,2026-08-27,Puebla,Meter_v3,28,1,11.9
88,2026-08-28,Puebla,Meter_v3,28,1,8.8
88,2026-08-29,Puebla,Meter_v3,28,1,12.0
88,2026-08-30,Puebla,Meter_v3,28,1,11.2
88,2026-08-31,Puebla,Meter_v3,28,1,13.3
88,2026-09-01,Puebla,Meter_v3,28,1,13.2
89,2026-08-12,Guadalajara,Meter_v3,40,1,14.1
89,2026-08-13,Guadalajara,Meter_v3,40,0,2.8
89,2026-08-14,Guadalajara,Meter_v3,40,1,12.4
89,2026-08-15,Guadalajara,Meter_v3,40,1,6.1
89,2026-08-16,Guadalajara,Meter_v3,40,1,6.6
89,2026-08-17,Guadalajara,Meter_v3,40,1,6.8
89,2026-08-18,Guadalajara,Meter_v3,40,1,10.5
89,2026-08-19,Guadalajara,Meter_v3,40,1,6.8
89,2026-08-20,Guadalajara,Meter_v3,40,1,12.9
89,2026-08-21,Guadalajara,Meter_v3,40,0,0.6
89,2026-08-22,Guadalajara,Meter_v3,40,1,6.5
89,2026-08-23,Guadalajara,Meter_v3,40,0,0.8
89,2026-08-24,Guadalajara,Meter_v3,40,1,14.4
89,2026-08-25,Guadalajara,Meter_v3,40,1,10.6
89,2026-08-26,Guadalajara,Meter_v3,40,1,7.5
89,2026-08-27,Guadalajara,Meter_v3,40,1,10.1
89,2026-08-28,Guadalajara,Meter_v3,40,1,7.5
89,2026-08-29,Guadalajara,Meter_v3,40,1,10.2
89,2026-08-30,Guadalajara,Meter_v3,40,0,2.9
89,2026-08-31,Guadalajara,Meter_v3,40,1,11.1
89,2026-09-01,Guadalajara,Meter_v3,40,0,1.9
90,2026-08-12,Monterrey,Meter_v2,21,1,13.5
90,2026-08-13,Monterrey,Meter_v2,21,1,9.4
90,2026-08-14,Monterrey,Meter_v2,21,1,14.7
90,2026-08-15,Monterrey,Meter_v2,21,1,12.5
90,2026-08-16,Monterrey,Meter_v2,21,1,9.1
90,2026-08-17,Monterrey,Meter_v2,21,1,6.5
90,2026-08-18,Monterrey,Meter_v2,21,1,10.4
90,2026-08-19,Monterrey,Meter_v2,21,1,10.8
90,2026-08-20,Monterrey,Meter_v2,21,0,0.5
90,2026-08-21,Monterrey,Meter_v2,21,1,11.2
90,2026-08-22,Monterrey,Meter_v2,21,1,13.9
90,2026-08-23,Monterrey,Meter_v2,21,1,9.5
90,2026-08-24,Monterrey,Meter_v2,21,1,14.3
90,2026-08-25,Monterrey,Meter_v2,21,1,10.8
90,2026-08-26,Monterrey,Meter_v2,21,1,8.9
90,2026-08-27,Monterrey,Meter_v2,21,1,10.2
90,2026-08-28,Monterrey,Meter_v2,21,1,8.1
90,2026-08-29,Monterrey,Meter_v2,21,1,8.2
90,2026-08-30,Monterrey,Meter_v2,21,1,8.5
90,2026-08-31,Monterrey,Meter_v2,21,1,8.8
90,2026-09-01,Monterrey,Meter_v2,21,1,11.1
91,2026-08-12,Guadalajara,Meter_v2,30,1,14.4
91,2026-08-13,Guadalajara,Meter_v2,30,1,11.7
91,2026-08-14,Guadalajara,Meter_v2,30,1,7.9
91,2026-08-15,Guadalajara,Meter_v2,30,1,8.9
91,2026-08-16,Guadalajara,Meter_v2,30,1,8.1
91,2026-08-17,Guadalajara,Meter_v2,30,1,7.1
91,2026-08-18,Guadalajara,Meter_v2,30,1,14.8
91,2026-08-19,Guadalajara,Meter_v2,30,1,7.2
91,2026-08-20,Guadalajara,Meter_v2,30,1,6.5
91,2026-08-21,Guadalajara,Meter_v2,30,1,6.7
91,2026-08-22,Guadalajara,Meter_v2,30,1,12.8
91,2026-08-23,Guadalajara,Meter_v2,30,1,14.3
91,2026-08-24,Guadalajara,Meter_v2,30,1,11.8
91,2026-08-25,Guadalajara,Meter_v2,30,1,6.6
91,2026-08-26,Guadalajara,Meter_v2,30,1,7.8
91,2026-08-27,Guadalajara,Meter_v2,30,1,8.3
91,2026-08-28,Guadalajara,Meter_v2,30,1,12.6
91,2026-08-29,Guadalajara,Meter_v2,30,1,14.0
91,2026-08-30,Guadalajara,Meter_v2,30,1,14.7
91,2026-08-31,Guadalajara,Meter_v2,30,1,11.1
91,2026-09-01,Guadalajara,Meter_v2,30,1,10.1
92,2026-08-12,Monterrey,Meter_v3,51,1,14.3
92,2026-08-13,Monterrey,Meter_v3,51,1,13.0
92,2026-08-14,Monterrey,Meter_v3,51,1,9.6
92,2026-08-15,Monterrey,Meter_v3,51,1,11.3
92,2026-08-16,Monterrey,Meter_v3,51,0,1.0
92,2026-08-17,Monterrey,Meter_v3,51,1,13.7
92,2026-08-18,Monterrey,Meter_v3,51,1,9.7
92,2026-08-19,Monterrey,Meter_v3,51,1,10.2
92,2026-08-20,Monterrey,Meter_v3,51,1,10.4
92,2026-08-21,Monterrey,Meter_v3,51,1,10.0
92,2026-08-22,Monterrey,Meter_v3,51,1,15.0
92,2026-08-23,Monterrey,Meter_v3,51,1,11.1
92,2026-08-24,Monterrey,Meter_v3,51,1,12.9
92,2026-08-25,Monterrey,Meter_v3,51,0,0.4
92,2026-08-26,Monterrey,Meter_v3,51,0,1.9
92,2026-08-27,Monterrey,Meter_v3,51,1,13.7
92,2026-08-28,Monterrey,Meter_v3,51,1,10.1
92,2026-08-29,Monterrey,Meter_v3,51,0,1.4
92,2026-08-30,Monterrey,Meter_v3,51,0,2.0
92,2026-08-31,Monterrey,Meter_v3,51,0,0.6
92,2026-09-01,Monterrey,Meter_v3,51,0,2.4
93,2026-08-12,Tijuana,Meter_v2,1,1,14.0
93,2026-08-13,Tijuana,Meter_v2,1,0,0.1
93,2026-08-14,Tijuana,Meter_v2,1,1,10.9
93,2026-08-15,Tijuana,Meter_v2,1,1,12.2
93,2026-08-16,Tijuana,Meter_v2,1,1,14.2
93,2026-08-17,Tijuana,Meter_v2,1,1,8.5
93,2026-08-18,Tijuana,Meter_v2,1,1,14.4
93,2026-08-19,Tijuana,Meter_v2,1,1,9.9
93,2026-08-20,Tijuana,Meter_v2,1,1,14.7
93,2026-08-21,Tijuana,Meter_v2,1,1,13.5
93,2026-08-22,Tijuana,Meter_v2,1,1,6.1
93,2026-08-23,Tijuana,Meter_v2,1,1,11.0
93,2026-08-24,Tijuana,Meter_v2,1,1,9.2
93,2026-08-25,Tijuana,Meter_v2,1,1,10.0
93,2026-08-26,Tijuana,Meter_v2,1,1,6.9
93,2026-08-27,Tijuana,Meter_v2,1,1,13.2
93,2026-08-28,Tijuana,Meter_v2,1,1,14.7
93,2026-08-29,Tijuana,Meter_v2,1,1,7.9
93,2026-08-30,Tijuana,Meter_v2,1,1,14.8
93,2026-08-31,Tijuana,Meter_v2,1,1,7.7
93,2026-09-01,Tijuana,Meter_v2,1,1,11.4
94,2026-08-12,Tijuana,Meter_Audio_v1,38,1,12.1
94,2026-08-13,Tijuana,Meter_Audio_v1,38,1,11.0
94,2026-08-14,Tijuana,Meter_Audio_v1,38,1,11.4
94,2026-08-15,Tijuana,Meter_Audio_v1,38,1,9.9
94,2026-08-16,Tijuana,Meter_Audio_v1,38,1,12.8
94,2026-08-17,Tijuana,Meter_Audio_v1,38,1,8.4
94,2026-08-18,Tijuana,Meter_Audio_v1,38,1,8.9
94,2026-08-19,Tijuana,Meter_Audio_v1,38,1,7.6
94,2026-08-20,Tijuana,Meter_Audio_v1,38,1,10.5
94,2026-08-21,Tijuana,Meter_Audio_v1,38,1,13.0
94,2026-08-22,Tijuana,Meter_Audio_v1,38,1,13.0
94,2026-08-23,Tijuana,Meter_Audio_v1,38,1,9.1
94,2026-08-24,Tijuana,Meter_Audio_v1,38,1,12.6
94,2026-08-25,Tijuana,Meter_Audio_v1,38,1,8.0
94,2026-08-26,Tijuana,Meter_Audio_v1,38,1,12.4
94,2026-08-27,Tijuana,Meter_Audio_v1,38,1,14.2
94,2026-08-28,Tijuana,Meter_Audio_v1,38,1,7.8
94,2026-08-29,Tijuana,Meter_Audio_v1,38,1,13.8
94,2026-08-30,Tijuana,Meter_Audio_v1,38,1,12.4
94,2026-08-31,Tijuana,Meter_Audio_v1,38,1,13.9
94,2026-09-01,Tijuana,Meter_Audio_v1,38,1,6.4
95,2026-08-12,Tijuana,Meter_v2,6,1,8.2
95,2026-08-13,Tijuana,Meter_v2,6,1,7.2
95,2026-08-14,Tijuana,Meter_v2,6,1,14.9
95,2026-08-15,Tijuana,Meter_v2,6,1,7.6
95,2026-08-16,Tijuana,Meter_v2,6,1,12.0
95,2026-08-17,Tijuana,Meter_v2,6,1,9.0
95,2026-08-18,Tijuana,Meter_v2,6,1,12.7
95,2026-08-19,Tijuana,Meter_v2,6,1,6.3
95,2026-08-20,Tijuana,Meter_v2,6,1,9.0
95,2026-08-21,Tijuana,Meter_v2,6,1,14.8
95,2026-08-22,Tijuana,Meter_v2,6,1,11.3
95,2026-08-23,Tijuana,Meter_v2,6,1,13.4
95,2026-08-24,Tijuana,Meter_v2,6,1,12.7
95,2026-08-25,Tijuana,Meter_v2,6,1,14.3
95,2026-08-26,Tijuana,Meter_v2,6,1,12.6
95,2026-08-27,Tijuana,Meter_v2,6,0,2.4
95,2026-08-28,Tijuana,Meter_v2,6,1,14.0
95,2026-08-29,Tijuana,Meter_v2,6,1,13.5
95,2026-08-30,Tijuana,Meter_v2,6,1,6.4
95,2026-08-31,Tijuana,Meter_v2,6,0,2.9
95,2026-09-01,Tijuana,Meter_v2,6,1,11.9
96,2026-08-12,Guadalajara,Meter_v2,12,1,9.1
96,2026-08-13,Guadalajara,Meter_v2,12,0,1.7
96,2026-08-14,Guadalajara,Meter_v2,12,1,9.0
96,2026-08-15,Guadalajara,Meter_v2,12,1,8.8
96,2026-08-16,Guadalajara,Meter_v2,12,1,10.2
96,2026-08-17,Guadalajara,Meter_v2,12,1,14.5
96,2026-08-18,Guadalajara,Meter_v2,12,1,6.4
96,2026-08-19,Guadalajara,Meter_v2,12,1,7.1
96,2026-08-20,Guadalajara,Meter_v2,12,1,8.1
96,2026-08-21,Guadalajara,Meter_v2,12,1,13.5
96,2026-08-22,Guadalajara,Meter_v2,12,1,8.8
96,2026-08-23,Guadalajara,Meter_v2,12,1,8.2
96,2026-08-24,Guadalajara,Meter_v2,12,1,9.8
96,2026-08-25,Guadalajara,Meter_v2,12,1,10.9
96,2026-08-26,Guadalajara,Meter_v2,12,1,8.3
96,2026-08-27,Guadalajara,Meter_v2,12,1,14.5
96,2026-08-28,Guadalajara,Meter_v2,12,1,12.5
96,2026-08-29,Guadalajara,Meter_v2,12,1,10.9
96,2026-08-30,Guadalajara,Meter_v2,12,1,10.6
96,2026-08-31,Guadalajara,Meter_v2,12,1,15.0
96,2026-09-01,Guadalajara,Meter_v2,12,1,7.6
97,2026-08-12,Guadalajara,Meter_v2,29,0,0.6
97,2026-08-13,Guadalajara,Meter_v2,29,1,8.2
97,2026-08-14,Guadalajara,Meter_v2,29,1,8.2
97,2026-08-15,Guadalajara,Meter_v2,29,0,0.4
97,2026-08-16,Guadalajara,Meter_v2,29,1,13.3
97,2026-08-17,Guadalajara,Meter_v2,29,1,14.4
97,2026-08-18,Guadalajara,Meter_v2,29,1,6.6
97,2026-08-19,Guadalajara,Meter_v2,29,1,8.0
97,2026-08-20,Guadalajara,Meter_v2,29,1,6.8
97,2026-08-21,Guadalajara,Meter_v2,29,1,9.5
97,2026-08-22,Guadalajara,Meter_v2,29,1,12.7
97,2026-08-23,Guadalajara,Meter_v2,29,1,9.5
97,2026-08-24,Guadalajara,Meter_v2,29,1,8.2
97,2026-08-25,Guadalajara,Meter_v2,29,1,7.7
97,2026-08-26,Guadalajara,Meter_v2,29,0,0.5
97,2026-08-27,Guadalajara,Meter_v2,29,1,9.7
97,2026-08-28,Guadalajara,Meter_v2,29,1,11.1
97,2026-08-29,Guadalajara,Meter_v2,29,1,12.9
97,2026-08-30,Guadalajara,Meter_v2,29,1,10.8
97,2026-08-31,Guadalajara,Meter_v2,29,1,9.6
97,2026-09-01,Guadalajara,Meter_v2,29,1,6.7
98,2026-08-12,CDMX,Meter_Audio_v1,23,1,11.8
98,2026-08-13,CDMX,Meter_Audio_v1,23,1,8.9
98,2026-08-14,CDMX,Meter_Audio_v1,23,1,9.2
98,2026-08-15,CDMX,Meter_Audio_v1,23,1,7.6
98,2026-08-16,CDMX,Meter_Audio_v1,23,1,11.3
98,2026-08-17,CDMX,Meter_Audio_v1,23,1,7.9
98,2026-08-18,CDMX,Meter_Audio_v1,23,1,6.4
98,2026-08-19,CDMX,Meter_Audio_v1,23,1,10.8
98,2026-08-20,CDMX,Meter_Audio_v1,23,0,1.5
98,2026-08-21,CDMX,Meter_Audio_v1,23,1,7.8
98,2026-08-22,CDMX,Meter_Audio_v1,23,1,11.9
98,2026-08-23,CDMX,Meter_Audio_v1,23,1,8.9
98,2026-08-24,CDMX,Meter_Audio_v1,23,1,13.2
98,2026-08-25,CDMX,Meter_Audio_v1,23,1,13.6
98,2026-08-26,CDMX,Meter_Audio_v1,23,1,9.1
98,2026-08-27,CDMX,Meter_Audio_v1,23,0,1.5
98,2026-08-28,CDMX,Meter_Audio_v1,23,0,2.1
98,2026-08-29,CDMX,Meter_Audio_v1,23,1,9.1
98,2026-08-30,CDMX,Meter_Audio_v1,23,1,9.4
98,2026-08-31,CDMX,Meter_Audio_v1,23,1,13.1
98,2026-09-01,CDMX,Meter_Audio_v1,23,0,2.8
99,2026-08-12,Puebla,Meter_v3,3,1,7.2
99,2026-08-13,Puebla,Meter_v3,3,1,8.1
99,2026-08-14,Puebla,Meter_v3,3,1,7.5
99,2026-08-15,Puebla,Meter_v3,3,1,13.9
99,2026-08-16,Puebla,Meter_v3,3,1,10.9
99,2026-08-17,Puebla,Meter_v3,3,1,6.8
99,2026-08-18,Puebla,Meter_v3,3,1,14.3
99,2026-08-19,Puebla,Meter_v3,3,1,14.5
99,2026-08-20,Puebla,Meter_v3,3,1,14.2
99,2026-08-21,Puebla,Meter_v3,3,1,13.6
99,2026-08-22,Puebla,Meter_v3,3,1,8.0
99,2026-08-23,Puebla,Meter_v3,3,1,12.6
99,2026-08-24,Puebla,Meter_v3,3,1,7.3
99,2026-08-25,Puebla,Meter_v3,3,1,9.0
99,2026-08-26,Puebla,Meter_v3,3,1,14.6
99,2026-08-27,Puebla,Meter_v3,3,1,8.6
99,2026-08-28,Puebla,Meter_v3,3,1,8.1
99,2026-08-29,Puebla,Meter_v3,3,1,9.2
99,2026-08-30,Puebla,Meter_v3,3,1,11.3
99,2026-08-31,Puebla,Meter_v3,3,1,11.1
99,2026-09-01,Puebla,Meter_v3,3,1,6.2
100,2026-08-12,CDMX,Meter_v3,20,1,8.8
100,2026-08-13,CDMX,Meter_v3,20,1,8.2
100,2026-08-14,CDMX,Meter_v3,20,1,9.6
100,2026-08-15,CDMX,Meter_v3,20,0,0.5
100,2026-08-16,CDMX,Meter_v3,20,1,6.4
100,2026-08-17,CDMX,Meter_v3,20,1,11.6
100,2026-08-18,CDMX,Meter_v3,20,1,10.2
100,2026-08-19,CDMX,Meter_v3,20,1,11.6
100,2026-08-20,CDMX,Meter_v3,20,1,10.8
100,2026-08-21,CDMX,Meter_v3,20,1,10.2
100,2026-08-22,CDMX,Meter_v3,20,1,8.1
100,2026-08-23,CDMX,Meter_v3,20,1,7.9
100,2026-08-24,CDMX,Meter_v3,20,1,13.9
100,2026-08-25,CDMX,Meter_v3,20,1,7.6
100,2026-08-26,CDMX,Meter_v3,20,1,11.3
100,2026-08-27,CDMX,Meter_v3,20,1,14.4
100,2026-08-28,CDMX,Meter_v3,20,1,14.3
100,2026-08-29,CDMX,Meter_v3,20,0,0.7
100,2026-08-30,CDMX,Meter_v3,20,1,8.3
100,2026-08-31,CDMX,Meter_v3,20,1,14.2
100,2026-09-01,CDMX,Meter_v3,20,1,10.2
101,2026-08-12,Guadalajara,Meter_v3,2,1,14.2
101,2026-08-13,Guadalajara,Meter_v3,2,1,14.2
101,2026-08-14,Guadalajara,Meter_v3,2,1,7.0
101,2026-08-15,Guadalajara,Meter_v3,2,1,11.5
101,2026-08-16,Guadalajara,Meter_v3,2,1,14.7
101,2026-08-17,Guadalajara,Meter_v3,2,1,12.5
101,2026-08-18,Guadalajara,Meter_v3,2,1,7.3
101,2026-08-19,Guadalajara,Meter_v3,2,0,1.3
101,2026-08-20,Guadalajara,Meter_v3,2,1,10.3
101,2026-08-21,Guadalajara,Meter_v3,2,1,12.4
101,2026-08-22,Guadalajara,Meter_v3,2,1,7.5
101,2026-08-23,Guadalajara,Meter_v3,2,1,14.7
101,2026-08-24,Guadalajara,Meter_v3,2,1,6.3
101,2026-08-25,Guadalajara,Meter_v3,2,1,9.8
101,2026-08-26,Guadalajara,Meter_v3,2,1,14.3
101,2026-08-27,Guadalajara,Meter_v3,2,1,6.3
101,2026-08-28,Guadalajara,Meter_v3,2,1,8.5
101,2026-08-29,Guadalajara,Meter_v3,2,1,7.5
101,2026-08-30,Guadalajara,Meter_v3,2,1,6.5
101,2026-08-31,Guadalajara,Meter_v3,2,1,13.4
101,2026-09-01,Guadalajara,Meter_v3,2,1,12.5
102,2026-08-12,Tijuana,Meter_v3,8,1,12.7
102,2026-08-13,Tijuana,Meter_v3,8,1,12.0
102,2026-08-14,Tijuana,Meter_v3,8,1,8.2
102,2026-08-15,Tijuana,Meter_v3,8,1,10.5
102,2026-08-16,Tijuana,Meter_v3,8,1,12.1
102,2026-08-17,Tijuana,Meter_v3,8,1,8.1
102,2026-08-18,Tijuana,Meter_v3,8,1,7.7
102,2026-08-19,Tijuana,Meter_v3,8,1,14.9
102,2026-08-20,Tijuana,Meter_v3,8,1,13.7
102,2026-08-21,Tijuana,Meter_v3,8,1,13.5
102,2026-08-22,Tijuana,Meter_v3,8,1,13.5
102,2026-08-23,Tijuana,Meter_v3,8,1,14.9
102,2026-08-24,Tijuana,Meter_v3,8,1,6.2
102,2026-08-25,Tijuana,Meter_v3,8,1,12.8
102,2026-08-26,Tijuana,Meter_v3,8,1,10.6
102,2026-08-27,Tijuana,Meter_v3,8,1,6.1
102,2026-08-28,Tijuana,Meter_v3,8,1,12.6
102,2026-08-29,Tijuana,Meter_v3,8,1,13.3
102,2026-08-30,Tijuana,Meter_v3,8,1,8.8
102,2026-08-31,Tijuana,Meter_v3,8,1,7.6
102,2026-09-01,Tijuana,Meter_v3,8,1,13.7
103,2026-08-12,Puebla,Meter_v3,31,1,11.6
103,2026-08-13,Puebla,Meter_v3,31,1,6.7
103,2026-08-14,Puebla,Meter_v3,31,1,14.6
103,2026-08-15,Puebla,Meter_v3,31,1,13.7
103,2026-08-16,Puebla,Meter_v3,31,1,13.0
103,2026-08-17,Puebla,Meter_v3,31,1,9.5
103,2026-08-18,Puebla,Meter_v3,31,1,12.8
103,2026-08-19,Puebla,Meter_v3,31,1,14.3
103,2026-08-20,Puebla,Meter_v3,31,1,14.7
103,2026-08-21,Puebla,Meter_v3,31,1,10.9
103,2026-08-22,Puebla,Meter_v3,31,0,1.4
103,2026-08-23,Puebla,Meter_v3,31,1,9.7
103,2026-08-24,Puebla,Meter_v3,31,0,2.3
103,2026-08-25,Puebla,Meter_v3,31,1,6.3
103,2026-08-26,Puebla,Meter_v3,31,1,6.6
103,2026-08-27,Puebla,Meter_v3,31,1,8.2
103,2026-08-28,Puebla,Meter_v3,31,1,14.7
103,2026-08-29,Puebla,Meter_v3,31,1,8.2
103,2026-08-30,Puebla,Meter_v3,31,0,2.0
103,2026-08-31,Puebla,Meter_v3,31,1,14.2
103,2026-09-01,Puebla,Meter_v3,31,1,6.3
104,2026-08-12,Guadalajara,Meter_v3,11,1,6.6
104,2026-08-13,Guadalajara,Meter_v3,11,1,9.7
104,2026-08-14,Guadalajara,Meter_v3,11,1,6.7
104,2026-08-15,Guadalajara,Meter_v3,11,1,7.9
104,2026-08-16,Guadalajara,Meter_v3,11,1,11.7
104,2026-08-17,Guadalajara,Meter_v3,11,1,13.5
104,2026-08-18,Guadalajara,Meter_v3,11,1,6.3
104,2026-08-19,Guadalajara,Meter_v3,11,1,14.8
104,2026-08-20,Guadalajara,Meter_v3,11,1,7.1
104,2026-08-21,Guadalajara,Meter_v3,11,1,10.5
104,2026-08-22,Guadalajara,Meter_v3,11,0,0.1
104,2026-08-23,Guadalajara,Meter_v3,11,1,8.2
104,2026-08-24,Guadalajara,Meter_v3,11,0,0.0
104,2026-08-25,Guadalajara,Meter_v3,11,1,7.1
104,2026-08-26,Guadalajara,Meter_v3,11,1,8.4
104,2026-08-27,Guadalajara,Meter_v3,11,1,8.1
104,2026-08-28,Guadalajara,Meter_v3,11,0,1.0
104,2026-08-29,Guadalajara,Meter_v3,11,1,8.4
104,2026-08-30,Guadalajara,Meter_v3,11,1,12.9
104,2026-08-31,Guadalajara,Meter_v3,11,1,13.2
104,2026-09-01,Guadalajara,Meter_v3,11,1,10.3
105,2026-08-12,Monterrey,Meter_Audio_v1,17,1,6.2
105,2026-08-13,Monterrey,Meter_Audio_v1,17,1,10.0
105,2026-08-14,Monterrey,Meter_Audio_v1,17,1,11.5
105,2026-08-15,Monterrey,Meter_Audio_v1,17,0,2.8
105,2026-08-16,Monterrey,Meter_Audio_v1,17,1,11.6
105,2026-08-17,Monterrey,Meter_Audio_v1,17,1,13.4
105,2026-08-18,Monterrey,Meter_Audio_v1,17,1,6.9
105,2026-08-19,Monterrey,Meter_Audio_v1,17,1,13.5
105,2026-08-20,Monterrey,Meter_Audio_v1,17,1,7.3
105,2026-08-21,Monterrey,Meter_Audio_v1,17,1,10.0
105,2026-08-22,Monterrey,Meter_Audio_v1,17,1,8.7
105,2026-08-23,Monterrey,Meter_Audio_v1,17,1,6.7
105,2026-08-24,Monterrey,Meter_Audio_v1,17,1,6.1
105,2026-08-25,Monterrey,Meter_Audio_v1,17,1,11.8
105,2026-08-26,Monterrey,Meter_Audio_v1,17,1,14.2
105,2026-08-27,Monterrey,Meter_Audio_v1,17,1,10.3
105,2026-08-28,Monterrey,Meter_Audio_v1,17,1,12.0
105,2026-08-29,Monterrey,Meter_Audio_v1,17,1,11.6
105,2026-08-30,Monterrey,Meter_Audio_v1,17,1,11.3
105,2026-08-31,Monterrey,Meter_Audio_v1,17,0,1.8
105,2026-09-01,Monterrey,Meter_Audio_v1,17,1,8.7
106,2026-08-12,Tijuana,Meter_v2,24,1,10.2
106,2026-08-13,Tijuana,Meter_v2,24,1,12.9
106,2026-08-14,Tijuana,Meter_v2,24,1,9.1
106,2026-08-15,Tijuana,Meter_v2,24,1,11.0
106,2026-08-16,Tijuana,Meter_v2,24,1,10.5
106,2026-08-17,Tijuana,Meter_v2,24,1,15.0
106,2026-08-18,Tijuana,Meter_v2,24,1,14.2
106,2026-08-19,Tijuana,Meter_v2,24,1,10.4
106,2026-08-20,Tijuana,Meter_v2,24,1,9.5
106,2026-08-21,Tijuana,Meter_v2,24,1,14.9
106,2026-08-22,Tijuana,Meter_v2,24,1,6.9
106,2026-08-23,Tijuana,Meter_v2,24,1,6.7
106,2026-08-24,Tijuana,Meter_v2,24,1,6.7
106,2026-08-25,Tijuana,Meter_v2,24,1,14.1
106,2026-08-26,Tijuana,Meter_v2,24,1,11.2
106,2026-08-27,Tijuana,Meter_v2,24,1,12.6
106,2026-08-28,Tijuana,Meter_v2,24,1,10.9
106,2026-08-29,Tijuana,Meter_v2,24,1,14.2
106,2026-08-30,Tijuana,Meter_v2,24,1,11.7
106,2026-08-31,Tijuana,Meter_v2,24,1,9.1
106,2026-09-01,Tijuana,Meter_v2,24,1,9.4
107,2026-08-12,Monterrey,Meter_Audio_v1,31,1,14.5
107,2026-08-13,Monterrey,Meter_Audio_v1,31,1,6.7
107,2026-08-14,Monterrey,Meter_Audio_v1,31,1,6.9
107,2026-08-15,Monterrey,Meter_Audio_v1,31,1,14.9
107,2026-08-16,Monterrey,Meter_Audio_v1,31,1,9.3
107,2026-08-17,Monterrey,Meter_Audio_v1,31,1,7.5
107,2026-08-18,Monterrey,Meter_Audio_v1,31,1,11.5
107,2026-08-19,Monterrey,Meter_Audio_v1,31,1,13.1
107,2026-08-20,Monterrey,Meter_Audio_v1,31,1,12.3
107,2026-08-21,Monterrey,Meter_Audio_v1,31,1,9.6
107,2026-08-22,Monterrey,Meter_Audio_v1,31,1,13.1
107,2026-08-23,Monterrey,Meter_Audio_v1,31,1,7.1
107,2026-08-24,Monterrey,Meter_Audio_v1,31,1,13.2
107,2026-08-25,Monterrey,Meter_Audio_v1,31,1,9.5
107,2026-08-26,Monterrey,Meter_Audio_v1,31,1,6.9
107,2026-08-27,Monterrey,Meter_Audio_v1,31,1,12.7
107,2026-08-28,Monterrey,Meter_Audio_v1,31,1,8.6
107,2026-08-29,Monterrey,Meter_Audio_v1,31,1,14.5
107,2026-08-30,Monterrey,Meter_Audio_v1,31,1,10.3
107,2026-08-31,Monterrey,Meter_Audio_v1,31,1,10.1
107,2026-09-01,Monterrey,Meter_Audio_v1,31,1,13.1
108,2026-08-12,Puebla,Meter_v2,26,1,12.6
108,2026-08-13,Puebla,Meter_v2,26,1,8.4
108,2026-08-14,Puebla,Meter_v2,26,1,7.9
108,2026-08-15,Puebla,Meter_v2,26,1,11.9
108,2026-08-16,Puebla,Meter_v2,26,1,9.9
108,2026-08-17,Puebla,Meter_v2,26,1,13.1
108,2026-08-18,Puebla,Meter_v2,26,1,13.8
108,2026-08-19,Puebla,Meter_v2,26,1,10.5
108,2026-08-20,Puebla,Meter_v2,26,1,9.3
108,2026-08-21,Puebla,Meter_v2,26,1,9.8
108,2026-08-22,Puebla,Meter_v2,26,1,12.0
108,2026-08-23,Puebla,Meter_v2,26,1,13.5
108,2026-08-24,Puebla,Meter_v2,26,1,7.4
108,2026-08-25,Puebla,Meter_v2,26,1,9.5
108,2026-08-26,Puebla,Meter_v2,26,1,9.8
108,2026-08-27,Puebla,Meter_v2,26,1,10.8
108,2026-08-28,Puebla,Meter_v2,26,1,14.6
108,2026-08-29,Puebla,Meter_v2,26,1,12.9
108,2026-08-30,Puebla,Meter_v2,26,0,0.7
108,2026-08-31,Puebla,Meter_v2,26,1,8.1
108,2026-09-01,Puebla,Meter_v2,26,1,14.9
109,2026-08-12,Guadalajara,Meter_v2,1,0,2.7
109,2026-08-13,Guadalajara,Meter_v2,1,1,6.4
109,2026-08-14,Guadalajara,Meter_v2,1,1,12.4
109,2026-08-15,Guadalajara,Meter_v2,1,1,13.1
109,2026-08-16,Guadalajara,Meter_v2,1,1,14.5
109,2026-08-17,Guadalajara,Meter_v2,1,1,7.4
109,2026-08-18,Guadalajara,Meter_v2,1,1,7.5
109,2026-08-19,Guadalajara,Meter_v2,1,1,9.2
109,2026-08-20,Guadalajara,Meter_v2,1,1,9.7
109,2026-08-21,Guadalajara,Meter_v2,1,0,2.2
109,2026-08-22,Guadalajara,Meter_v2,1,1,8.4
109,2026-08-23,Guadalajara,Meter_v2,1,1,10.8
109,2026-08-24,Guadalajara,Meter_v2,1,1,9.4
109,2026-08-25,Guadalajara,Meter_v2,1,1,13.0
109,2026-08-26,Guadalajara,Meter_v2,1,1,10.3
109,2026-08-27,Guadalajara,Meter_v2,1,1,11.2
109,2026-08-28,Guadalajara,Meter_v2,1,1,12.1
109,2026-08-29,Guadalajara,Meter_v2,1,1,8.9
109,2026-08-30,Guadalajara,Meter_v2,1,1,12.8
109,2026-08-31,Guadalajara,Meter_v2,1,1,10.0
109,2026-09-01,Guadalajara,Meter_v2,1,1,13.3
110,2026-08-12,Tijuana,Meter_Audio_v1,10,1,13.0
110,2026-08-13,Tijuana,Meter_Audio_v1,10,1,7.4
110,2026-08-14,Tijuana,Meter_Audio_v1,10,0,1.8
110,2026-08-15,Tijuana,Meter_Audio_v1,10,1,9.7
110,2026-08-16,Tijuana,Meter_Audio_v1,10,1,8.7
110,2026-08-17,Tijuana,Meter_Audio_v1,10,1,6.6
110,2026-08-18,Tijuana,Meter_Audio_v1,10,1,11.0
110,2026-08-19,Tijuana,Meter_Audio_v1,10,1,9.9
110,2026-08-20,Tijuana,Meter_Audio_v1,10,1,10.6
110,2026-08-21,Tijuana,Meter_Audio_v1,10,1,9.0
110,2026-08-22,Tijuana,Meter_Audio_v1,10,1,14.2
110,2026-08-23,Tijuana,Meter_Audio_v1,10,1,11.9
110,2026-08-24,Tijuana,Meter_Audio_v1,10,1,13.2
110,2026-08-25,Tijuana,Meter_Audio_v1,10,1,8.3
110,2026-08-26,Tijuana,Meter_Audio_v1,10,1,9.1
110,2026-08-27,Tijuana,Meter_Audio_v1,10,1,13.1
110,2026-08-28,Tijuana,Meter_Audio_v1,10,1,9.5
110,2026-08-29,Tijuana,Meter_Audio_v1,10,1,6.9
110,2026-08-30,Tijuana,Meter_Audio_v1,10,1,8.6
110,2026-08-31,Tijuana,Meter_Audio_v1,10,1,13.3
110,2026-09-01,Tijuana,Meter_Audio_v1,10,1,6.2
111,2026-08-12,Guadalajara,Meter_Audio_v1,12,1,7.6
111,2026-08-13,Guadalajara,Meter_Audio_v1,12,1,8.6
111,2026-08-14,Guadalajara,Meter_Audio_v1,12,1,13.2
111,2026-08-15,Guadalajara,Meter_Audio_v1,12,1,10.8
111,2026-08-16,Guadalajara,Meter_Audio_v1,12,1,13.1
111,2026-08-17,Guadalajara,Meter_Audio_v1,12,1,14.0
111,2026-08-18,Guadalajara,Meter_Audio_v1,12,1,10.6
111,2026-08-19,Guadalajara,Meter_Audio_v1,12,1,14.9
111,2026-08-20,Guadalajara,Meter_Audio_v1,12,1,8.5
111,2026-08-21,Guadalajara,Meter_Audio_v1,12,1,6.2
111,2026-08-22,Guadalajara,Meter_Audio_v1,12,0,1.0
111,2026-08-23,Guadalajara,Meter_Audio_v1,12,1,12.9
111,2026-08-24,Guadalajara,Meter_Audio_v1,12,1,13.3
111,2026-08-25,Guadalajara,Meter_Audio_v1,12,1,8.0
111,2026-08-26,Guadalajara,Meter_Audio_v1,12,0,0.9
111,2026-08-27,Guadalajara,Meter_Audio_v1,12,1,9.1
111,2026-08-28,Guadalajara,Meter_Audio_v1,12,1,10.4
111,2026-08-29,Guadalajara,Meter_Audio_v1,12,1,14.3
111,2026-08-30,Guadalajara,Meter_Audio_v1,12,1,8.8
111,2026-08-31,Guadalajara,Meter_Audio_v1,12,1,12.3
111,2026-09-01,Guadalajara,Meter_Audio_v1,12,1,9.2
112,2026-08-12,Tijuana,Meter_v3,2,1,12.7
112,2026-08-13,Tijuana,Meter_v3,2,1,8.2
112,2026-08-14,Tijuana,Meter_v3,2,1,7.5
112,2026-08-15,Tijuana,Meter_v3,2,1,12.0
112,2026-08-16,Tijuana,Meter_v3,2,1,7.1
112,2026-08-17,Tijuana,Meter_v3,2,1,13.8
112,2026-08-18,Tijuana,Meter_v3,2,1,13.5
112,2026-08-19,Tijuana,Meter_v3,2,1,8.0
112,2026-08-20,Tijuana,Meter_v3,2,1,10.8
112,2026-08-21,Tijuana,Meter_v3,2,1,12.8
112,2026-08-22,Tijuana,Meter_v3,2,1,6.3
112,2026-08-23,Tijuana,Meter_v3,2,1,8.8
112,2026-08-24,Tijuana,Meter_v3,2,1,7.3
112,2026-08-25,Tijuana,Meter_v3,2,1,12.0
112,2026-08-26,Tijuana,Meter_v3,2,1,14.5
112,2026-08-27,Tijuana,Meter_v3,2,1,11.0
112,2026-08-28,Tijuana,Meter_v3,2,1,7.7
112,2026-08-29,Tijuana,Meter_v3,2,1,9.9
112,2026-08-30,Tijuana,Meter_v3,2,1,9.3
112,2026-08-31,Tijuana,Meter_v3,2,1,14.8
112,2026-09-01,Tijuana,Meter_v3,2,1,11.5
113,2026-08-12,Monterrey,Meter_v3,15,1,9.7
113,2026-08-13,Monterrey,Meter_v3,15,1,7.1
113,2026-08-14,Monterrey,Meter_v3,15,1,12.5
113,2026-08-15,Monterrey,Meter_v3,15,1,10.9
113,2026-08-16,Monterrey,Meter_v3,15,1,6.6
113,2026-08-17,Monterrey,Meter_v3,15,1,8.5
113,2026-08-18,Monterrey,Meter_v3,15,1,13.7
113,2026-08-19,Monterrey,Meter_v3,15,1,14.8
113,2026-08-20,Monterrey,Meter_v3,15,1,14.3
113,2026-08-21,Monterrey,Meter_v3,15,1,12.2
113,2026-08-22,Monterrey,Meter_v3,15,1,10.8
113,2026-08-23,Monterrey,Meter_v3,15,1,6.7
113,2026-08-24,Monterrey,Meter_v3,15,0,0.8
113,2026-08-25,Monterrey,Meter_v3,15,0,0.0
113,2026-08-26,Monterrey,Meter_v3,15,1,8.3
113,2026-08-27,Monterrey,Meter_v3,15,1,13.8
113,2026-08-28,Monterrey,Meter_v3,15,0,0.2
113,2026-08-29,Monterrey,Meter_v3,15,0,1.0
113,2026-08-30,Monterrey,Meter_v3,15,0,0.6
113,2026-08-31,Monterrey,Meter_v3,15,0,2.6
113,2026-09-01,Monterrey,Meter_v3,15,0,2.6
114,2026-08-12,Guadalajara,Meter_v2,17,1,9.8
114,2026-08-13,Guadalajara,Meter_v2,17,1,8.3
114,2026-08-14,Guadalajara,Meter_v2,17,1,8.2
114,2026-08-15,Guadalajara,Meter_v2,17,1,14.5
114,2026-08-16,Guadalajara,Meter_v2,17,1,9.0
114,2026-08-17,Guadalajara,Meter_v2,17,0,1.3
114,2026-08-18,Guadalajara,Meter_v2,17,1,12.9
114,2026-08-19,Guadalajara,Meter_v2,17,1,9.4
114,2026-08-20,Guadalajara,Meter_v2,17,1,13.6
114,2026-08-21,Guadalajara,Meter_v2,17,1,8.1
114,2026-08-22,Guadalajara,Meter_v2,17,1,8.0
114,2026-08-23,Guadalajara,Meter_v2,17,1,11.4
114,2026-08-24,Guadalajara,Meter_v2,17,1,8.4
114,2026-08-25,Guadalajara,Meter_v2,17,1,13.8
114,2026-08-26,Guadalajara,Meter_v2,17,1,10.6
114,2026-08-27,Guadalajara,Meter_v2,17,1,8.4
114,2026-08-28,Guadalajara,Meter_v2,17,1,13.7
114,2026-08-29,Guadalajara,Meter_v2,17,1,14.5
114,2026-08-30,Guadalajara,Meter_v2,17,1,13.5
114,2026-08-31,Guadalajara,Meter_v2,17,1,14.6
114,2026-09-01,Guadalajara,Meter_v2,17,1,7.4
115,2026-08-12,Tijuana,Meter_v3,32,1,13.4
115,2026-08-13,Tijuana,Meter_v3,32,0,2.1
115,2026-08-14,Tijuana,Meter_v3,32,1,14.7
115,2026-08-15,Tijuana,Meter_v3,32,1,13.4
115,2026-08-16,Tijuana,Meter_v3,32,1,7.7
115,2026-08-17,Tijuana,Meter_v3,32,1,6.4
115,2026-08-18,Tijuana,Meter_v3,32,1,9.3
115,2026-08-19,Tijuana,Meter_v3,32,1,9.3
115,2026-08-20,Tijuana,Meter_v3,32,1,13.5
115,2026-08-21,Tijuana,Meter_v3,32,1,8.5
115,2026-08-22,Tijuana,Meter_v3,32,1,6.7
115,2026-08-23,Tijuana,Meter_v3,32,1,8.2
115,2026-08-24,Tijuana,Meter_v3,32,1,14.3
115,2026-08-25,Tijuana,Meter_v3,32,0,0.1
115,2026-08-26,Tijuana,Meter_v3,32,1,12.9
115,2026-08-27,Tijuana,Meter_v3,32,0,0.8
115,2026-08-28,Tijuana,Meter_v3,32,1,10.5
115,2026-08-29,Tijuana,Meter_v3,32,1,14.0
115,2026-08-30,Tijuana,Meter_v3,32,1,7.8
115,2026-08-31,Tijuana,Meter_v3,32,1,14.5
115,2026-09-01,Tijuana,Meter_v3,32,1,6.2
116,2026-08-12,CDMX,Meter_Audio_v1,52,1,6.5
116,2026-08-13,CDMX,Meter_Audio_v1,52,1,7.7
116,2026-08-14,CDMX,Meter_Audio_v1,52,1,9.5
116,2026-08-15,CDMX,Meter_Audio_v1,52,0,2.9
116,2026-08-16,CDMX,Meter_Audio_v1,52,1,12.6
116,2026-08-17,CDMX,Meter_Audio_v1,52,1,14.0
116,2026-08-18,CDMX,Meter_Audio_v1,52,1,7.5
116,2026-08-19,CDMX,Meter_Audio_v1,52,1,12.2
116,2026-08-20,CDMX,Meter_Audio_v1,52,1,8.6
116,2026-08-21,CDMX,Meter_Audio_v1,52,1,14.5
116,2026-08-22,CDMX,Meter_Audio_v1,52,1,11.5
116,2026-08-23,CDMX,Meter_Audio_v1,52,1,11.9
116,2026-08-24,CDMX,Meter_Audio_v1,52,1,12.6
116,2026-08-25,CDMX,Meter_Audio_v1,52,1,8.6
116,2026-08-26,CDMX,Meter_Audio_v1,52,1,8.2
116,2026-08-27,CDMX,Meter_Audio_v1,52,1,10.6
116,2026-08-28,CDMX,Meter_Audio_v1,52,0,0.2
116,2026-08-29,CDMX,Meter_Audio_v1,52,1,8.5
116,2026-08-30,CDMX,Meter_Audio_v1,52,1,7.5
116,2026-08-31,CDMX,Meter_Audio_v1,52,1,11.9
116,2026-09-01,CDMX,Meter_Audio_v1,52,0,0.4
117,2026-08-12,Monterrey,Meter_Audio_v1,3,1,12.8
117,2026-08-13,Monterrey,Meter_Audio_v1,3,0,0.9
117,2026-08-14,Monterrey,Meter_Audio_v1,3,1,7.7
117,2026-08-15,Monterrey,Meter_Audio_v1,3,0,0.1
117,2026-08-16,Monterrey,Meter_Audio_v1,3,1,14.2
117,2026-08-17,Monterrey,Meter_Audio_v1,3,1,14.8
117,2026-08-18,Monterrey,Meter_Audio_v1,3,1,14.1
117,2026-08-19,Monterrey,Meter_Audio_v1,3,0,1.3
117,2026-08-20,Monterrey,Meter_Audio_v1,3,1,11.8
117,2026-08-21,Monterrey,Meter_Audio_v1,3,1,7.3
117,2026-08-22,Monterrey,Meter_Audio_v1,3,1,10.5
117,2026-08-23,Monterrey,Meter_Audio_v1,3,1,8.5
117,2026-08-24,Monterrey,Meter_Audio_v1,3,1,13.1
117,2026-08-25,Monterrey,Meter_Audio_v1,3,1,13.9
117,2026-08-26,Monterrey,Meter_Audio_v1,3,1,8.7
117,2026-08-27,Monterrey,Meter_Audio_v1,3,1,9.3
117,2026-08-28,Monterrey,Meter_Audio_v1,3,0,2.2
117,2026-08-29,Monterrey,Meter_Audio_v1,3,1,12.5
117,2026-08-30,Monterrey,Meter_Audio_v1,3,1,9.5
117,2026-08-31,Monterrey,Meter_Audio_v1,3,1,8.5
117,2026-09-01,Monterrey,Meter_Audio_v1,3,1,12.0
118,2026-08-12,Puebla,Meter_v2,5,1,7.5
118,2026-08-13,Puebla,Meter_v2,5,1,6.4
118,2026-08-14,Puebla,Meter_v2,5,1,14.8
118,2026-08-15,Puebla,Meter_v2,5,1,6.8
118,2026-08-16,Puebla,Meter_v2,5,1,14.8
118,2026-08-17,Puebla,Meter_v2,5,1,14.7
118,2026-08-18,Puebla,Meter_v2,5,0,2.1
118,2026-08-19,Puebla,Meter_v2,5,1,14.0
118,2026-08-20,Puebla,Meter_v2,5,0,0.3
118,2026-08-21,Puebla,Meter_v2,5,1,8.5
118,2026-08-22,Puebla,Meter_v2,5,1,12.4
118,2026-08-23,Puebla,Meter_v2,5,0,1.3
118,2026-08-24,Puebla,Meter_v2,5,1,10.8
118,2026-08-25,Puebla,Meter_v2,5,1,8.1
118,2026-08-26,Puebla,Meter_v2,5,1,7.9
118,2026-08-27,Puebla,Meter_v2,5,1,8.8
118,2026-08-28,Puebla,Meter_v2,5,1,14.6
118,2026-08-29,Puebla,Meter_v2,5,1,7.6
118,2026-08-30,Puebla,Meter_v2,5,1,9.7
118,2026-08-31,Puebla,Meter_v2,5,0,0.2
118,2026-09-01,Puebla,Meter_v2,5,1,12.7
119,2026-08-12,Monterrey,Meter_v2,20,1,7.5
119,2026-08-13,Monterrey,Meter_v2,20,1,12.4
119,2026-08-14,Monterrey,Meter_v2,20,1,6.2
119,2026-08-15,Monterrey,Meter_v2,20,1,14.4
119,2026-08-16,Monterrey,Meter_v2,20,1,14.3
119,2026-08-17,Monterrey,Meter_v2,20,1,12.9
119,2026-08-18,Monterrey,Meter_v2,20,0,1.5
119,2026-08-19,Monterrey,Meter_v2,20,1,12.3
119,2026-08-20,Monterrey,Meter_v2,20,1,9.3
119,2026-08-21,Monterrey,Meter_v2,20,1,8.6
119,2026-08-22,Monterrey,Meter_v2,20,1,8.2
119,2026-08-23,Monterrey,Meter_v2,20,1,11.2
119,2026-08-24,Monterrey,Meter_v2,20,1,10.1
119,2026-08-25,Monterrey,Meter_v2,20,1,14.5
119,2026-08-26,Monterrey,Meter_v2,20,1,7.5
119,2026-08-27,Monterrey,Meter_v2,20,1,14.7
119,2026-08-28,Monterrey,Meter_v2,20,1,10.6
119,2026-08-29,Monterrey,Meter_v2,20,1,9.8
119,2026-08-30,Monterrey,Meter_v2,20,1,8.2
119,2026-08-31,Monterrey,Meter_v2,20,1,9.5
119,2026-09-01,Monterrey,Meter_v2,20,1,8.8
120,2026-08-12,Guadalajara,Meter_v3,3,1,11.0
120,2026-08-13,Guadalajara,Meter_v3,3,1,8.6
120,2026-08-14,Guadalajara,Meter_v3,3,1,6.0
120,2026-08-15,Guadalajara,Meter_v3,3,1,10.9
120,2026-08-16,Guadalajara,Meter_v3,3,1,13.6
120,2026-08-17,Guadalajara,Meter_v3,3,1,14.9
120,2026-08-18,Guadalajara,Meter_v3,3,1,11.0
120,2026-08-19,Guadalajara,Meter_v3,3,1,8.2
120,2026-08-20,Guadalajara,Meter_v3,3,1,9.4
120,2026-08-21,Guadalajara,Meter_v3,3,1,6.3
120,2026-08-22,Guadalajara,Meter_v3,3,1,7.8
120,2026-08-23,Guadalajara,Meter_v3,3,1,11.1
120,2026-08-24,Guadalajara,Meter_v3,3,1,8.0
120,2026-08-25,Guadalajara,Meter_v3,3,1,8.2
120,2026-08-26,Guadalajara,Meter_v3,3,1,14.2
120,2026-08-27,Guadalajara,Meter_v3,3,1,6.1
120,2026-08-28,Guadalajara,Meter_v3,3,1,14.3
120,2026-08-29,Guadalajara,Meter_v3,3,1,10.3
120,2026-08-30,Guadalajara,Meter_v3,3,1,11.5
120,2026-08-31,Guadalajara,Meter_v3,3,1,6.1
120,2026-09-01,Guadalajara,Meter_v3,3,1,7.6
121,2026-08-12,Monterrey,Meter_v2,5,1,10.1
121,2026-08-13,Monterrey,Meter_v2,5,1,6.2
121,2026-08-14,Monterrey,Meter_v2,5,1,13.9
121,2026-08-15,Monterrey,Meter_v2,5,1,12.5
121,2026-08-16,Monterrey,Meter_v2,5,1,9.1
121,2026-08-17,Monterrey,Meter_v2,5,1,11.7
121,2026-08-18,Monterrey,Meter_v2,5,1,15.0
121,2026-08-19,Monterrey,Meter_v2,5,1,14.6
121,2026-08-20,Monterrey,Meter_v2,5,1,7.9
121,2026-08-21,Monterrey,Meter_v2,5,1,7.8
121,2026-08-22,Monterrey,Meter_v2,5,1,11.6
121,2026-08-23,Monterrey,Meter_v2,5,1,8.7
121,2026-08-24,Monterrey,Meter_v2,5,1,10.0
121,2026-08-25,Monterrey,Meter_v2,5,1,7.8
121,2026-08-26,Monterrey,Meter_v2,5,1,9.7
121,2026-08-27,Monterrey,Meter_v2,5,1,12.8
121,2026-08-28,Monterrey,Meter_v2,5,1,12.3
121,2026-08-29,Monterrey,Meter_v2,5,1,7.0
121,2026-08-30,Monterrey,Meter_v2,5,1,14.0
121,2026-08-31,Monterrey,Meter_v2,5,0,0.2
121,2026-09-01,Monterrey,Meter_v2,5,1,13.0
122,2026-08-12,Guadalajara,Meter_Audio_v1,16,1,12.1
122,2026-08-13,Guadalajara,Meter_Audio_v1,16,1,14.8
122,2026-08-14,Guadalajara,Meter_Audio_v1,16,1,15.0
122,2026-08-15,Guadalajara,Meter_Audio_v1,16,1,14.6
122,2026-08-16,Guadalajara,Meter_Audio_v1,16,1,6.1
122,2026-08-17,Guadalajara,Meter_Audio_v1,16,1,10.1
122,2026-08-18,Guadalajara,Meter_Audio_v1,16,1,12.7
122,2026-08-19,Guadalajara,Meter_Audio_v1,16,0,0.7
122,2026-08-20,Guadalajara,Meter_Audio_v1,16,1,6.8
122,2026-08-21,Guadalajara,Meter_Audio_v1,16,1,15.0
122,2026-08-22,Guadalajara,Meter_Audio_v1,16,1,10.2
122,2026-08-23,Guadalajara,Meter_Audio_v1,16,1,11.2
122,2026-08-24,Guadalajara,Meter_Audio_v1,16,1,12.0
122,2026-08-25,Guadalajara,Meter_Audio_v1,16,1,9.8
122,2026-08-26,Guadalajara,Meter_Audio_v1,16,0,0.4
122,2026-08-27,Guadalajara,Meter_Audio_v1,16,1,13.1
122,2026-08-28,Guadalajara,Meter_Audio_v1,16,1,10.2
122,2026-08-29,Guadalajara,Meter_Audio_v1,16,1,14.0
122,2026-08-30,Guadalajara,Meter_Audio_v1,16,1,10.1
122,2026-08-31,Guadalajara,Meter_Audio_v1,16,1,14.6
122,2026-09-01,Guadalajara,Meter_Audio_v1,16,1,13.7
123,2026-08-12,Monterrey,Meter_v3,4,1,13.0
123,2026-08-13,Monterrey,Meter_v3,4,1,13.5
123,2026-08-14,Monterrey,Meter_v3,4,1,14.4
123,2026-08-15,Monterrey,Meter_v3,4,1,6.5
123,2026-08-16,Monterrey,Meter_v3,4,1,11.4
123,2026-08-17,Monterrey,Meter_v3,4,1,6.8
123,2026-08-18,Monterrey,Meter_v3,4,0,1.0
123,2026-08-19,Monterrey,Meter_v3,4,1,13.7
123,2026-08-20,Monterrey,Meter_v3,4,1,10.9
123,2026-08-21,Monterrey,Meter_v3,4,1,7.4
123,2026-08-22,Monterrey,Meter_v3,4,1,11.5
123,2026-08-23,Monterrey,Meter_v3,4,1,6.0
123,2026-08-24,Monterrey,Meter_v3,4,1,12.0
123,2026-08-25,Monterrey,Meter_v3,4,0,1.5
123,2026-08-26,Monterrey,Meter_v3,4,0,2.9
123,2026-08-27,Monterrey,Meter_v3,4,0,2.2
123,2026-08-28,Monterrey,Meter_v3,4,0,2.0
123,2026-08-29,Monterrey,Meter_v3,4,1,11.7
123,2026-08-30,Monterrey,Meter_v3,4,1,13.5
123,2026-08-31,Monterrey,Meter_v3,4,0,2.7
123,2026-09-01,Monterrey,Meter_v3,4,1,11.2
124,2026-08-12,CDMX,Meter_Audio_v1,28,1,6.2
124,2026-08-13,CDMX,Meter_Audio_v1,28,1,9.1
124,2026-08-14,CDMX,Meter_Audio_v1,28,1,14.9
124,2026-08-15,CDMX,Meter_Audio_v1,28,1,7.9
124,2026-08-16,CDMX,Meter_Audio_v1,28,1,10.2
124,2026-08-17,CDMX,Meter_Audio_v1,28,0,2.3
124,2026-08-18,CDMX,Meter_Audio_v1,28,1,11.0
124,2026-08-19,CDMX,Meter_Audio_v1,28,1,10.7
124,2026-08-20,CDMX,Meter_Audio_v1,28,1,9.7
124,2026-08-21,CDMX,Meter_Audio_v1,28,1,11.3
124,2026-08-22,CDMX,Meter_Audio_v1,28,1,9.3
124,2026-08-23,CDMX,Meter_Audio_v1,28,1,6.3
124,2026-08-24,CDMX,Meter_Audio_v1,28,1,14.3
124,2026-08-25,CDMX,Meter_Audio_v1,28,1,11.0
124,2026-08-26,CDMX,Meter_Audio_v1,28,1,7.9
124,2026-08-27,CDMX,Meter_Audio_v1,28,1,7.9
124,2026-08-28,CDMX,Meter_Audio_v1,28,1,7.1
124,2026-08-29,CDMX,Meter_Audio_v1,28,1,7.1
124,2026-08-30,CDMX,Meter_Audio_v1,28,1,12.3
124,2026-08-31,CDMX,Meter_Audio_v1,28,1,12.9
124,2026-09-01,CDMX,Meter_Audio_v1,28,1,10.3
125,2026-08-12,Monterrey,Meter_Audio_v1,36,1,11.6
125,2026-08-13,Monterrey,Meter_Audio_v1,36,1,12.7
125,2026-08-14,Monterrey,Meter_Audio_v1,36,1,8.8
125,2026-08-15,Monterrey,Meter_Audio_v1,36,1,6.3
125,2026-08-16,Monterrey,Meter_Audio_v1,36,1,11.5
125,2026-08-17,Monterrey,Meter_Audio_v1,36,1,6.1
125,2026-08-18,Monterrey,Meter_Audio_v1,36,1,6.3
125,2026-08-19,Monterrey,Meter_Audio_v1,36,0,2.0
125,2026-08-20,Monterrey,Meter_Audio_v1,36,1,8.3
125,2026-08-21,Monterrey,Meter_Audio_v1,36,1,12.2
125,2026-08-22,Monterrey,Meter_Audio_v1,36,1,9.0
125,2026-08-23,Monterrey,Meter_Audio_v1,36,0,0.0
125,2026-08-24,Monterrey,Meter_Audio_v1,36,0,2.6
125,2026-08-25,Monterrey,Meter_Audio_v1,36,1,6.8
125,2026-08-26,Monterrey,Meter_Audio_v1,36,1,11.4
125,2026-08-27,Monterrey,Meter_Audio_v1,36,1,10.8
125,2026-08-28,Monterrey,Meter_Audio_v1,36,1,13.2
125,2026-08-29,Monterrey,Meter_Audio_v1,36,1,10.9
125,2026-08-30,Monterrey,Meter_Audio_v1,36,1,10.4
125,2026-08-31,Monterrey,Meter_Audio_v1,36,1,8.9
125,2026-09-01,Monterrey,Meter_Audio_v1,36,1,13.6
126,2026-08-12,CDMX,Meter_v3,1,1,8.5
126,2026-08-13,CDMX,Meter_v3,1,1,7.9
126,2026-08-14,CDMX,Meter_v3,1,1,7.0
126,2026-08-15,CDMX,Meter_v3,1,0,2.6
126,2026-08-16,CDMX,Meter_v3,1,1,6.8
126,2026-08-17,CDMX,Meter_v3,1,1,11.2
126,2026-08-18,CDMX,Meter_v3,1,1,12.1
126,2026-08-19,CDMX,Meter_v3,1,1,7.3
126,2026-08-20,CDMX,Meter_v3,1,1,9.0
126,2026-08-21,CDMX,Meter_v3,1,1,6.6
126,2026-08-22,CDMX,Meter_v3,1,1,9.5
126,2026-08-23,CDMX,Meter_v3,1,1,14.5
126,2026-08-24,CDMX,Meter_v3,1,1,14.6
126,2026-08-25,CDMX,Meter_v3,1,1,13.7
126,2026-08-26,CDMX,Meter_v3,1,1,7.2
126,2026-08-27,CDMX,Meter_v3,1,1,6.4
126,2026-08-28,CDMX,Meter_v3,1,1,13.0
126,2026-08-29,CDMX,Meter_v3,1,1,13.3
126,2026-08-30,CDMX,Meter_v3,1,1,13.4
126,2026-08-31,CDMX,Meter_v3,1,1,9.3
126,2026-09-01,CDMX,Meter_v3,1,1,13.0
127,2026-08-12,CDMX,Meter_v2,14,1,6.4
127,2026-08-13,CDMX,Meter_v2,14,1,14.9
127,2026-08-14,CDMX,Meter_v2,14,1,9.3
127,2026-08-15,CDMX,Meter_v2,14,1,13.0
127,2026-08-16,CDMX,Meter_v2,14,1,14.4
127,2026-08-17,CDMX,Meter_v2,14,1,7.9
127,2026-08-18,CDMX,Meter_v2,14,1,13.6
127,2026-08-19,CDMX,Meter_v2,14,1,13.3
127,2026-08-20,CDMX,Meter_v2,14,0,1.1
127,2026-08-21,CDMX,Meter_v2,14,0,2.0
127,2026-08-22,CDMX,Meter_v2,14,1,11.8
127,2026-08-23,CDMX,Meter_v2,14,1,10.3
127,2026-08-24,CDMX,Meter_v2,14,1,8.4
127,2026-08-25,CDMX,Meter_v2,14,1,10.1
127,2026-08-26,CDMX,Meter_v2,14,1,6.3
127,2026-08-27,CDMX,Meter_v2,14,1,12.1
127,2026-08-28,CDMX,Meter_v2,14,1,13.7
127,2026-08-29,CDMX,Meter_v2,14,1,15.0
127,2026-08-30,CDMX,Meter_v2,14,1,14.1
127,2026-08-31,CDMX,Meter_v2,14,1,11.3
127,2026-09-01,CDMX,Meter_v2,14,1,12.2
128,2026-08-12,Monterrey,Meter_v2,29,1,13.8
128,2026-08-13,Monterrey,Meter_v2,29,1,9.1
128,2026-08-14,Monterrey,Meter_v2,29,1,9.6
128,2026-08-15,Monterrey,Meter_v2,29,1,10.6
128,2026-08-16,Monterrey,Meter_v2,29,1,7.3
128,2026-08-17,Monterrey,Meter_v2,29,1,10.9
128,2026-08-18,Monterrey,Meter_v2,29,1,11.1
128,2026-08-19,Monterrey,Meter_v2,29,1,10.1
128,2026-08-20,Monterrey,Meter_v2,29,1,12.2
128,2026-08-21,Monterrey,Meter_v2,29,0,1.9
128,2026-08-22,Monterrey,Meter_v2,29,1,10.6
128,2026-08-23,Monterrey,Meter_v2,29,1,10.0
128,2026-08-24,Monterrey,Meter_v2,29,1,14.3
128,2026-08-25,Monterrey,Meter_v2,29,1,7.5
128,2026-08-26,Monterrey,Meter_v2,29,1,10.8
128,2026-08-27,Monterrey,Meter_v2,29,1,7.9
128,2026-08-28,Monterrey,Meter_v2,29,1,12.6
128,2026-08-29,Monterrey,Meter_v2,29,0,0.4
128,2026-08-30,Monterrey,Meter_v2,29,1,7.3
128,2026-08-31,Monterrey,Meter_v2,29,1,14.8
128,2026-09-01,Monterrey,Meter_v2,29,1,10.7
129,2026-08-12,Guadalajara,Meter_v3,67,1,10.3
129,2026-08-13,Guadalajara,Meter_v3,67,1,14.8
129,2026-08-14,Guadalajara,Meter_v3,67,1,11.1
129,2026-08-15,Guadalajara,Meter_v3,67,1,14.1
129,2026-08-16,Guadalajara,Meter_v3,67,1,7.8
129,2026-08-17,Guadalajara,Meter_v3,67,0,0.3
129,2026-08-18,Guadalajara,Meter_v3,67,1,10.0
129,2026-08-19,Guadalajara,Meter_v3,67,1,10.3
129,2026-08-20,Guadalajara,Meter_v3,67,1,7.5
129,2026-08-21,Guadalajara,Meter_v3,67,1,11.0
129,2026-08-22,Guadalajara,Meter_v3,67,1,13.0
129,2026-08-23,Guadalajara,Meter_v3,67,1,6.9
129,2026-08-24,Guadalajara,Meter_v3,67,1,13.0
129,2026-08-25,Guadalajara,Meter_v3,67,1,9.2
129,2026-08-26,Guadalajara,Meter_v3,67,1,14.7
129,2026-08-27,Guadalajara,Meter_v3,67,1,8.3
129,2026-08-28,Guadalajara,Meter_v3,67,1,14.2
129,2026-08-29,Guadalajara,Meter_v3,67,1,11.8
129,2026-08-30,Guadalajara,Meter_v3,67,1,9.3
129,2026-08-31,Guadalajara,Meter_v3,67,1,9.3
129,2026-09-01,Guadalajara,Meter_v3,67,1,13.1
130,2026-08-12,Guadalajara,Meter_v3,6,1,6.9
130,2026-08-13,Guadalajara,Meter_v3,6,1,14.0
130,2026-08-14,Guadalajara,Meter_v3,6,1,6.3
130,2026-08-15,Guadalajara,Meter_v3,6,1,11.8
130,2026-08-16,Guadalajara,Meter_v3,6,1,8.9
130,2026-08-17,Guadalajara,Meter_v3,6,1,12.8
130,2026-08-18,Guadalajara,Meter_v3,6,1,6.3
130,2026-08-19,Guadalajara,Meter_v3,6,1,9.3
130,2026-08-20,Guadalajara,Meter_v3,6,1,13.0
130,2026-08-21,Guadalajara,Meter_v3,6,1,10.9
130,2026-08-22,Guadalajara,Meter_v3,6,1,15.0
130,2026-08-23,Guadalajara,Meter_v3,6,1,8.5
130,2026-08-24,Guadalajara,Meter_v3,6,1,9.9
130,2026-08-25,Guadalajara,Meter_v3,6,0,2.6
130,2026-08-26,Guadalajara,Meter_v3,6,1,9.6
130,2026-08-27,Guadalajara,Meter_v3,6,1,9.7
130,2026-08-28,Guadalajara,Meter_v3,6,1,12.7
130,2026-08-29,Guadalajara,Meter_v3,6,1,9.7
130,2026-08-30,Guadalajara,Meter_v3,6,1,10.4
130,2026-08-31,Guadalajara,Meter_v3,6,1,14.7
130,2026-09-01,Guadalajara,Meter_v3,6,0,1.2
131,2026-08-12,Puebla,Meter_v3,4,1,10.6
131,2026-08-13,Puebla,Meter_v3,4,1,13.2
131,2026-08-14,Puebla,Meter_v3,4,1,7.3
131,2026-08-15,Puebla,Meter_v3,4,1,10.2
131,2026-08-16,Puebla,Meter_v3,4,1,6.4
131,2026-08-17,Puebla,Meter_v3,4,1,12.4
131,2026-08-18,Puebla,Meter_v3,4,0,0.4
131,2026-08-19,Puebla,Meter_v3,4,1,7.0
131,2026-08-20,Puebla,Meter_v3,4,1,13.7
131,2026-08-21,Puebla,Meter_v3,4,1,10.9
131,2026-08-22,Puebla,Meter_v3,4,1,9.2
131,2026-08-23,Puebla,Meter_v3,4,1,13.1
131,2026-08-24,Puebla,Meter_v3,4,1,9.2
131,2026-08-25,Puebla,Meter_v3,4,1,14.3
131,2026-08-26,Puebla,Meter_v3,4,1,14.9
131,2026-08-27,Puebla,Meter_v3,4,1,8.3
131,2026-08-28,Puebla,Meter_v3,4,1,13.7
131,2026-08-29,Puebla,Meter_v3,4,1,6.7
131,2026-08-30,Puebla,Meter_v3,4,1,9.7
131,2026-08-31,Puebla,Meter_v3,4,1,14.0
131,2026-09-01,Puebla,Meter_v3,4,1,15.0
132,2026-08-12,Monterrey,Meter_v3,38,1,12.4
132,2026-08-13,Monterrey,Meter_v3,38,1,7.3
132,2026-08-14,Monterrey,Meter_v3,38,0,2.7
132,2026-08-15,Monterrey,Meter_v3,38,1,10.8
132,2026-08-16,Monterrey,Meter_v3,38,1,11.7
132,2026-08-17,Monterrey,Meter_v3,38,1,12.4
132,2026-08-18,Monterrey,Meter_v3,38,1,14.4
132,2026-08-19,Monterrey,Meter_v3,38,1,10.3
132,2026-08-20,Monterrey,Meter_v3,38,1,7.1
132,2026-08-21,Monterrey,Meter_v3,38,1,7.2
132,2026-08-22,Monterrey,Meter_v3,38,1,14.8
132,2026-08-23,Monterrey,Meter_v3,38,1,10.7
132,2026-08-24,Monterrey,Meter_v3,38,1,13.0
132,2026-08-25,Monterrey,Meter_v3,38,1,7.2
132,2026-08-26,Monterrey,Meter_v3,38,0,2.3
132,2026-08-27,Monterrey,Meter_v3,38,0,0.1
132,2026-08-28,Monterrey,Meter_v3,38,0,0.0
132,2026-08-29,Monterrey,Meter_v3,38,0,2.6
132,2026-08-30,Monterrey,Meter_v3,38,1,10.5
132,2026-08-31,Monterrey,Meter_v3,38,1,8.3
132,2026-09-01,Monterrey,Meter_v3,38,0,0.8
133,2026-08-12,CDMX,Meter_v3,44,1,6.5
133,2026-08-13,CDMX,Meter_v3,44,1,12.7
133,2026-08-14,CDMX,Meter_v3,44,1,15.0
133,2026-08-15,CDMX,Meter_v3,44,1,13.7
133,2026-08-16,CDMX,Meter_v3,44,1,10.6
133,2026-08-17,CDMX,Meter_v3,44,1,11.4
133,2026-08-18,CDMX,Meter_v3,44,1,6.1
133,2026-08-19,CDMX,Meter_v3,44,1,14.3
133,2026-08-20,CDMX,Meter_v3,44,1,12.8
133,2026-08-21,CDMX,Meter_v3,44,1,13.9
133,2026-08-22,CDMX,Meter_v3,44,1,10.7
133,2026-08-23,CDMX,Meter_v3,44,1,6.6
133,2026-08-24,CDMX,Meter_v3,44,1,7.2
133,2026-08-25,CDMX,Meter_v3,44,1,10.8
133,2026-08-26,CDMX,Meter_v3,44,1,13.8
133,2026-08-27,CDMX,Meter_v3,44,1,6.4
133,2026-08-28,CDMX,Meter_v3,44,1,8.7
133,2026-08-29,CDMX,Meter_v3,44,1,9.2
133,2026-08-30,CDMX,Meter_v3,44,1,6.1
133,2026-08-31,CDMX,Meter_v3,44,1,7.6
133,2026-09-01,CDMX,Meter_v3,44,1,14.8
134,2026-08-12,Guadalajara,Meter_v3,4,1,8.7
134,2026-08-13,Guadalajara,Meter_v3,4,1,8.8
134,2026-08-14,Guadalajara,Meter_v3,4,1,14.3
134,2026-08-15,Guadalajara,Meter_v3,4,1,11.7
134,2026-08-16,Guadalajara,Meter_v3,4,1,6.7
134,2026-08-17,Guadalajara,Meter_v3,4,1,9.3
134,2026-08-18,Guadalajara,Meter_v3,4,1,11.3
134,2026-08-19,Guadalajara,Meter_v3,4,1,11.7
134,2026-08-20,Guadalajara,Meter_v3,4,0,0.8
134,2026-08-21,Guadalajara,Meter_v3,4,1,8.0
134,2026-08-22,Guadalajara,Meter_v3,4,1,8.2
134,2026-08-23,Guadalajara,Meter_v3,4,1,12.6
134,2026-08-24,Guadalajara,Meter_v3,4,1,8.7
134,2026-08-25,Guadalajara,Meter_v3,4,1,10.9
134,2026-08-26,Guadalajara,Meter_v3,4,1,8.4
134,2026-08-27,Guadalajara,Meter_v3,4,1,14.0
134,2026-08-28,Guadalajara,Meter_v3,4,1,11.0
134,2026-08-29,Guadalajara,Meter_v3,4,1,9.8
134,2026-08-30,Guadalajara,Meter_v3,4,1,11.5
134,2026-08-31,Guadalajara,Meter_v3,4,0,1.4
134,2026-09-01,Guadalajara,Meter_v3,4,1,11.0
135,2026-08-12,Guadalajara,Meter_v2,11,1,8.7
135,2026-08-13,Guadalajara,Meter_v2,11,1,9.1
135,2026-08-14,Guadalajara,Meter_v2,11,1,9.7
135,2026-08-15,Guadalajara,Meter_v2,11,1,13.7
135,2026-08-16,Guadalajara,Meter_v2,11,1,8.2
135,2026-08-17,Guadalajara,Meter_v2,11,1,10.1
135,2026-08-18,Guadalajara,Meter_v2,11,1,9.7
135,2026-08-19,Guadalajara,Meter_v2,11,1,8.5
135,2026-08-20,Guadalajara,Meter_v2,11,1,7.3
135,2026-08-21,Guadalajara,Meter_v2,11,1,9.3
135,2026-08-22,Guadalajara,Meter_v2,11,1,6.6
135,2026-08-23,Guadalajara,Meter_v2,11,1,12.3
135,2026-08-24,Guadalajara,Meter_v2,11,1,10.1
135,2026-08-25,Guadalajara,Meter_v2,11,1,14.9
135,2026-08-26,Guadalajara,Meter_v2,11,1,7.6
135,2026-08-27,Guadalajara,Meter_v2,11,0,0.6
135,2026-08-28,Guadalajara,Meter_v2,11,1,10.6
135,2026-08-29,Guadalajara,Meter_v2,11,1,8.5
135,2026-08-30,Guadalajara,Meter_v2,11,1,8.9
135,2026-08-31,Guadalajara,Meter_v2,11,1,12.2
135,2026-09-01,Guadalajara,Meter_v2,11,1,12.5
136,2026-08-12,Puebla,Meter_v3,23,1,13.0
136,2026-08-13,Puebla,Meter_v3,23,1,6.7
136,2026-08-14,Puebla,Meter_v3,23,1,11.8
136,2026-08-15,Puebla,Meter_v3,23,1,9.5
136,2026-08-16,Puebla,Meter_v3,23,1,13.5
136,2026-08-17,Puebla,Meter_v3,23,1,14.2
136,2026-08-18,Puebla,Meter_v3,23,0,1.3
136,2026-08-19,Puebla,Meter_v3,23,1,6.8
136,2026-08-20,Puebla,Meter_v3,23,1,7.5
136,2026-08-21,Puebla,Meter_v3,23,1,7.6
136,2026-08-22,Puebla,Meter_v3,23,1,7.3
136,2026-08-23,Puebla,Meter_v3,23,1,7.9
136,2026-08-24,Puebla,Meter_v3,23,1,9.2
136,2026-08-25,Puebla,Meter_v3,23,1,11.9
136,2026-08-26,Puebla,Meter_v3,23,1,13.9
136,2026-08-27,Puebla,Meter_v3,23,1,7.9
136,2026-08-28,Puebla,Meter_v3,23,0,0.8
136,2026-08-29,Puebla,Meter_v3,23,1,11.1
136,2026-08-30,Puebla,Meter_v3,23,1,13.4
136,2026-08-31,Puebla,Meter_v3,23,1,14.5
136,2026-09-01,Puebla,Meter_v3,23,1,13.2
137,2026-08-12,CDMX,Meter_v3,34,1,10.1
137,2026-08-13,CDMX,Meter_v3,34,0,0.4
137,2026-08-14,CDMX,Meter_v3,34,1,12.3
137,2026-08-15,CDMX,Meter_v3,34,1,7.2
137,2026-08-16,CDMX,Meter_v3,34,1,6.5
137,2026-08-17,CDMX,Meter_v3,34,1,10.9
137,2026-08-18,CDMX,Meter_v3,34,1,10.5
137,2026-08-19,CDMX,Meter_v3,34,1,8.1
137,2026-08-20,CDMX,Meter_v3,34,1,9.0
137,2026-08-21,CDMX,Meter_v3,34,1,12.7
137,2026-08-22,CDMX,Meter_v3,34,0,0.7
137,2026-08-23,CDMX,Meter_v3,34,1,14.5
137,2026-08-24,CDMX,Meter_v3,34,1,7.4
137,2026-08-25,CDMX,Meter_v3,34,1,14.7
137,2026-08-26,CDMX,Meter_v3,34,1,12.8
137,2026-08-27,CDMX,Meter_v3,34,1,14.5
137,2026-08-28,CDMX,Meter_v3,34,1,8.7
137,2026-08-29,CDMX,Meter_v3,34,1,7.6
137,2026-08-30,CDMX,Meter_v3,34,1,11.2
137,2026-08-31,CDMX,Meter_v3,34,0,0.7
137,2026-09-01,CDMX,Meter_v3,34,1,6.8
138,2026-08-12,Tijuana,Meter_v2,4,1,7.0
138,2026-08-13,Tijuana,Meter_v2,4,1,12.8
138,2026-08-14,Tijuana,Meter_v2,4,1,9.7
138,2026-08-15,Tijuana,Meter_v2,4,1,8.6
138,2026-08-16,Tijuana,Meter_v2,4,1,10.6
138,2026-08-17,Tijuana,Meter_v2,4,1,8.6
138,2026-08-18,Tijuana,Meter_v2,4,1,10.7
138,2026-08-19,Tijuana,Meter_v2,4,1,6.3
138,2026-08-20,Tijuana,Meter_v2,4,1,7.7
138,2026-08-21,Tijuana,Meter_v2,4,1,8.4
138,2026-08-22,Tijuana,Meter_v2,4,1,8.1
138,2026-08-23,Tijuana,Meter_v2,4,1,9.8
138,2026-08-24,Tijuana,Meter_v2,4,1,14.5
138,2026-08-25,Tijuana,Meter_v2,4,1,7.2
138,2026-08-26,Tijuana,Meter_v2,4,1,9.0
138,2026-08-27,Tijuana,Meter_v2,4,1,8.7
138,2026-08-28,Tijuana,Meter_v2,4,1,12.4
138,2026-08-29,Tijuana,Meter_v2,4,1,7.0
138,2026-08-30,Tijuana,Meter_v2,4,1,12.8
138,2026-08-31,Tijuana,Meter_v2,4,1,8.3
138,2026-09-01,Tijuana,Meter_v2,4,1,11.9
139,2026-08-12,CDMX,Meter_v3,20,1,9.3
139,2026-08-13,CDMX,Meter_v3,20,0,1.9
139,2026-08-14,CDMX,Meter_v3,20,1,12.8
139,2026-08-15,CDMX,Meter_v3,20,1,10.0
139,2026-08-16,CDMX,Meter_v3,20,1,9.3
139,2026-08-17,CDMX,Meter_v3,20,1,11.8
139,2026-08-18,CDMX,Meter_v3,20,1,12.3
139,2026-08-19,CDMX,Meter_v3,20,1,13.0
139,2026-08-20,CDMX,Meter_v3,20,1,9.5
139,2026-08-21,CDMX,Meter_v3,20,1,10.6
139,2026-08-22,CDMX,Meter_v3,20,1,11.3
139,2026-08-23,CDMX,Meter_v3,20,1,10.5
139,2026-08-24,CDMX,Meter_v3,20,1,7.9
139,2026-08-25,CDMX,Meter_v3,20,1,12.8
139,2026-08-26,CDMX,Meter_v3,20,1,14.4
139,2026-08-27,CDMX,Meter_v3,20,1,14.3
139,2026-08-28,CDMX,Meter_v3,20,1,9.3
139,2026-08-29,CDMX,Meter_v3,20,1,6.5
139,2026-08-30,CDMX,Meter_v3,20,1,7.6
139,2026-08-31,CDMX,Meter_v3,20,1,8.9
139,2026-09-01,CDMX,Meter_v3,20,1,11.4
140,2026-08-12,CDMX,Meter_v3,30,1,13.5
140,2026-08-13,CDMX,Meter_v3,30,1,9.9
140,2026-08-14,CDMX,Meter_v3,30,0,2.6
140,2026-08-15,CDMX,Meter_v3,30,1,11.1
140,2026-08-16,CDMX,Meter_v3,30,1,10.1
140,2026-08-17,CDMX,Meter_v3,30,1,12.6
140,2026-08-18,CDMX,Meter_v3,30,1,8.4
140,2026-08-19,CDMX,Meter_v3,30,1,9.3
140,2026-08-20,CDMX,Meter_v3,30,1,6.7
140,2026-08-21,CDMX,Meter_v3,30,1,11.2
140,2026-08-22,CDMX,Meter_v3,30,0,0.2
140,2026-08-23,CDMX,Meter_v3,30,1,14.3
140,2026-08-24,CDMX,Meter_v3,30,1,6.3
140,2026-08-25,CDMX,Meter_v3,30,1,12.4
140,2026-08-26,CDMX,Meter_v3,30,1,8.7
140,2026-08-27,CDMX,Meter_v3,30,0,2.6
140,2026-08-28,CDMX,Meter_v3,30,1,7.2
140,2026-08-29,CDMX,Meter_v3,30,1,14.5
140,2026-08-30,CDMX,Meter_v3,30,1,14.7
140,2026-08-31,CDMX,Meter_v3,30,1,6.1
140,2026-09-01,CDMX,Meter_v3,30,1,8.4
141,2026-08-12,CDMX,Meter_v3,15,1,9.4
141,2026-08-13,CDMX,Meter_v3,15,1,7.0
141,2026-08-14,CDMX,Meter_v3,15,1,12.8
141,2026-08-15,CDMX,Meter_v3,15,1,8.4
141,2026-08-16,CDMX,Meter_v3,15,1,14.0
141,2026-08-17,CDMX,Meter_v3,15,1,13.6
141,2026-08-18,CDMX,Meter_v3,15,1,10.5
141,2026-08-19,CDMX,Meter_v3,15,1,14.8
141,2026-08-20,CDMX,Meter_v3,15,1,9.4
141,2026-08-21,CDMX,Meter_v3,15,0,2.2
141,2026-08-22,CDMX,Meter_v3,15,1,8.8
141,2026-08-23,CDMX,Meter_v3,15,1,14.0
141,2026-08-24,CDMX,Meter_v3,15,1,8.6
141,2026-08-25,CDMX,Meter_v3,15,1,8.2
141,2026-08-26,CDMX,Meter_v3,15,1,14.5
141,2026-08-27,CDMX,Meter_v3,15,1,8.4
141,2026-08-28,CDMX,Meter_v3,15,0,0.2
141,2026-08-29,CDMX,Meter_v3,15,1,11.6
141,2026-08-30,CDMX,Meter_v3,15,1,8.2
141,2026-08-31,CDMX,Meter_v3,15,1,10.3
141,2026-09-01,CDMX,Meter_v3,15,1,10.4
142,2026-08-12,CDMX,Meter_Audio_v1,4,1,8.7
142,2026-08-13,CDMX,Meter_Audio_v1,4,1,14.5
142,2026-08-14,CDMX,Meter_Audio_v1,4,1,8.4
142,2026-08-15,CDMX,Meter_Audio_v1,4,1,14.9
142,2026-08-16,CDMX,Meter_Audio_v1,4,1,7.9
142,2026-08-17,CDMX,Meter_Audio_v1,4,1,8.7
142,2026-08-18,CDMX,Meter_Audio_v1,4,1,11.9
142,2026-08-19,CDMX,Meter_Audio_v1,4,1,12.2
142,2026-08-20,CDMX,Meter_Audio_v1,4,1,9.1
142,2026-08-21,CDMX,Meter_Audio_v1,4,1,12.2
142,2026-08-22,CDMX,Meter_Audio_v1,4,1,14.2
142,2026-08-23,CDMX,Meter_Audio_v1,4,1,11.8
142,2026-08-24,CDMX,Meter_Audio_v1,4,1,9.8
142,2026-08-25,CDMX,Meter_Audio_v1,4,1,11.6
142,2026-08-26,CDMX,Meter_Audio_v1,4,1,9.9
142,2026-08-27,CDMX,Meter_Audio_v1,4,1,12.2
142,2026-08-28,CDMX,Meter_Audio_v1,4,1,13.1
142,2026-08-29,CDMX,Meter_Audio_v1,4,1,12.4
142,2026-08-30,CDMX,Meter_Audio_v1,4,1,11.1
142,2026-08-31,CDMX,Meter_Audio_v1,4,1,14.3
142,2026-09-01,CDMX,Meter_Audio_v1,4,1,11.3
143,2026-08-12,CDMX,Meter_Audio_v1,1,1,9.6
143,2026-08-13,CDMX,Meter_Audio_v1,1,1,8.5
143,2026-08-14,CDMX,Meter_Audio_v1,1,1,9.7
143,2026-08-15,CDMX,Meter_Audio_v1,1,0,0.9
143,2026-08-16,CDMX,Meter_Audio_v1,1,1,10.9
143,2026-08-17,CDMX,Meter_Audio_v1,1,1,10.4
143,2026-08-18,CDMX,Meter_Audio_v1,1,0,1.2
143,2026-08-19,CDMX,Meter_Audio_v1,1,1,14.2
143,2026-08-20,CDMX,Meter_Audio_v1,1,1,7.1
143,2026-08-21,CDMX,Meter_Audio_v1,1,0,1.3
143,2026-08-22,CDMX,Meter_Audio_v1,1,1,9.9
143,2026-08-23,CDMX,Meter_Audio_v1,1,0,1.6
143,2026-08-24,CDMX,Meter_Audio_v1,1,1,14.2
143,2026-08-25,CDMX,Meter_Audio_v1,1,1,10.0
143,2026-08-26,CDMX,Meter_Audio_v1,1,1,7.0
143,2026-08-27,CDMX,Meter_Audio_v1,1,1,14.6
143,2026-08-28,CDMX,Meter_Audio_v1,1,1,11.5
143,2026-08-29,CDMX,Meter_Audio_v1,1,1,14.1
143,2026-08-30,CDMX,Meter_Audio_v1,1,1,7.6
143,2026-08-31,CDMX,Meter_Audio_v1,1,1,9.7
143,2026-09-01,CDMX,Meter_Audio_v1,1,1,8.7
144,2026-08-12,Tijuana,Meter_v2,6,1,9.2
144,2026-08-13,Tijuana,Meter_v2,6,1,14.7
144,2026-08-14,Tijuana,Meter_v2,6,1,13.8
144,2026-08-15,Tijuana,Meter_v2,6,1,6.9
144,2026-08-16,Tijuana,Meter_v2,6,1,9.8
144,2026-08-17,Tijuana,Meter_v2,6,1,8.9
144,2026-08-18,Tijuana,Meter_v2,6,1,14.6
144,2026-08-19,Tijuana,Meter_v2,6,1,14.2
144,2026-08-20,Tijuana,Meter_v2,6,1,6.1
144,2026-08-21,Tijuana,Meter_v2,6,1,11.4
144,2026-08-22,Tijuana,Meter_v2,6,1,7.2
144,2026-08-23,Tijuana,Meter_v2,6,1,13.2
144,2026-08-24,Tijuana,Meter_v2,6,1,9.7
144,2026-08-25,Tijuana,Meter_v2,6,0,0.7
144,2026-08-26,Tijuana,Meter_v2,6,1,7.8
144,2026-08-27,Tijuana,Meter_v2,6,1,11.9
144,2026-08-28,Tijuana,Meter_v2,6,1,8.0
144,2026-08-29,Tijuana,Meter_v2,6,1,12.6
144,2026-08-30,Tijuana,Meter_v2,6,1,11.5
144,2026-08-31,Tijuana,Meter_v2,6,1,10.3
144,2026-09-01,Tijuana,Meter_v2,6,1,7.1
145,2026-08-12,CDMX,Meter_Audio_v1,30,1,9.5
145,2026-08-13,CDMX,Meter_Audio_v1,30,1,14.4
145,2026-08-14,CDMX,Meter_Audio_v1,30,0,2.6
145,2026-08-15,CDMX,Meter_Audio_v1,30,1,8.3
145,2026-08-16,CDMX,Meter_Audio_v1,30,1,14.7
145,2026-08-17,CDMX,Meter_Audio_v1,30,1,11.1
145,2026-08-18,CDMX,Meter_Audio_v1,30,1,11.3
145,2026-08-19,CDMX,Meter_Audio_v1,30,1,13.8
145,2026-08-20,CDMX,Meter_Audio_v1,30,1,6.3
145,2026-08-21,CDMX,Meter_Audio_v1,30,1,13.1
145,2026-08-22,CDMX,Meter_Audio_v1,30,1,14.6
145,2026-08-23,CDMX,Meter_Audio_v1,30,1,11.5
145,2026-08-24,CDMX,Meter_Audio_v1,30,1,11.0
145,2026-08-25,CDMX,Meter_Audio_v1,30,1,14.9
145,2026-08-26,CDMX,Meter_Audio_v1,30,1,14.8
145,2026-08-27,CDMX,Meter_Audio_v1,30,1,6.6
145,2026-08-28,CDMX,Meter_Audio_v1,30,1,14.0
145,2026-08-29,CDMX,Meter_Audio_v1,30,1,13.3
145,2026-08-30,CDMX,Meter_Audio_v1,30,1,9.5
145,2026-08-31,CDMX,Meter_Audio_v1,30,1,7.4
145,2026-09-01,CDMX,Meter_Audio_v1,30,1,10.4
146,2026-08-12,Puebla,Meter_v2,1,1,6.8
146,2026-08-13,Puebla,Meter_v2,1,1,6.8
146,2026-08-14,Puebla,Meter_v2,1,0,1.0
146,2026-08-15,Puebla,Meter_v2,1,1,14.5
146,2026-08-16,Puebla,Meter_v2,1,1,11.8
146,2026-08-17,Puebla,Meter_v2,1,1,7.0
146,2026-08-18,Puebla,Meter_v2,1,1,9.7
146,2026-08-19,Puebla,Meter_v2,1,1,12.2
146,2026-08-20,Puebla,Meter_v2,1,1,8.0
146,2026-08-21,Puebla,Meter_v2,1,1,14.9
146,2026-08-22,Puebla,Meter_v2,1,1,7.2
146,2026-08-23,Puebla,Meter_v2,1,0,0.3
146,2026-08-24,Puebla,Meter_v2,1,1,7.4
146,2026-08-25,Puebla,Meter_v2,1,1,7.7
146,2026-08-26,Puebla,Meter_v2,1,1,12.1
146,2026-08-27,Puebla,Meter_v2,1,1,13.8
146,2026-08-28,Puebla,Meter_v2,1,0,2.2
146,2026-08-29,Puebla,Meter_v2,1,1,10.9
146,2026-08-30,Puebla,Meter_v2,1,1,6.8
146,2026-08-31,Puebla,Meter_v2,1,1,12.9
146,2026-09-01,Puebla,Meter_v2,1,1,14.2
147,2026-08-12,Guadalajara,Meter_v2,1,1,8.2
147,2026-08-13,Guadalajara,Meter_v2,1,1,12.9
147,2026-08-14,Guadalajara,Meter_v2,1,1,11.9
147,2026-08-15,Guadalajara,Meter_v2,1,1,9.8
147,2026-08-16,Guadalajara,Meter_v2,1,0,0.1
147,2026-08-17,Guadalajara,Meter_v2,1,1,12.0
147,2026-08-18,Guadalajara,Meter_v2,1,1,12.3
147,2026-08-19,Guadalajara,Meter_v2,1,1,11.2
147,2026-08-20,Guadalajara,Meter_v2,1,1,6.9
147,2026-08-21,Guadalajara,Meter_v2,1,1,7.6
147,2026-08-22,Guadalajara,Meter_v2,1,1,7.2
147,2026-08-23,Guadalajara,Meter_v2,1,1,6.9
147,2026-08-24,Guadalajara,Meter_v2,1,1,8.4
147,2026-08-25,Guadalajara,Meter_v2,1,1,7.6
147,2026-08-26,Guadalajara,Meter_v2,1,1,14.0
147,2026-08-27,Guadalajara,Meter_v2,1,1,6.2
147,2026-08-28,Guadalajara,Meter_v2,1,1,6.0
147,2026-08-29,Guadalajara,Meter_v2,1,1,9.4
147,2026-08-30,Guadalajara,Meter_v2,1,1,8.3
147,2026-08-31,Guadalajara,Meter_v2,1,1,7.2
147,2026-09-01,Guadalajara,Meter_v2,1,1,9.9
148,2026-08-12,Guadalajara,Meter_v2,9,1,13.2
148,2026-08-13,Guadalajara,Meter_v2,9,1,14.6
148,2026-08-14,Guadalajara,Meter_v2,9,1,13.0
148,2026-08-15,Guadalajara,Meter_v2,9,1,14.8
148,2026-08-16,Guadalajara,Meter_v2,9,1,6.2
148,2026-08-17,Guadalajara,Meter_v2,9,1,6.6
148,2026-08-18,Guadalajara,Meter_v2,9,1,6.6
148,2026-08-19,Guadalajara,Meter_v2,9,0,0.3
148,2026-08-20,Guadalajara,Meter_v2,9,1,7.3
148,2026-08-21,Guadalajara,Meter_v2,9,1,12.9
148,2026-08-22,Guadalajara,Meter_v2,9,1,13.0
148,2026-08-23,Guadalajara,Meter_v2,9,1,12.1
148,2026-08-24,Guadalajara,Meter_v2,9,1,12.5
148,2026-08-25,Guadalajara,Meter_v2,9,1,11.1
148,2026-08-26,Guadalajara,Meter_v2,9,0,0.3
148,2026-08-27,Guadalajara,Meter_v2,9,0,2.2
148,2026-08-28,Guadalajara,Meter_v2,9,1,12.1
148,2026-08-29,Guadalajara,Meter_v2,9,1,6.7
148,2026-08-30,Guadalajara,Meter_v2,9,1,8.1
148,2026-08-31,Guadalajara,Meter_v2,9,1,11.2
148,2026-09-01,Guadalajara,Meter_v2,9,1,6.9
149,2026-08-12,Guadalajara,Meter_v3,2,1,8.0
149,2026-08-13,Guadalajara,Meter_v3,2,1,14.4
149,2026-08-14,Guadalajara,Meter_v3,2,1,11.7
149,2026-08-15,Guadalajara,Meter_v3,2,1,6.8
149,2026-08-16,Guadalajara,Meter_v3,2,1,6.6
149,2026-08-17,Guadalajara,Meter_v3,2,1,7.4
149,2026-08-18,Guadalajara,Meter_v3,2,1,12.7
149,2026-08-19,Guadalajara,Meter_v3,2,1,9.5
149,2026-08-20,Guadalajara,Meter_v3,2,1,10.0
149,2026-08-21,Guadalajara,Meter_v3,2,1,13.3
149,2026-08-22,Guadalajara,Meter_v3,2,1,9.4
149,2026-08-23,Guadalajara,Meter_v3,2,1,8.1
149,2026-08-24,Guadalajara,Meter_v3,2,1,10.8
149,2026-08-25,Guadalajara,Meter_v3,2,1,12.4
149,2026-08-26,Guadalajara,Meter_v3,2,1,10.4
149,2026-08-27,Guadalajara,Meter_v3,2,1,11.3
149,2026-08-28,Guadalajara,Meter_v3,2,1,14.2
149,2026-08-29,Guadalajara,Meter_v3,2,1,11.1
149,2026-08-30,Guadalajara,Meter_v3,2,1,9.9
149,2026-08-31,Guadalajara,Meter_v3,2,1,8.3
149,2026-09-01,Guadalajara,Meter_v3,2,0,2.3
150,2026-08-12,Puebla,Meter_Audio_v1,3,1,14.5
150,2026-08-13,Puebla,Meter_Audio_v1,3,1,10.7
150,2026-08-14,Puebla,Meter_Audio_v1,3,1,12.1
150,2026-08-15,Puebla,Meter_Audio_v1,3,1,12.1
150,2026-08-16,Puebla,Meter_Audio_v1,3,1,6.1
150,2026-08-17,Puebla,Meter_Audio_v1,3,1,13.5
150,2026-08-18,Puebla,Meter_Audio_v1,3,1,7.4
150,2026-08-19,Puebla,Meter_Audio_v1,3,1,13.9
150,2026-08-20,Puebla,Meter_Audio_v1,3,1,14.0
150,2026-08-21,Puebla,Meter_Audio_v1,3,1,6.2
150,2026-08-22,Puebla,Meter_Audio_v1,3,1,7.6
150,2026-08-23,Puebla,Meter_Audio_v1,3,1,13.8
150,2026-08-24,Puebla,Meter_Audio_v1,3,0,0.8
150,2026-08-25,Puebla,Meter_Audio_v1,3,1,9.2
150,2026-08-26,Puebla,Meter_Audio_v1,3,1,7.4
150,2026-08-27,Puebla,Meter_Audio_v1,3,1,12.6
150,2026-08-28,Puebla,Meter_Audio_v1,3,1,13.7
150,2026-08-29,Puebla,Meter_Audio_v1,3,0,2.0
150,2026-08-30,Puebla,Meter_Audio_v1,3,1,14.2
150,2026-08-31,Puebla,Meter_Audio_v1,3,1,13.6
150,2026-09-01,Puebla,Meter_Audio_v1,3,1,7.4
151,2026-08-12,Guadalajara,Meter_v3,1,1,12.6
151,2026-08-13,Guadalajara,Meter_v3,1,1,14.2
151,2026-08-14,Guadalajara,Meter_v3,1,1,12.0
151,2026-08-15,Guadalajara,Meter_v3,1,1,6.1
151,2026-08-16,Guadalajara,Meter_v3,1,1,14.9
151,2026-08-17,Guadalajara,Meter_v3,1,1,14.3
151,2026-08-18,Guadalajara,Meter_v3,1,1,7.4
151,2026-08-19,Guadalajara,Meter_v3,1,1,10.3
151,2026-08-20,Guadalajara,Meter_v3,1,1,8.6
151,2026-08-21,Guadalajara,Meter_v3,1,1,10.2
151,2026-08-22,Guadalajara,Meter_v3,1,1,7.0
151,2026-08-23,Guadalajara,Meter_v3,1,1,8.4
151,2026-08-24,Guadalajara,Meter_v3,1,1,11.9
151,2026-08-25,Guadalajara,Meter_v3,1,1,13.6
151,2026-08-26,Guadalajara,Meter_v3,1,1,10.8
151,2026-08-27,Guadalajara,Meter_v3,1,0,2.1
151,2026-08-28,Guadalajara,Meter_v3,1,1,14.7
151,2026-08-29,Guadalajara,Meter_v3,1,1,6.8
151,2026-08-30,Guadalajara,Meter_v3,1,1,14.6
151,2026-08-31,Guadalajara,Meter_v3,1,1,6.3
151,2026-09-01,Guadalajara,Meter_v3,1,1,13.0
152,2026-08-12,CDMX,Meter_v2,14,1,10.0
152,2026-08-13,CDMX,Meter_v2,14,1,9.2
152,2026-08-14,CDMX,Meter_v2,14,1,7.0
152,2026-08-15,CDMX,Meter_v2,14,1,10.0
152,2026-08-16,CDMX,Meter_v2,14,1,12.5
152,2026-08-17,CDMX,Meter_v2,14,1,13.6
152,2026-08-18,CDMX,Meter_v2,14,1,14.9
152,2026-08-19,CDMX,Meter_v2,14,1,12.6
152,2026-08-20,CDMX,Meter_v2,14,1,6.5
152,2026-08-21,CDMX,Meter_v2,14,1,8.4
152,2026-08-22,CDMX,Meter_v2,14,1,6.3
152,2026-08-23,CDMX,Meter_v2,14,1,9.2
152,2026-08-24,CDMX,Meter_v2,14,1,11.2
152,2026-08-25,CDMX,Meter_v2,14,0,0.4
152,2026-08-26,CDMX,Meter_v2,14,1,10.9
152,2026-08-27,CDMX,Meter_v2,14,0,0.1
152,2026-08-28,CDMX,Meter_v2,14,0,1.8
152,2026-08-29,CDMX,Meter_v2,14,1,12.4
152,2026-08-30,CDMX,Meter_v2,14,1,12.5
152,2026-08-31,CDMX,Meter_v2,14,1,14.7
152,2026-09-01,CDMX,Meter_v2,14,1,7.6
153,2026-08-12,Tijuana,Meter_Audio_v1,22,1,8.3
153,2026-08-13,Tijuana,Meter_Audio_v1,22,1,12.8
153,2026-08-14,Tijuana,Meter_Audio_v1,22,1,6.6
153,2026-08-15,Tijuana,Meter_Audio_v1,22,1,6.6
153,2026-08-16,Tijuana,Meter_Audio_v1,22,1,8.8
153,2026-08-17,Tijuana,Meter_Audio_v1,22,1,12.9
153,2026-08-18,Tijuana,Meter_Audio_v1,22,1,13.2
153,2026-08-19,Tijuana,Meter_Audio_v1,22,1,10.8
153,2026-08-20,Tijuana,Meter_Audio_v1,22,1,7.2
153,2026-08-21,Tijuana,Meter_Audio_v1,22,1,7.0
153,2026-08-22,Tijuana,Meter_Audio_v1,22,1,8.1
153,2026-08-23,Tijuana,Meter_Audio_v1,22,1,13.3
153,2026-08-24,Tijuana,Meter_Audio_v1,22,1,13.8
153,2026-08-25,Tijuana,Meter_Audio_v1,22,1,11.2
153,2026-08-26,Tijuana,Meter_Audio_v1,22,1,8.1
153,2026-08-27,Tijuana,Meter_Audio_v1,22,1,11.7
153,2026-08-28,Tijuana,Meter_Audio_v1,22,1,6.7
153,2026-08-29,Tijuana,Meter_Audio_v1,22,1,8.4
153,2026-08-30,Tijuana,Meter_Audio_v1,22,0,0.6
153,2026-08-31,Tijuana,Meter_Audio_v1,22,1,6.8
153,2026-09-01,Tijuana,Meter_Audio_v1,22,1,6.2
154,2026-08-12,Guadalajara,Meter_Audio_v1,11,1,7.0
154,2026-08-13,Guadalajara,Meter_Audio_v1,11,1,6.5
154,2026-08-14,Guadalajara,Meter_Audio_v1,11,1,10.5
154,2026-08-15,Guadalajara,Meter_Audio_v1,11,1,14.1
154,2026-08-16,Guadalajara,Meter_Audio_v1,11,1,6.6
154,2026-08-17,Guadalajara,Meter_Audio_v1,11,1,10.0
154,2026-08-18,Guadalajara,Meter_Audio_v1,11,1,11.5
154,2026-08-19,Guadalajara,Meter_Audio_v1,11,1,14.7
154,2026-08-20,Guadalajara,Meter_Audio_v1,11,1,11.0
154,2026-08-21,Guadalajara,Meter_Audio_v1,11,1,13.0
154,2026-08-22,Guadalajara,Meter_Audio_v1,11,1,13.0
154,2026-08-23,Guadalajara,Meter_Audio_v1,11,1,9.3
154,2026-08-24,Guadalajara,Meter_Audio_v1,11,1,12.7
154,2026-08-25,Guadalajara,Meter_Audio_v1,11,1,9.5
154,2026-08-26,Guadalajara,Meter_Audio_v1,11,1,7.8
154,2026-08-27,Guadalajara,Meter_Audio_v1,11,1,10.1
154,2026-08-28,Guadalajara,Meter_Audio_v1,11,1,8.4
154,2026-08-29,Guadalajara,Meter_Audio_v1,11,1,6.9
154,2026-08-30,Guadalajara,Meter_Audio_v1,11,1,6.0
154,2026-08-31,Guadalajara,Meter_Audio_v1,11,1,11.3
154,2026-09-01,Guadalajara,Meter_Audio_v1,11,1,6.9
155,2026-08-12,Monterrey,Meter_v3,3,1,12.3
155,2026-08-13,Monterrey,Meter_v3,3,1,9.3
155,2026-08-14,Monterrey,Meter_v3,3,1,12.1
155,2026-08-15,Monterrey,Meter_v3,3,1,9.7
155,2026-08-16,Monterrey,Meter_v3,3,1,11.2
155,2026-08-17,Monterrey,Meter_v3,3,1,8.5
155,2026-08-18,Monterrey,Meter_v3,3,1,7.1
155,2026-08-19,Monterrey,Meter_v3,3,0,0.7
155,2026-08-20,Monterrey,Meter_v3,3,1,6.8
155,2026-08-21,Monterrey,Meter_v3,3,1,9.5
155,2026-08-22,Monterrey,Meter_v3,3,1,7.6
155,2026-08-23,Monterrey,Meter_v3,3,1,9.9
155,2026-08-24,Monterrey,Meter_v3,3,0,2.1
155,2026-08-25,Monterrey,Meter_v3,3,0,1.6
155,2026-08-26,Monterrey,Meter_v3,3,1,12.4
155,2026-08-27,Monterrey,Meter_v3,3,1,6.3
155,2026-08-28,Monterrey,Meter_v3,3,0,1.5
155,2026-08-29,Monterrey,Meter_v3,3,0,2.4
155,2026-08-30,Monterrey,Meter_v3,3,0,1.9
155,2026-08-31,Monterrey,Meter_v3,3,1,13.8
155,2026-09-01,Monterrey,Meter_v3,3,0,1.5
156,2026-08-12,Tijuana,Meter_Audio_v1,8,1,7.4
156,2026-08-13,Tijuana,Meter_Audio_v1,8,1,9.1
156,2026-08-14,Tijuana,Meter_Audio_v1,8,1,7.4
156,2026-08-15,Tijuana,Meter_Audio_v1,8,1,9.9
156,2026-08-16,Tijuana,Meter_Audio_v1,8,1,10.2
156,2026-08-17,Tijuana,Meter_Audio_v1,8,1,13.7
156,2026-08-18,Tijuana,Meter_Audio_v1,8,1,7.5
156,2026-08-19,Tijuana,Meter_Audio_v1,8,1,6.4
156,2026-08-20,Tijuana,Meter_Audio_v1,8,1,8.2
156,2026-08-21,Tijuana,Meter_Audio_v1,8,1,12.7
156,2026-08-22,Tijuana,Meter_Audio_v1,8,1,12.8
156,2026-08-23,Tijuana,Meter_Audio_v1,8,1,11.6
156,2026-08-24,Tijuana,Meter_Audio_v1,8,0,2.6
156,2026-08-25,Tijuana,Meter_Audio_v1,8,1,12.8
156,2026-08-26,Tijuana,Meter_Audio_v1,8,1,14.7
156,2026-08-27,Tijuana,Meter_Audio_v1,8,1,9.9
156,2026-08-28,Tijuana,Meter_Audio_v1,8,1,11.9
156,2026-08-29,Tijuana,Meter_Audio_v1,8,1,9.4
156,2026-08-30,Tijuana,Meter_Audio_v1,8,0,3.0
156,2026-08-31,Tijuana,Meter_Audio_v1,8,1,13.1
156,2026-09-01,Tijuana,Meter_Audio_v1,8,1,7.7
157,2026-08-12,Guadalajara,Meter_v2,17,0,2.5
157,2026-08-13,Guadalajara,Meter_v2,17,1,8.4
157,2026-08-14,Guadalajara,Meter_v2,17,1,6.9
157,2026-08-15,Guadalajara,Meter_v2,17,1,7.9
157,2026-08-16,Guadalajara,Meter_v2,17,1,8.0
157,2026-08-17,Guadalajara,Meter_v2,17,1,10.0
157,2026-08-18,Guadalajara,Meter_v2,17,1,12.7
157,2026-08-19,Guadalajara,Meter_v2,17,1,12.3
157,2026-08-20,Guadalajara,Meter_v2,17,1,14.2
157,2026-08-21,Guadalajara,Meter_v2,17,1,12.2
157,2026-08-22,Guadalajara,Meter_v2,17,1,10.8
157,2026-08-23,Guadalajara,Meter_v2,17,1,13.3
157,2026-08-24,Guadalajara,Meter_v2,17,1,11.3
157,2026-08-25,Guadalajara,Meter_v2,17,1,7.1
157,2026-08-26,Guadalajara,Meter_v2,17,1,7.9
157,2026-08-27,Guadalajara,Meter_v2,17,1,14.3
157,2026-08-28,Guadalajara,Meter_v2,17,1,6.3
157,2026-08-29,Guadalajara,Meter_v2,17,1,12.1
157,2026-08-30,Guadalajara,Meter_v2,17,1,7.1
157,2026-08-31,Guadalajara,Meter_v2,17,1,7.3
157,2026-09-01,Guadalajara,Meter_v2,17,1,12.1
158,2026-08-12,CDMX,Meter_v2,51,1,6.9
158,2026-08-13,CDMX,Meter_v2,51,1,12.1
158,2026-08-14,CDMX,Meter_v2,51,1,14.3
158,2026-08-15,CDMX,Meter_v2,51,0,0.8
158,2026-08-16,CDMX,Meter_v2,51,1,10.6
158,2026-08-17,CDMX,Meter_v2,51,1,8.8
158,2026-08-18,CDMX,Meter_v2,51,1,14.6
158,2026-08-19,CDMX,Meter_v2,51,1,13.1
158,2026-08-20,CDMX,Meter_v2,51,1,13.2
158,2026-08-21,CDMX,Meter_v2,51,1,9.0
158,2026-08-22,CDMX,Meter_v2,51,1,10.7
158,2026-08-23,CDMX,Meter_v2,51,1,12.4
158,2026-08-24,CDMX,Meter_v2,51,1,14.7
158,2026-08-25,CDMX,Meter_v2,51,1,6.8
158,2026-08-26,CDMX,Meter_v2,51,1,11.7
158,2026-08-27,CDMX,Meter_v2,51,1,8.8
158,2026-08-28,CDMX,Meter_v2,51,1,9.9
158,2026-08-29,CDMX,Meter_v2,51,1,12.1
158,2026-08-30,CDMX,Meter_v2,51,1,8.8
158,2026-08-31,CDMX,Meter_v2,51,1,14.0
158,2026-09-01,CDMX,Meter_v2,51,1,14.4
159,2026-08-12,Guadalajara,Meter_v2,89,1,6.3
159,2026-08-13,Guadalajara,Meter_v2,89,1,14.2
159,2026-08-14,Guadalajara,Meter_v2,89,1,10.9
159,2026-08-15,Guadalajara,Meter_v2,89,1,14.3
159,2026-08-16,Guadalajara,Meter_v2,89,0,0.0
159,2026-08-17,Guadalajara,Meter_v2,89,1,11.3
159,2026-08-18,Guadalajara,Meter_v2,89,0,2.7
159,2026-08-19,Guadalajara,Meter_v2,89,1,14.5
159,2026-08-20,Guadalajara,Meter_v2,89,1,11.5
159,2026-08-21,Guadalajara,Meter_v2,89,1,7.4
159,2026-08-22,Guadalajara,Meter_v2,89,1,13.4
159,2026-08-23,Guadalajara,Meter_v2,89,1,9.2
159,2026-08-24,Guadalajara,Meter_v2,89,1,12.5
159,2026-08-25,Guadalajara,Meter_v2,89,1,13.2
159,2026-08-26,Guadalajara,Meter_v2,89,1,14.5
159,2026-08-27,Guadalajara,Meter_v2,89,1,14.9
159,2026-08-28,Guadalajara,Meter_v2,89,1,11.9
159,2026-08-29,Guadalajara,Meter_v2,89,1,14.7
159,2026-08-30,Guadalajara,Meter_v2,89,0,1.3
159,2026-08-31,Guadalajara,Meter_v2,89,1,13.2
159,2026-09-01,Guadalajara,Meter_v2,89,0,1.9
160,2026-08-12,Puebla,Meter_v2,5,1,10.1
160,2026-08-13,Puebla,Meter_v2,5,1,9.4
160,2026-08-14,Puebla,Meter_v2,5,1,7.5
160,2026-08-15,Puebla,Meter_v2,5,1,11.6
160,2026-08-16,Puebla,Meter_v2,5,0,2.3
160,2026-08-17,Puebla,Meter_v2,5,0,0.5
160,2026-08-18,Puebla,Meter_v2,5,1,11.7
160,2026-08-19,Puebla,Meter_v2,5,1,7.0
160,2026-08-20,Puebla,Meter_v2,5,0,2.6
160,2026-08-21,Puebla,Meter_v2,5,1,14.1
160,2026-08-22,Puebla,Meter_v2,5,1,9.6
160,2026-08-23,Puebla,Meter_v2,5,1,11.1
160,2026-08-24,Puebla,Meter_v2,5,1,7.5
160,2026-08-25,Puebla,Meter_v2,5,1,10.8
160,2026-08-26,Puebla,Meter_v2,5,1,14.2
160,2026-08-27,Puebla,Meter_v2,5,1,9.3
160,2026-08-28,Puebla,Meter_v2,5,1,13.6
160,2026-08-29,Puebla,Meter_v2,5,1,7.6
160,2026-08-30,Puebla,Meter_v2,5,1,13.6
160,2026-08-31,Puebla,Meter_v2,5,0,1.3
160,2026-09-01,Puebla,Meter_v2,5,1,7.6
161,2026-08-12,CDMX,Meter_v2,1,1,7.3
161,2026-08-13,CDMX,Meter_v2,1,0,2.8
161,2026-08-14,CDMX,Meter_v2,1,1,9.3
161,2026-08-15,CDMX,Meter_v2,1,1,10.8
161,2026-08-16,CDMX,Meter_v2,1,1,6.8
161,2026-08-17,CDMX,Meter_v2,1,1,6.3
161,2026-08-18,CDMX,Meter_v2,1,0,2.6
161,2026-08-19,CDMX,Meter_v2,1,1,10.3
161,2026-08-20,CDMX,Meter_v2,1,1,10.7
161,2026-08-21,CDMX,Meter_v2,1,1,6.1
161,2026-08-22,CDMX,Meter_v2,1,0,0.8
161,2026-08-23,CDMX,Meter_v2,1,1,8.9
161,2026-08-24,CDMX,Meter_v2,1,1,10.7
161,2026-08-25,CDMX,Meter_v2,1,0,1.8
161,2026-08-26,CDMX,Meter_v2,1,1,9.4
161,2026-08-27,CDMX,Meter_v2,1,1,13.1
161,2026-08-28,CDMX,Meter_v2,1,1,12.4
161,2026-08-29,CDMX,Meter_v2,1,1,6.6
161,2026-08-30,CDMX,Meter_v2,1,1,11.1
161,2026-08-31,CDMX,Meter_v2,1,1,6.1
161,2026-09-01,CDMX,Meter_v2,1,1,12.4
162,2026-08-12,Guadalajara,Meter_v2,32,1,8.7
162,2026-08-13,Guadalajara,Meter_v2,32,1,8.6
162,2026-08-14,Guadalajara,Meter_v2,32,1,8.7
162,2026-08-15,Guadalajara,Meter_v2,32,1,7.2
162,2026-08-16,Guadalajara,Meter_v2,32,1,7.0
162,2026-08-17,Guadalajara,Meter_v2,32,1,8.9
162,2026-08-18,Guadalajara,Meter_v2,32,0,2.5
162,2026-08-19,Guadalajara,Meter_v2,32,0,0.8
162,2026-08-20,Guadalajara,Meter_v2,32,1,11.9
162,2026-08-21,Guadalajara,Meter_v2,32,0,0.4
162,2026-08-22,Guadalajara,Meter_v2,32,1,11.9
162,2026-08-23,Guadalajara,Meter_v2,32,1,6.0
162,2026-08-24,Guadalajara,Meter_v2,32,1,12.3
162,2026-08-25,Guadalajara,Meter_v2,32,1,8.2
162,2026-08-26,Guadalajara,Meter_v2,32,1,11.6
162,2026-08-27,Guadalajara,Meter_v2,32,1,6.5
162,2026-08-28,Guadalajara,Meter_v2,32,0,1.4
162,2026-08-29,Guadalajara,Meter_v2,32,1,11.2
162,2026-08-30,Guadalajara,Meter_v2,32,1,7.7
162,2026-08-31,Guadalajara,Meter_v2,32,1,6.7
162,2026-09-01,Guadalajara,Meter_v2,32,1,9.7
163,2026-08-12,CDMX,Meter_v3,48,1,14.7
163,2026-08-13,CDMX,Meter_v3,48,1,6.7
163,2026-08-14,CDMX,Meter_v3,48,1,11.0
163,2026-08-15,CDMX,Meter_v3,48,1,6.5
163,2026-08-16,CDMX,Meter_v3,48,1,11.2
163,2026-08-17,CDMX,Meter_v3,48,1,11.2
163,2026-08-18,CDMX,Meter_v3,48,1,9.8
163,2026-08-19,CDMX,Meter_v3,48,0,0.8
163,2026-08-20,CDMX,Meter_v3,48,0,0.2
163,2026-08-21,CDMX,Meter_v3,48,1,12.1
163,2026-08-22,CDMX,Meter_v3,48,1,8.2
163,2026-08-23,CDMX,Meter_v3,48,1,13.7
163,2026-08-24,CDMX,Meter_v3,48,1,8.8
163,2026-08-25,CDMX,Meter_v3,48,1,7.7
163,2026-08-26,CDMX,Meter_v3,48,1,7.7
163,2026-08-27,CDMX,Meter_v3,48,1,11.2
163,2026-08-28,CDMX,Meter_v3,48,1,8.9
163,2026-08-29,CDMX,Meter_v3,48,1,10.7
163,2026-08-30,CDMX,Meter_v3,48,1,14.2
163,2026-08-31,CDMX,Meter_v3,48,1,6.8
163,2026-09-01,CDMX,Meter_v3,48,1,6.2
164,2026-08-12,Guadalajara,Meter_Audio_v1,12,0,2.8
164,2026-08-13,Guadalajara,Meter_Audio_v1,12,1,12.1
164,2026-08-14,Guadalajara,Meter_Audio_v1,12,1,6.9
164,2026-08-15,Guadalajara,Meter_Audio_v1,12,1,14.3
164,2026-08-16,Guadalajara,Meter_Audio_v1,12,1,14.7
164,2026-08-17,Guadalajara,Meter_Audio_v1,12,1,12.1
164,2026-08-18,Guadalajara,Meter_Audio_v1,12,1,12.6
164,2026-08-19,Guadalajara,Meter_Audio_v1,12,1,7.3
164,2026-08-20,Guadalajara,Meter_Audio_v1,12,1,13.5
164,2026-08-21,Guadalajara,Meter_Audio_v1,12,1,6.6
164,2026-08-22,Guadalajara,Meter_Audio_v1,12,0,0.1
164,2026-08-23,Guadalajara,Meter_Audio_v1,12,1,8.0
164,2026-08-24,Guadalajara,Meter_Audio_v1,12,1,7.5
164,2026-08-25,Guadalajara,Meter_Audio_v1,12,1,9.2
164,2026-08-26,Guadalajara,Meter_Audio_v1,12,1,6.2
164,2026-08-27,Guadalajara,Meter_Audio_v1,12,0,1.0
164,2026-08-28,Guadalajara,Meter_Audio_v1,12,1,8.2
164,2026-08-29,Guadalajara,Meter_Audio_v1,12,1,12.8
164,2026-08-30,Guadalajara,Meter_Audio_v1,12,1,9.4
164,2026-08-31,Guadalajara,Meter_Audio_v1,12,0,2.8
164,2026-09-01,Guadalajara,Meter_Audio_v1,12,1,13.2
165,2026-08-12,Puebla,Meter_Audio_v1,27,1,7.8
165,2026-08-13,Puebla,Meter_Audio_v1,27,1,6.3
165,2026-08-14,Puebla,Meter_Audio_v1,27,1,9.9
165,2026-08-15,Puebla,Meter_Audio_v1,27,1,14.4
165,2026-08-16,Puebla,Meter_Audio_v1,27,1,7.1
165,2026-08-17,Puebla,Meter_Audio_v1,27,1,10.3
165,2026-08-18,Puebla,Meter_Audio_v1,27,1,8.3
165,2026-08-19,Puebla,Meter_Audio_v1,27,0,1.9
165,2026-08-20,Puebla,Meter_Audio_v1,27,1,12.2
165,2026-08-21,Puebla,Meter_Audio_v1,27,1,7.3
165,2026-08-22,Puebla,Meter_Audio_v1,27,1,14.7
165,2026-08-23,Puebla,Meter_Audio_v1,27,1,6.3
165,2026-08-24,Puebla,Meter_Audio_v1,27,0,0.9
165,2026-08-25,Puebla,Meter_Audio_v1,27,1,7.5
165,2026-08-26,Puebla,Meter_Audio_v1,27,1,11.5
165,2026-08-27,Puebla,Meter_Audio_v1,27,1,9.0
165,2026-08-28,Puebla,Meter_Audio_v1,27,1,11.7
165,2026-08-29,Puebla,Meter_Audio_v1,27,1,8.0
165,2026-08-30,Puebla,Meter_Audio_v1,27,1,11.7
165,2026-08-31,Puebla,Meter_Audio_v1,27,1,11.1
165,2026-09-01,Puebla,Meter_Audio_v1,27,1,9.6
166,2026-08-12,Guadalajara,Meter_v2,37,1,7.2
166,2026-08-13,Guadalajara,Meter_v2,37,1,10.4
166,2026-08-14,Guadalajara,Meter_v2,37,1,12.3
166,2026-08-15,Guadalajara,Meter_v2,37,1,9.1
166,2026-08-16,Guadalajara,Meter_v2,37,1,11.1
166,2026-08-17,Guadalajara,Meter_v2,37,0,2.5
166,2026-08-18,Guadalajara,Meter_v2,37,1,8.9
166,2026-08-19,Guadalajara,Meter_v2,37,1,7.5
166,2026-08-20,Guadalajara,Meter_v2,37,1,14.3
166,2026-08-21,Guadalajara,Meter_v2,37,1,9.2
166,2026-08-22,Guadalajara,Meter_v2,37,1,8.1
166,2026-08-23,Guadalajara,Meter_v2,37,1,9.0
166,2026-08-24,Guadalajara,Meter_v2,37,1,13.6
166,2026-08-25,Guadalajara,Meter_v2,37,1,9.7
166,2026-08-26,Guadalajara,Meter_v2,37,1,12.8
166,2026-08-27,Guadalajara,Meter_v2,37,1,10.7
166,2026-08-28,Guadalajara,Meter_v2,37,1,8.8
166,2026-08-29,Guadalajara,Meter_v2,37,1,8.1
166,2026-08-30,Guadalajara,Meter_v2,37,1,7.7
166,2026-08-31,Guadalajara,Meter_v2,37,1,12.3
166,2026-09-01,Guadalajara,Meter_v2,37,0,1.3
167,2026-08-12,Guadalajara,Meter_v3,17,1,7.6
167,2026-08-13,Guadalajara,Meter_v3,17,1,13.4
167,2026-08-14,Guadalajara,Meter_v3,17,1,12.8
167,2026-08-15,Guadalajara,Meter_v3,17,1,15.0
167,2026-08-16,Guadalajara,Meter_v3,17,1,10.8
167,2026-08-17,Guadalajara,Meter_v3,17,1,14.2
167,2026-08-18,Guadalajara,Meter_v3,17,1,10.8
167,2026-08-19,Guadalajara,Meter_v3,17,1,8.0
167,2026-08-20,Guadalajara,Meter_v3,17,1,10.0
167,2026-08-21,Guadalajara,Meter_v3,17,1,7.7
167,2026-08-22,Guadalajara,Meter_v3,17,1,10.4
167,2026-08-23,Guadalajara,Meter_v3,17,1,10.8
167,2026-08-24,Guadalajara,Meter_v3,17,1,10.5
167,2026-08-25,Guadalajara,Meter_v3,17,1,7.9
167,2026-08-26,Guadalajara,Meter_v3,17,1,13.7
167,2026-08-27,Guadalajara,Meter_v3,17,1,14.2
167,2026-08-28,Guadalajara,Meter_v3,17,0,1.2
167,2026-08-29,Guadalajara,Meter_v3,17,1,11.8
167,2026-08-30,Guadalajara,Meter_v3,17,1,8.6
167,2026-08-31,Guadalajara,Meter_v3,17,0,2.1
167,2026-09-01,Guadalajara,Meter_v3,17,0,0.9
168,2026-08-12,Monterrey,Meter_v2,38,1,11.8
168,2026-08-13,Monterrey,Meter_v2,38,1,10.8
168,2026-08-14,Monterrey,Meter_v2,38,1,7.0
168,2026-08-15,Monterrey,Meter_v2,38,1,13.9
168,2026-08-16,Monterrey,Meter_v2,38,1,13.9
168,2026-08-17,Monterrey,Meter_v2,38,1,15.0
168,2026-08-18,Monterrey,Meter_v2,38,1,10.9
168,2026-08-19,Monterrey,Meter_v2,38,1,11.5
168,2026-08-20,Monterrey,Meter_v2,38,1,6.5
168,2026-08-21,Monterrey,Meter_v2,38,1,12.8
168,2026-08-22,Monterrey,Meter_v2,38,1,13.3
168,2026-08-23,Monterrey,Meter_v2,38,1,9.1
168,2026-08-24,Monterrey,Meter_v2,38,1,8.0
168,2026-08-25,Monterrey,Meter_v2,38,1,11.9
168,2026-08-26,Monterrey,Meter_v2,38,1,12.9
168,2026-08-27,Monterrey,Meter_v2,38,1,13.6
168,2026-08-28,Monterrey,Meter_v2,38,1,6.5
168,2026-08-29,Monterrey,Meter_v2,38,1,8.1
168,2026-08-30,Monterrey,Meter_v2,38,1,13.5
168,2026-08-31,Monterrey,Meter_v2,38,1,12.0
168,2026-09-01,Monterrey,Meter_v2,38,1,7.2
169,2026-08-12,Monterrey,Meter_Audio_v1,1,0,0.9
169,2026-08-13,Monterrey,Meter_Audio_v1,1,1,9.8
169,2026-08-14,Monterrey,Meter_Audio_v1,1,1,13.7
169,2026-08-15,Monterrey,Meter_Audio_v1,1,1,6.3
169,2026-08-16,Monterrey,Meter_Audio_v1,1,1,8.1
169,2026-08-17,Monterrey,Meter_Audio_v1,1,1,12.0
169,2026-08-18,Monterrey,Meter_Audio_v1,1,1,12.9
169,2026-08-19,Monterrey,Meter_Audio_v1,1,1,10.9
169,2026-08-20,Monterrey,Meter_Audio_v1,1,1,14.5
169,2026-08-21,Monterrey,Meter_Audio_v1,1,1,13.5
169,2026-08-22,Monterrey,Meter_Audio_v1,1,1,13.4
169,2026-08-23,Monterrey,Meter_Audio_v1,1,1,10.0
169,2026-08-24,Monterrey,Meter_Audio_v1,1,1,7.0
169,2026-08-25,Monterrey,Meter_Audio_v1,1,1,8.9
169,2026-08-26,Monterrey,Meter_Audio_v1,1,1,14.6
169,2026-08-27,Monterrey,Meter_Audio_v1,1,1,7.2
169,2026-08-28,Monterrey,Meter_Audio_v1,1,1,6.5
169,2026-08-29,Monterrey,Meter_Audio_v1,1,1,7.6
169,2026-08-30,Monterrey,Meter_Audio_v1,1,1,8.8
169,2026-08-31,Monterrey,Meter_Audio_v1,1,1,14.7
169,2026-09-01,Monterrey,Meter_Audio_v1,1,1,14.4
170,2026-08-12,Puebla,Meter_v2,6,1,9.9
170,2026-08-13,Puebla,Meter_v2,6,1,10.7
170,2026-08-14,Puebla,Meter_v2,6,1,10.0
170,2026-08-15,Puebla,Meter_v2,6,1,7.7
170,2026-08-16,Puebla,Meter_v2,6,1,7.0
170,2026-08-17,Puebla,Meter_v2,6,1,12.7
170,2026-08-18,Puebla,Meter_v2,6,1,7.8
170,2026-08-19,Puebla,Meter_v2,6,1,6.7
170,2026-08-20,Puebla,Meter_v2,6,1,12.5
170,2026-08-21,Puebla,Meter_v2,6,1,7.8
170,2026-08-22,Puebla,Meter_v2,6,1,7.2
170,2026-08-23,Puebla,Meter_v2,6,1,9.6
170,2026-08-24,Puebla,Meter_v2,6,1,8.9
170,2026-08-25,Puebla,Meter_v2,6,1,13.6
170,2026-08-26,Puebla,Meter_v2,6,1,6.7
170,2026-08-27,Puebla,Meter_v2,6,1,13.1
170,2026-08-28,Puebla,Meter_v2,6,1,9.9
170,2026-08-29,Puebla,Meter_v2,6,1,13.3
170,2026-08-30,Puebla,Meter_v2,6,1,9.9
170,2026-08-31,Puebla,Meter_v2,6,1,14.8
170,2026-09-01,Puebla,Meter_v2,6,1,10.4
171,2026-08-12,Guadalajara,Meter_Audio_v1,6,1,10.6
171,2026-08-13,Guadalajara,Meter_Audio_v1,6,1,6.8
171,2026-08-14,Guadalajara,Meter_Audio_v1,6,0,0.8
171,2026-08-15,Guadalajara,Meter_Audio_v1,6,0,1.6
171,2026-08-16,Guadalajara,Meter_Audio_v1,6,1,9.1
171,2026-08-17,Guadalajara,Meter_Audio_v1,6,1,10.2
171,2026-08-18,Guadalajara,Meter_Audio_v1,6,1,14.0
171,2026-08-19,Guadalajara,Meter_Audio_v1,6,1,10.7
171,2026-08-20,Guadalajara,Meter_Audio_v1,6,0,1.8
171,2026-08-21,Guadalajara,Meter_Audio_v1,6,1,10.9
171,2026-08-22,Guadalajara,Meter_Audio_v1,6,0,0.9
171,2026-08-23,Guadalajara,Meter_Audio_v1,6,1,13.4
171,2026-08-24,Guadalajara,Meter_Audio_v1,6,1,6.0
171,2026-08-25,Guadalajara,Meter_Audio_v1,6,1,14.8
171,2026-08-26,Guadalajara,Meter_Audio_v1,6,1,13.1
171,2026-08-27,Guadalajara,Meter_Audio_v1,6,1,11.5
171,2026-08-28,Guadalajara,Meter_Audio_v1,6,1,10.8
171,2026-08-29,Guadalajara,Meter_Audio_v1,6,1,9.3
171,2026-08-30,Guadalajara,Meter_Audio_v1,6,1,8.2
171,2026-08-31,Guadalajara,Meter_Audio_v1,6,1,9.5
171,2026-09-01,Guadalajara,Meter_Audio_v1,6,1,8.7
172,2026-08-12,CDMX,Meter_v3,3,1,10.2
172,2026-08-13,CDMX,Meter_v3,3,1,7.6
172,2026-08-14,CDMX,Meter_v3,3,1,8.7
172,2026-08-15,CDMX,Meter_v3,3,1,10.0
172,2026-08-16,CDMX,Meter_v3,3,1,13.3
172,2026-08-17,CDMX,Meter_v3,3,1,6.5
172,2026-08-18,CDMX,Meter_v3,3,1,10.6
172,2026-08-19,CDMX,Meter_v3,3,1,6.1
172,2026-08-20,CDMX,Meter_v3,3,1,10.2
172,2026-08-21,CDMX,Meter_v3,3,1,10.6
172,2026-08-22,CDMX,Meter_v3,3,1,13.3
172,2026-08-23,CDMX,Meter_v3,3,0,0.9
172,2026-08-24,CDMX,Meter_v3,3,1,11.2
172,2026-08-25,CDMX,Meter_v3,3,1,12.6
172,2026-08-26,CDMX,Meter_v3,3,1,11.3
172,2026-08-27,CDMX,Meter_v3,3,1,9.2
172,2026-08-28,CDMX,Meter_v3,3,1,7.7
172,2026-08-29,CDMX,Meter_v3,3,1,14.2
172,2026-08-30,CDMX,Meter_v3,3,1,6.2
172,2026-08-31,CDMX,Meter_v3,3,1,10.9
172,2026-09-01,CDMX,Meter_v3,3,1,13.5
173,2026-08-12,Guadalajara,Meter_v2,44,1,11.4
173,2026-08-13,Guadalajara,Meter_v2,44,1,11.8
173,2026-08-14,Guadalajara,Meter_v2,44,1,7.4
173,2026-08-15,Guadalajara,Meter_v2,44,1,12.6
173,2026-08-16,Guadalajara,Meter_v2,44,1,7.1
173,2026-08-17,Guadalajara,Meter_v2,44,1,7.0
173,2026-08-18,Guadalajara,Meter_v2,44,1,7.2
173,2026-08-19,Guadalajara,Meter_v2,44,1,6.7
173,2026-08-20,Guadalajara,Meter_v2,44,1,7.3
173,2026-08-21,Guadalajara,Meter_v2,44,1,14.3
173,2026-08-22,Guadalajara,Meter_v2,44,1,12.1
173,2026-08-23,Guadalajara,Meter_v2,44,1,6.3
173,2026-08-24,Guadalajara,Meter_v2,44,1,6.5
173,2026-08-25,Guadalajara,Meter_v2,44,1,13.5
173,2026-08-26,Guadalajara,Meter_v2,44,1,10.3
173,2026-08-27,Guadalajara,Meter_v2,44,1,6.6
173,2026-08-28,Guadalajara,Meter_v2,44,1,12.0
173,2026-08-29,Guadalajara,Meter_v2,44,1,12.0
173,2026-08-30,Guadalajara,Meter_v2,44,1,13.8
173,2026-08-31,Guadalajara,Meter_v2,44,1,10.6
173,2026-09-01,Guadalajara,Meter_v2,44,1,10.0
174,2026-08-12,CDMX,Meter_v2,1,1,14.1
174,2026-08-13,CDMX,Meter_v2,1,1,11.1
174,2026-08-14,CDMX,Meter_v2,1,1,7.8
174,2026-08-15,CDMX,Meter_v2,1,1,9.5
174,2026-08-16,CDMX,Meter_v2,1,1,10.6
174,2026-08-17,CDMX,Meter_v2,1,1,14.5
174,2026-08-18,CDMX,Meter_v2,1,1,9.3
174,2026-08-19,CDMX,Meter_v2,1,1,13.2
174,2026-08-20,CDMX,Meter_v2,1,1,8.7
174,2026-08-21,CDMX,Meter_v2,1,1,14.2
174,2026-08-22,CDMX,Meter_v2,1,1,11.4
174,2026-08-23,CDMX,Meter_v2,1,1,10.7
174,2026-08-24,CDMX,Meter_v2,1,1,10.9
174,2026-08-25,CDMX,Meter_v2,1,1,12.0
174,2026-08-26,CDMX,Meter_v2,1,1,12.5
174,2026-08-27,CDMX,Meter_v2,1,0,2.6
174,2026-08-28,CDMX,Meter_v2,1,1,6.6
174,2026-08-29,CDMX,Meter_v2,1,1,12.1
174,2026-08-30,CDMX,Meter_v2,1,1,10.2
174,2026-08-31,CDMX,Meter_v2,1,1,8.6
174,2026-09-01,CDMX,Meter_v2,1,1,14.5
175,2026-08-12,Guadalajara,Meter_Audio_v1,21,1,8.4
175,2026-08-13,Guadalajara,Meter_Audio_v1,21,1,10.2
175,2026-08-14,Guadalajara,Meter_Audio_v1,21,1,9.2
175,2026-08-15,Guadalajara,Meter_Audio_v1,21,1,14.3
175,2026-08-16,Guadalajara,Meter_Audio_v1,21,1,6.9
175,2026-08-17,Guadalajara,Meter_Audio_v1,21,1,6.2
175,2026-08-18,Guadalajara,Meter_Audio_v1,21,1,6.0
175,2026-08-19,Guadalajara,Meter_Audio_v1,21,1,10.9
175,2026-08-20,Guadalajara,Meter_Audio_v1,21,1,13.0
175,2026-08-21,Guadalajara,Meter_Audio_v1,21,1,9.3
175,2026-08-22,Guadalajara,Meter_Audio_v1,21,1,12.2
175,2026-08-23,Guadalajara,Meter_Audio_v1,21,1,13.6
175,2026-08-24,Guadalajara,Meter_Audio_v1,21,1,8.9
175,2026-08-25,Guadalajara,Meter_Audio_v1,21,1,7.5
175,2026-08-26,Guadalajara,Meter_Audio_v1,21,1,7.5
175,2026-08-27,Guadalajara,Meter_Audio_v1,21,1,9.2
175,2026-08-28,Guadalajara,Meter_Audio_v1,21,1,12.2
175,2026-08-29,Guadalajara,Meter_Audio_v1,21,1,11.7
175,2026-08-30,Guadalajara,Meter_Audio_v1,21,1,6.2
175,2026-08-31,Guadalajara,Meter_Audio_v1,21,1,12.5
175,2026-09-01,Guadalajara,Meter_Audio_v1,21,1,13.9
176,2026-08-12,CDMX,Meter_Audio_v1,2,1,14.9
176,2026-08-13,CDMX,Meter_Audio_v1,2,1,11.2
176,2026-08-14,CDMX,Meter_Audio_v1,2,1,7.4
176,2026-08-15,CDMX,Meter_Audio_v1,2,1,11.4
176,2026-08-16,CDMX,Meter_Audio_v1,2,1,12.3
176,2026-08-17,CDMX,Meter_Audio_v1,2,1,11.1
176,2026-08-18,CDMX,Meter_Audio_v1,2,1,11.7
176,2026-08-19,CDMX,Meter_Audio_v1,2,1,14.0
176,2026-08-20,CDMX,Meter_Audio_v1,2,1,10.8
176,2026-08-21,CDMX,Meter_Audio_v1,2,1,7.1
176,2026-08-22,CDMX,Meter_Audio_v1,2,1,6.1
176,2026-08-23,CDMX,Meter_Audio_v1,2,1,8.7
176,2026-08-24,CDMX,Meter_Audio_v1,2,1,9.1
176,2026-08-25,CDMX,Meter_Audio_v1,2,1,14.3
176,2026-08-26,CDMX,Meter_Audio_v1,2,1,14.7
176,2026-08-27,CDMX,Meter_Audio_v1,2,1,9.4
176,2026-08-28,CDMX,Meter_Audio_v1,2,1,9.8
176,2026-08-29,CDMX,Meter_Audio_v1,2,1,6.1
176,2026-08-30,CDMX,Meter_Audio_v1,2,1,7.5
176,2026-08-31,CDMX,Meter_Audio_v1,2,1,11.7
176,2026-09-01,CDMX,Meter_Audio_v1,2,1,14.3
177,2026-08-12,Guadalajara,Meter_Audio_v1,9,1,6.2
177,2026-08-13,Guadalajara,Meter_Audio_v1,9,1,12.2
177,2026-08-14,Guadalajara,Meter_Audio_v1,9,1,11.6
177,2026-08-15,Guadalajara,Meter_Audio_v1,9,1,9.1
177,2026-08-16,Guadalajara,Meter_Audio_v1,9,1,6.9
177,2026-08-17,Guadalajara,Meter_Audio_v1,9,1,10.1
177,2026-08-18,Guadalajara,Meter_Audio_v1,9,1,13.6
177,2026-08-19,Guadalajara,Meter_Audio_v1,9,1,12.2
177,2026-08-20,Guadalajara,Meter_Audio_v1,9,1,9.9
177,2026-08-21,Guadalajara,Meter_Audio_v1,9,1,14.2
177,2026-08-22,Guadalajara,Meter_Audio_v1,9,1,14.9
177,2026-08-23,Guadalajara,Meter_Audio_v1,9,1,7.7
177,2026-08-24,Guadalajara,Meter_Audio_v1,9,1,12.9
177,2026-08-25,Guadalajara,Meter_Audio_v1,9,0,0.3
177,2026-08-26,Guadalajara,Meter_Audio_v1,9,1,11.9
177,2026-08-27,Guadalajara,Meter_Audio_v1,9,1,10.3
177,2026-08-28,Guadalajara,Meter_Audio_v1,9,1,13.3
177,2026-08-29,Guadalajara,Meter_Audio_v1,9,1,9.1
177,2026-08-30,Guadalajara,Meter_Audio_v1,9,1,8.7
177,2026-08-31,Guadalajara,Meter_Audio_v1,9,1,8.2
177,2026-09-01,Guadalajara,Meter_Audio_v1,9,1,6.8
178,2026-08-12,Guadalajara,Meter_Audio_v1,10,1,13.9
178,2026-08-13,Guadalajara,Meter_Audio_v1,10,1,13.4
178,2026-08-14,Guadalajara,Meter_Audio_v1,10,1,9.2
178,2026-08-15,Guadalajara,Meter_Audio_v1,10,1,8.5
178,2026-08-16,Guadalajara,Meter_Audio_v1,10,1,7.3
178,2026-08-17,Guadalajara,Meter_Audio_v1,10,1,13.5
178,2026-08-18,Guadalajara,Meter_Audio_v1,10,1,13.4
178,2026-08-19,Guadalajara,Meter_Audio_v1,10,1,8.5
178,2026-08-20,Guadalajara,Meter_Audio_v1,10,0,1.7
178,2026-08-21,Guadalajara,Meter_Audio_v1,10,1,12.0
178,2026-08-22,Guadalajara,Meter_Audio_v1,10,1,12.3
178,2026-08-23,Guadalajara,Meter_Audio_v1,10,1,11.0
178,2026-08-24,Guadalajara,Meter_Audio_v1,10,1,6.3
178,2026-08-25,Guadalajara,Meter_Audio_v1,10,1,13.8
178,2026-08-26,Guadalajara,Meter_Audio_v1,10,1,10.7
178,2026-08-27,Guadalajara,Meter_Audio_v1,10,1,10.5
178,2026-08-28,Guadalajara,Meter_Audio_v1,10,1,12.1
178,2026-08-29,Guadalajara,Meter_Audio_v1,10,0,2.5
178,2026-08-30,Guadalajara,Meter_Audio_v1,10,1,7.9
178,2026-08-31,Guadalajara,Meter_Audio_v1,10,1,12.3
178,2026-09-01,Guadalajara,Meter_Audio_v1,10,1,10.3
179,2026-08-12,CDMX,Meter_v2,4,1,6.6
179,2026-08-13,CDMX,Meter_v2,4,1,8.2
179,2026-08-14,CDMX,Meter_v2,4,1,11.5
179,2026-08-15,CDMX,Meter_v2,4,1,8.6
179,2026-08-16,CDMX,Meter_v2,4,1,8.5
179,2026-08-17,CDMX,Meter_v2,4,1,11.7
179,2026-08-18,CDMX,Meter_v2,4,1,13.5
179,2026-08-19,CDMX,Meter_v2,4,1,13.6
179,2026-08-20,CDMX,Meter_v2,4,0,2.3
179,2026-08-21,CDMX,Meter_v2,4,1,10.2
179,2026-08-22,CDMX,Meter_v2,4,1,14.3
179,2026-08-23,CDMX,Meter_v2,4,1,8.4
179,2026-08-24,CDMX,Meter_v2,4,1,11.9
179,2026-08-25,CDMX,Meter_v2,4,1,8.5
179,2026-08-26,CDMX,Meter_v2,4,1,6.9
179,2026-08-27,CDMX,Meter_v2,4,1,9.4
179,2026-08-28,CDMX,Meter_v2,4,1,12.9
179,2026-08-29,CDMX,Meter_v2,4,1,13.8
179,2026-08-30,CDMX,Meter_v2,4,1,8.6
179,2026-08-31,CDMX,Meter_v2,4,1,9.2
179,2026-09-01,CDMX,Meter_v2,4,1,13.4
180,2026-08-12,CDMX,Meter_Audio_v1,14,1,11.6
180,2026-08-13,CDMX,Meter_Audio_v1,14,1,6.4
180,2026-08-14,CDMX,Meter_Audio_v1,14,1,12.6
180,2026-08-15,CDMX,Meter_Audio_v1,14,1,13.0
180,2026-08-16,CDMX,Meter_Audio_v1,14,1,9.5
180,2026-08-17,CDMX,Meter_Audio_v1,14,1,8.5
180,2026-08-18,CDMX,Meter_Audio_v1,14,1,7.1
180,2026-08-19,CDMX,Meter_Audio_v1,14,1,7.7
180,2026-08-20,CDMX,Meter_Audio_v1,14,1,6.5
180,2026-08-21,CDMX,Meter_Audio_v1,14,1,12.9
180,2026-08-22,CDMX,Meter_Audio_v1,14,0,1.4
180,2026-08-23,CDMX,Meter_Audio_v1,14,1,11.2
180,2026-08-24,CDMX,Meter_Audio_v1,14,1,11.5
180,2026-08-25,CDMX,Meter_Audio_v1,14,1,11.8
180,2026-08-26,CDMX,Meter_Audio_v1,14,1,10.2
180,2026-08-27,CDMX,Meter_Audio_v1,14,1,13.2
180,2026-08-28,CDMX,Meter_Audio_v1,14,0,2.4
180,2026-08-29,CDMX,Meter_Audio_v1,14,1,7.3
180,2026-08-30,CDMX,Meter_Audio_v1,14,1,12.7
180,2026-08-31,CDMX,Meter_Audio_v1,14,1,10.8
180,2026-09-01,CDMX,Meter_Audio_v1,14,1,8.7
181,2026-08-12,Monterrey,Meter_v2,14,1,9.3
181,2026-08-13,Monterrey,Meter_v2,14,1,12.2
181,2026-08-14,Monterrey,Meter_v2,14,1,13.5
181,2026-08-15,Monterrey,Meter_v2,14,1,10.9
181,2026-08-16,Monterrey,Meter_v2,14,1,8.7
181,2026-08-17,Monterrey,Meter_v2,14,1,12.5
181,2026-08-18,Monterrey,Meter_v2,14,1,14.8
181,2026-08-19,Monterrey,Meter_v2,14,0,2.6
181,2026-08-20,Monterrey,Meter_v2,14,1,9.2
181,2026-08-21,Monterrey,Meter_v2,14,1,8.9
181,2026-08-22,Monterrey,Meter_v2,14,1,7.8
181,2026-08-23,Monterrey,Meter_v2,14,1,8.4
181,2026-08-24,Monterrey,Meter_v2,14,1,11.7
181,2026-08-25,Monterrey,Meter_v2,14,1,11.3
181,2026-08-26,Monterrey,Meter_v2,14,1,6.8
181,2026-08-27,Monterrey,Meter_v2,14,1,7.3
181,2026-08-28,Monterrey,Meter_v2,14,1,7.6
181,2026-08-29,Monterrey,Meter_v2,14,0,1.1
181,2026-08-30,Monterrey,Meter_v2,14,1,7.7
181,2026-08-31,Monterrey,Meter_v2,14,1,6.9
181,2026-09-01,Monterrey,Meter_v2,14,1,12.2
182,2026-08-12,CDMX,Meter_v2,7,1,9.6
182,2026-08-13,CDMX,Meter_v2,7,1,12.8
182,2026-08-14,CDMX,Meter_v2,7,1,12.7
182,2026-08-15,CDMX,Meter_v2,7,0,1.1
182,2026-08-16,CDMX,Meter_v2,7,1,6.2
182,2026-08-17,CDMX,Meter_v2,7,1,9.3
182,2026-08-18,CDMX,Meter_v2,7,0,2.5
182,2026-08-19,CDMX,Meter_v2,7,1,9.2
182,2026-08-20,CDMX,Meter_v2,7,1,10.4
182,2026-08-21,CDMX,Meter_v2,7,1,7.0
182,2026-08-22,CDMX,Meter_v2,7,1,13.8
182,2026-08-23,CDMX,Meter_v2,7,1,14.5
182,2026-08-24,CDMX,Meter_v2,7,1,13.7
182,2026-08-25,CDMX,Meter_v2,7,1,9.4
182,2026-08-26,CDMX,Meter_v2,7,0,1.8
182,2026-08-27,CDMX,Meter_v2,7,1,10.6
182,2026-08-28,CDMX,Meter_v2,7,0,2.0
182,2026-08-29,CDMX,Meter_v2,7,1,13.8
182,2026-08-30,CDMX,Meter_v2,7,1,10.8
182,2026-08-31,CDMX,Meter_v2,7,1,14.8
182,2026-09-01,CDMX,Meter_v2,7,1,13.8
183,2026-08-12,Guadalajara,Meter_v2,25,0,2.3
183,2026-08-13,Guadalajara,Meter_v2,25,1,10.6
183,2026-08-14,Guadalajara,Meter_v2,25,1,8.9
183,2026-08-15,Guadalajara,Meter_v2,25,1,10.9
183,2026-08-16,Guadalajara,Meter_v2,25,1,14.0
183,2026-08-17,Guadalajara,Meter_v2,25,1,11.6
183,2026-08-18,Guadalajara,Meter_v2,25,1,13.9
183,2026-08-19,Guadalajara,Meter_v2,25,1,6.6
183,2026-08-20,Guadalajara,Meter_v2,25,1,6.4
183,2026-08-21,Guadalajara,Meter_v2,25,1,11.4
183,2026-08-22,Guadalajara,Meter_v2,25,1,8.0
183,2026-08-23,Guadalajara,Meter_v2,25,1,9.6
183,2026-08-24,Guadalajara,Meter_v2,25,1,7.3
183,2026-08-25,Guadalajara,Meter_v2,25,1,9.8
183,2026-08-26,Guadalajara,Meter_v2,25,1,8.3
183,2026-08-27,Guadalajara,Meter_v2,25,1,12.3
183,2026-08-28,Guadalajara,Meter_v2,25,1,14.7
183,2026-08-29,Guadalajara,Meter_v2,25,1,14.1
183,2026-08-30,Guadalajara,Meter_v2,25,1,9.7
183,2026-08-31,Guadalajara,Meter_v2,25,0,2.7
183,2026-09-01,Guadalajara,Meter_v2,25,1,12.4
184,2026-08-12,Guadalajara,Meter_v2,4,1,7.1
184,2026-08-13,Guadalajara,Meter_v2,4,1,14.6
184,2026-08-14,Guadalajara,Meter_v2,4,1,10.1
184,2026-08-15,Guadalajara,Meter_v2,4,1,10.8
184,2026-08-16,Guadalajara,Meter_v2,4,1,8.3
184,2026-08-17,Guadalajara,Meter_v2,4,1,13.9
184,2026-08-18,Guadalajara,Meter_v2,4,1,9.5
184,2026-08-19,Guadalajara,Meter_v2,4,0,1.7
184,2026-08-20,Guadalajara,Meter_v2,4,1,13.1
184,2026-08-21,Guadalajara,Meter_v2,4,1,9.8
184,2026-08-22,Guadalajara,Meter_v2,4,1,12.1
184,2026-08-23,Guadalajara,Meter_v2,4,1,6.1
184,2026-08-24,Guadalajara,Meter_v2,4,1,13.4
184,2026-08-25,Guadalajara,Meter_v2,4,1,7.5
184,2026-08-26,Guadalajara,Meter_v2,4,1,7.2
184,2026-08-27,Guadalajara,Meter_v2,4,1,8.2
184,2026-08-28,Guadalajara,Meter_v2,4,1,13.8
184,2026-08-29,Guadalajara,Meter_v2,4,1,9.1
184,2026-08-30,Guadalajara,Meter_v2,4,1,10.7
184,2026-08-31,Guadalajara,Meter_v2,4,1,9.9
184,2026-09-01,Guadalajara,Meter_v2,4,1,12.5
185,2026-08-12,Monterrey,Meter_v2,4,1,14.1
185,2026-08-13,Monterrey,Meter_v2,4,1,14.0
185,2026-08-14,Monterrey,Meter_v2,4,1,14.2
185,2026-08-15,Monterrey,Meter_v2,4,1,11.1
185,2026-08-16,Monterrey,Meter_v2,4,1,11.9
185,2026-08-17,Monterrey,Meter_v2,4,1,12.7
185,2026-08-18,Monterrey,Meter_v2,4,1,14.5
185,2026-08-19,Monterrey,Meter_v2,4,1,11.3
185,2026-08-20,Monterrey,Meter_v2,4,1,10.8
185,2026-08-21,Monterrey,Meter_v2,4,1,10.2
185,2026-08-22,Monterrey,Meter_v2,4,1,10.9
185,2026-08-23,Monterrey,Meter_v2,4,1,12.0
185,2026-08-24,Monterrey,Meter_v2,4,1,7.2
185,2026-08-25,Monterrey,Meter_v2,4,1,8.5
185,2026-08-26,Monterrey,Meter_v2,4,1,13.2
185,2026-08-27,Monterrey,Meter_v2,4,1,8.8
185,2026-08-28,Monterrey,Meter_v2,4,1,9.6
185,2026-08-29,Monterrey,Meter_v2,4,1,8.6
185,2026-08-30,Monterrey,Meter_v2,4,1,9.5
185,2026-08-31,Monterrey,Meter_v2,4,1,10.1
185,2026-09-01,Monterrey,Meter_v2,4,1,10.9
186,2026-08-12,Puebla,Meter_v2,8,1,7.4
186,2026-08-13,Puebla,Meter_v2,8,1,8.9
186,2026-08-14,Puebla,Meter_v2,8,1,11.1
186,2026-08-15,Puebla,Meter_v2,8,1,7.4
186,2026-08-16,Puebla,Meter_v2,8,1,13.8
186,2026-08-17,Puebla,Meter_v2,8,1,6.6
186,2026-08-18,Puebla,Meter_v2,8,1,12.0
186,2026-08-19,Puebla,Meter_v2,8,1,7.7
186,2026-08-20,Puebla,Meter_v2,8,1,8.2
186,2026-08-21,Puebla,Meter_v2,8,1,10.4
186,2026-08-22,Puebla,Meter_v2,8,1,12.6
186,2026-08-23,Puebla,Meter_v2,8,1,13.2
186,2026-08-24,Puebla,Meter_v2,8,1,11.4
186,2026-08-25,Puebla,Meter_v2,8,1,8.8
186,2026-08-26,Puebla,Meter_v2,8,1,13.3
186,2026-08-27,Puebla,Meter_v2,8,1,11.9
186,2026-08-28,Puebla,Meter_v2,8,1,7.3
186,2026-08-29,Puebla,Meter_v2,8,1,13.1
186,2026-08-30,Puebla,Meter_v2,8,1,9.3
186,2026-08-31,Puebla,Meter_v2,8,0,1.0
186,2026-09-01,Puebla,Meter_v2,8,1,14.0
187,2026-08-12,CDMX,Meter_v2,9,1,10.1
187,2026-08-13,CDMX,Meter_v2,9,1,12.6
187,2026-08-14,CDMX,Meter_v2,9,1,11.1
187,2026-08-15,CDMX,Meter_v2,9,1,7.8
187,2026-08-16,CDMX,Meter_v2,9,1,9.2
187,2026-08-17,CDMX,Meter_v2,9,1,10.8
187,2026-08-18,CDMX,Meter_v2,9,1,9.9
187,2026-08-19,CDMX,Meter_v2,9,1,11.1
187,2026-08-20,CDMX,Meter_v2,9,1,7.4
187,2026-08-21,CDMX,Meter_v2,9,1,7.8
187,2026-08-22,CDMX,Meter_v2,9,1,8.6
187,2026-08-23,CDMX,Meter_v2,9,1,9.4
187,2026-08-24,CDMX,Meter_v2,9,1,11.9
187,2026-08-25,CDMX,Meter_v2,9,1,12.7
187,2026-08-26,CDMX,Meter_v2,9,1,8.8
187,2026-08-27,CDMX,Meter_v2,9,1,8.2
187,2026-08-28,CDMX,Meter_v2,9,1,12.4
187,2026-08-29,CDMX,Meter_v2,9,1,8.1
187,2026-08-30,CDMX,Meter_v2,9,1,8.9
187,2026-08-31,CDMX,Meter_v2,9,1,11.0
187,2026-09-01,CDMX,Meter_v2,9,1,9.9
188,2026-08-12,Monterrey,Meter_v2,5,1,12.9
188,2026-08-13,Monterrey,Meter_v2,5,1,10.3
188,2026-08-14,Monterrey,Meter_v2,5,1,14.9
188,2026-08-15,Monterrey,Meter_v2,5,1,9.2
188,2026-08-16,Monterrey,Meter_v2,5,0,0.7
188,2026-08-17,Monterrey,Meter_v2,5,1,13.7
188,2026-08-18,Monterrey,Meter_v2,5,1,7.4
188,2026-08-19,Monterrey,Meter_v2,5,1,10.9
188,2026-08-20,Monterrey,Meter_v2,5,1,13.6
188,2026-08-21,Monterrey,Meter_v2,5,1,11.1
188,2026-08-22,Monterrey,Meter_v2,5,1,10.8
188,2026-08-23,Monterrey,Meter_v2,5,1,7.3
188,2026-08-24,Monterrey,Meter_v2,5,1,12.0
188,2026-08-25,Monterrey,Meter_v2,5,1,6.4
188,2026-08-26,Monterrey,Meter_v2,5,1,9.0
188,2026-08-27,Monterrey,Meter_v2,5,1,8.8
188,2026-08-28,Monterrey,Meter_v2,5,1,6.1
188,2026-08-29,Monterrey,Meter_v2,5,1,13.8
188,2026-08-30,Monterrey,Meter_v2,5,1,6.2
188,2026-08-31,Monterrey,Meter_v2,5,1,12.4
188,2026-09-01,Monterrey,Meter_v2,5,1,14.9
189,2026-08-12,Monterrey,Meter_v2,46,1,10.3
189,2026-08-13,Monterrey,Meter_v2,46,1,11.8
189,2026-08-14,Monterrey,Meter_v2,46,1,14.4
189,2026-08-15,Monterrey,Meter_v2,46,1,7.0
189,2026-08-16,Monterrey,Meter_v2,46,1,9.4
189,2026-08-17,Monterrey,Meter_v2,46,1,10.6
189,2026-08-18,Monterrey,Meter_v2,46,1,14.3
189,2026-08-19,Monterrey,Meter_v2,46,1,8.5
189,2026-08-20,Monterrey,Meter_v2,46,1,10.4
189,2026-08-21,Monterrey,Meter_v2,46,1,13.1
189,2026-08-22,Monterrey,Meter_v2,46,1,13.3
189,2026-08-23,Monterrey,Meter_v2,46,1,9.6
189,2026-08-24,Monterrey,Meter_v2,46,1,9.3
189,2026-08-25,Monterrey,Meter_v2,46,1,7.8
189,2026-08-26,Monterrey,Meter_v2,46,1,6.9
189,2026-08-27,Monterrey,Meter_v2,46,1,7.5
189,2026-08-28,Monterrey,Meter_v2,46,1,8.1
189,2026-08-29,Monterrey,Meter_v2,46,1,11.9
189,2026-08-30,Monterrey,Meter_v2,46,1,7.9
189,2026-08-31,Monterrey,Meter_v2,46,1,10.4
189,2026-09-01,Monterrey,Meter_v2,46,1,12.6
190,2026-08-12,Puebla,Meter_v3,32,1,8.6
190,2026-08-13,Puebla,Meter_v3,32,1,11.7
190,2026-08-14,Puebla,Meter_v3,32,1,6.2
190,2026-08-15,Puebla,Meter_v3,32,1,14.7
190,2026-08-16,Puebla,Meter_v3,32,1,6.7
190,2026-08-17,Puebla,Meter_v3,32,1,12.0
190,2026-08-18,Puebla,Meter_v3,32,1,9.9
190,2026-08-19,Puebla,Meter_v3,32,0,0.1
190,2026-08-20,Puebla,Meter_v3,32,1,15.0
190,2026-08-21,Puebla,Meter_v3,32,1,9.0
190,2026-08-22,Puebla,Meter_v3,32,1,10.1
190,2026-08-23,Puebla,Meter_v3,32,1,8.1
190,2026-08-24,Puebla,Meter_v3,32,1,10.3
190,2026-08-25,Puebla,Meter_v3,32,1,13.9
190,2026-08-26,Puebla,Meter_v3,32,1,6.6
190,2026-08-27,Puebla,Meter_v3,32,1,9.8
190,2026-08-28,Puebla,Meter_v3,32,0,0.4
190,2026-08-29,Puebla,Meter_v3,32,1,11.6
190,2026-08-30,Puebla,Meter_v3,32,0,1.4
190,2026-08-31,Puebla,Meter_v3,32,1,11.1
190,2026-09-01,Puebla,Meter_v3,32,1,11.4
191,2026-08-12,Guadalajara,Meter_v3,3,1,7.8
191,2026-08-13,Guadalajara,Meter_v3,3,1,14.2
191,2026-08-14,Guadalajara,Meter_v3,3,0,0.4
191,2026-08-15,Guadalajara,Meter_v3,3,1,7.3
191,2026-08-16,Guadalajara,Meter_v3,3,1,13.2
191,2026-08-17,Guadalajara,Meter_v3,3,1,6.5
191,2026-08-18,Guadalajara,Meter_v3,3,1,8.5
191,2026-08-19,Guadalajara,Meter_v3,3,1,11.5
191,2026-08-20,Guadalajara,Meter_v3,3,1,10.7
191,2026-08-21,Guadalajara,Meter_v3,3,1,10.8
191,2026-08-22,Guadalajara,Meter_v3,3,1,11.4
191,2026-08-23,Guadalajara,Meter_v3,3,1,9.4
191,2026-08-24,Guadalajara,Meter_v3,3,0,2.3
191,2026-08-25,Guadalajara,Meter_v3,3,1,10.6
191,2026-08-26,Guadalajara,Meter_v3,3,1,11.9
191,2026-08-27,Guadalajara,Meter_v3,3,1,9.6
191,2026-08-28,Guadalajara,Meter_v3,3,1,10.4
191,2026-08-29,Guadalajara,Meter_v3,3,1,11.2
191,2026-08-30,Guadalajara,Meter_v3,3,1,11.7
191,2026-08-31,Guadalajara,Meter_v3,3,1,7.0
191,2026-09-01,Guadalajara,Meter_v3,3,0,2.1
192,2026-08-12,Tijuana,Meter_v2,9,1,11.0
192,2026-08-13,Tijuana,Meter_v2,9,1,14.1
192,2026-08-14,Tijuana,Meter_v2,9,1,6.4
192,2026-08-15,Tijuana,Meter_v2,9,1,10.5
192,2026-08-16,Tijuana,Meter_v2,9,1,14.7
192,2026-08-17,Tijuana,Meter_v2,9,1,12.8
192,2026-08-18,Tijuana,Meter_v2,9,1,14.9
192,2026-08-19,Tijuana,Meter_v2,9,1,6.1
192,2026-08-20,Tijuana,Meter_v2,9,1,11.2
192,2026-08-21,Tijuana,Meter_v2,9,1,14.7
192,2026-08-22,Tijuana,Meter_v2,9,1,12.2
192,2026-08-23,Tijuana,Meter_v2,9,1,11.9
192,2026-08-24,Tijuana,Meter_v2,9,1,6.7
192,2026-08-25,Tijuana,Meter_v2,9,1,8.7
192,2026-08-26,Tijuana,Meter_v2,9,1,12.5
192,2026-08-27,Tijuana,Meter_v2,9,1,10.5
192,2026-08-28,Tijuana,Meter_v2,9,1,12.0
192,2026-08-29,Tijuana,Meter_v2,9,1,14.8
192,2026-08-30,Tijuana,Meter_v2,9,1,13.2
192,2026-08-31,Tijuana,Meter_v2,9,1,7.6
192,2026-09-01,Tijuana,Meter_v2,9,1,12.9
193,2026-08-12,Puebla,Meter_v2,5,1,11.0
193,2026-08-13,Puebla,Meter_v2,5,1,8.9
193,2026-08-14,Puebla,Meter_v2,5,1,10.6
193,2026-08-15,Puebla,Meter_v2,5,1,9.3
193,2026-08-16,Puebla,Meter_v2,5,1,8.2
193,2026-08-17,Puebla,Meter_v2,5,1,13.2
193,2026-08-18,Puebla,Meter_v2,5,1,9.3
193,2026-08-19,Puebla,Meter_v2,5,1,10.0
193,2026-08-20,Puebla,Meter_v2,5,1,10.9
193,2026-08-21,Puebla,Meter_v2,5,1,9.4
193,2026-08-22,Puebla,Meter_v2,5,1,10.8
193,2026-08-23,Puebla,Meter_v2,5,1,13.3
193,2026-08-24,Puebla,Meter_v2,5,1,7.0
193,2026-08-25,Puebla,Meter_v2,5,1,13.5
193,2026-08-26,Puebla,Meter_v2,5,1,11.8
193,2026-08-27,Puebla,Meter_v2,5,0,2.7
193,2026-08-28,Puebla,Meter_v2,5,1,10.0
193,2026-08-29,Puebla,Meter_v2,5,1,13.6
193,2026-08-30,Puebla,Meter_v2,5,1,14.8
193,2026-08-31,Puebla,Meter_v2,5,1,13.5
193,2026-09-01,Puebla,Meter_v2,5,0,0.9
194,2026-08-12,CDMX,Meter_Audio_v1,11,1,12.3
194,2026-08-13,CDMX,Meter_Audio_v1,11,1,13.3
194,2026-08-14,CDMX,Meter_Audio_v1,11,1,12.1
194,2026-08-15,CDMX,Meter_Audio_v1,11,1,8.0
194,2026-08-16,CDMX,Meter_Audio_v1,11,1,6.2
194,2026-08-17,CDMX,Meter_Audio_v1,11,1,6.8
194,2026-08-18,CDMX,Meter_Audio_v1,11,1,8.1
194,2026-08-19,CDMX,Meter_Audio_v1,11,1,6.5
194,2026-08-20,CDMX,Meter_Audio_v1,11,1,12.2
194,2026-08-21,CDMX,Meter_Audio_v1,11,1,12.4
194,2026-08-22,CDMX,Meter_Audio_v1,11,1,6.5
194,2026-08-23,CDMX,Meter_Audio_v1,11,1,7.7
194,2026-08-24,CDMX,Meter_Audio_v1,11,1,12.5
194,2026-08-25,CDMX,Meter_Audio_v1,11,1,13.3
194,2026-08-26,CDMX,Meter_Audio_v1,11,1,7.5
194,2026-08-27,CDMX,Meter_Audio_v1,11,1,14.5
194,2026-08-28,CDMX,Meter_Audio_v1,11,1,9.6
194,2026-08-29,CDMX,Meter_Audio_v1,11,1,12.7
194,2026-08-30,CDMX,Meter_Audio_v1,11,1,10.0
194,2026-08-31,CDMX,Meter_Audio_v1,11,1,9.3
194,2026-09-01,CDMX,Meter_Audio_v1,11,1,10.0
195,2026-08-12,Monterrey,Meter_v3,6,0,2.5
195,2026-08-13,Monterrey,Meter_v3,6,1,14.4
195,2026-08-14,Monterrey,Meter_v3,6,1,14.8
195,2026-08-15,Monterrey,Meter_v3,6,0,2.6
195,2026-08-16,Monterrey,Meter_v3,6,1,7.8
195,2026-08-17,Monterrey,Meter_v3,6,1,13.5
195,2026-08-18,Monterrey,Meter_v3,6,1,6.2
195,2026-08-19,Monterrey,Meter_v3,6,1,13.9
195,2026-08-20,Monterrey,Meter_v3,6,1,14.1
195,2026-08-21,Monterrey,Meter_v3,6,1,10.9
195,2026-08-22,Monterrey,Meter_v3,6,1,14.2
195,2026-08-23,Monterrey,Meter_v3,6,1,6.0
195,2026-08-24,Monterrey,Meter_v3,6,1,8.8
195,2026-08-25,Monterrey,Meter_v3,6,0,1.2
195,2026-08-26,Monterrey,Meter_v3,6,0,0.4
195,2026-08-27,Monterrey,Meter_v3,6,1,10.5
195,2026-08-28,Monterrey,Meter_v3,6,0,1.0
195,2026-08-29,Monterrey,Meter_v3,6,0,1.4
195,2026-08-30,Monterrey,Meter_v3,6,0,0.9
195,2026-08-31,Monterrey,Meter_v3,6,0,1.2
195,2026-09-01,Monterrey,Meter_v3,6,1,6.1
196,2026-08-12,CDMX,Meter_Audio_v1,13,1,9.9
196,2026-08-13,CDMX,Meter_Audio_v1,13,1,14.9
196,2026-08-14,CDMX,Meter_Audio_v1,13,1,14.5
196,2026-08-15,CDMX,Meter_Audio_v1,13,1,12.7
196,2026-08-16,CDMX,Meter_Audio_v1,13,1,8.4
196,2026-08-17,CDMX,Meter_Audio_v1,13,1,12.2
196,2026-08-18,CDMX,Meter_Audio_v1,13,1,12.7
196,2026-08-19,CDMX,Meter_Audio_v1,13,1,11.3
196,2026-08-20,CDMX,Meter_Audio_v1,13,1,11.9
196,2026-08-21,CDMX,Meter_Audio_v1,13,1,11.3
196,2026-08-22,CDMX,Meter_Audio_v1,13,1,11.8
196,2026-08-23,CDMX,Meter_Audio_v1,13,1,10.7
196,2026-08-24,CDMX,Meter_Audio_v1,13,1,8.7
196,2026-08-25,CDMX,Meter_Audio_v1,13,1,7.6
196,2026-08-26,CDMX,Meter_Audio_v1,13,1,10.9
196,2026-08-27,CDMX,Meter_Audio_v1,13,1,13.4
196,2026-08-28,CDMX,Meter_Audio_v1,13,1,6.2
196,2026-08-29,CDMX,Meter_Audio_v1,13,1,11.3
196,2026-08-30,CDMX,Meter_Audio_v1,13,1,6.3
196,2026-08-31,CDMX,Meter_Audio_v1,13,1,9.6
196,2026-09-01,CDMX,Meter_Audio_v1,13,1,13.8
197,2026-08-12,Monterrey,Meter_Audio_v1,47,0,1.2
197,2026-08-13,Monterrey,Meter_Audio_v1,47,1,8.7
197,2026-08-14,Monterrey,Meter_Audio_v1,47,1,8.3
197,2026-08-15,Monterrey,Meter_Audio_v1,47,1,8.2
197,2026-08-16,Monterrey,Meter_Audio_v1,47,1,11.1
197,2026-08-17,Monterrey,Meter_Audio_v1,47,0,2.6
197,2026-08-18,Monterrey,Meter_Audio_v1,47,1,10.8
197,2026-08-19,Monterrey,Meter_Audio_v1,47,1,14.9
197,2026-08-20,Monterrey,Meter_Audio_v1,47,1,6.6
197,2026-08-21,Monterrey,Meter_Audio_v1,47,0,1.8
197,2026-08-22,Monterrey,Meter_Audio_v1,47,1,7.4
197,2026-08-23,Monterrey,Meter_Audio_v1,47,1,8.8
197,2026-08-24,Monterrey,Meter_Audio_v1,47,1,14.2
197,2026-08-25,Monterrey,Meter_Audio_v1,47,1,13.6
197,2026-08-26,Monterrey,Meter_Audio_v1,47,1,7.4
197,2026-08-27,Monterrey,Meter_Audio_v1,47,1,14.1
197,2026-08-28,Monterrey,Meter_Audio_v1,47,1,13.9
197,2026-08-29,Monterrey,Meter_Audio_v1,47,1,8.8
197,2026-08-30,Monterrey,Meter_Audio_v1,47,1,10.2
197,2026-08-31,Monterrey,Meter_Audio_v1,47,1,15.0
197,2026-09-01,Monterrey,Meter_Audio_v1,47,1,14.9
198,2026-08-12,Puebla,Meter_v3,9,1,13.2
198,2026-08-13,Puebla,Meter_v3,9,1,8.5
198,2026-08-14,Puebla,Meter_v3,9,1,11.0
198,2026-08-15,Puebla,Meter_v3,9,1,12.7
198,2026-08-16,Puebla,Meter_v3,9,1,11.8
198,2026-08-17,Puebla,Meter_v3,9,1,11.4
198,2026-08-18,Puebla,Meter_v3,9,1,9.6
198,2026-08-19,Puebla,Meter_v3,9,1,14.1
198,2026-08-20,Puebla,Meter_v3,9,1,9.2
198,2026-08-21,Puebla,Meter_v3,9,1,6.5
198,2026-08-22,Puebla,Meter_v3,9,1,14.0
198,2026-08-23,Puebla,Meter_v3,9,1,11.4
198,2026-08-24,Puebla,Meter_v3,9,1,9.9
198,2026-08-25,Puebla,Meter_v3,9,1,10.9
198,2026-08-26,Puebla,Meter_v3,9,1,10.1
198,2026-08-27,Puebla,Meter_v3,9,1,6.1
198,2026-08-28,Puebla,Meter_v3,9,1,13.4
198,2026-08-29,Puebla,Meter_v3,9,1,14.0
198,2026-08-30,Puebla,Meter_v3,9,1,7.4
198,2026-08-31,Puebla,Meter_v3,9,1,9.5
198,2026-09-01,Puebla,Meter_v3,9,1,13.8
199,2026-08-12,Monterrey,Meter_v2,19,1,6.1
199,2026-08-13,Monterrey,Meter_v2,19,1,7.4
199,2026-08-14,Monterrey,Meter_v2,19,1,6.7
199,2026-08-15,Monterrey,Meter_v2,19,1,8.3
199,2026-08-16,Monterrey,Meter_v2,19,1,12.2
199,2026-08-17,Monterrey,Meter_v2,19,0,2.6
199,2026-08-18,Monterrey,Meter_v2,19,1,8.6
199,2026-08-19,Monterrey,Meter_v2,19,1,10.3
199,2026-08-20,Monterrey,Meter_v2,19,1,11.9
199,2026-08-21,Monterrey,Meter_v2,19,1,8.7
199,2026-08-22,Monterrey,Meter_v2,19,1,7.5
199,2026-08-23,Monterrey,Meter_v2,19,1,11.1
199,2026-08-24,Monterrey,Meter_v2,19,1,11.3
199,2026-08-25,Monterrey,Meter_v2,19,1,8.3
199,2026-08-26,Monterrey,Meter_v2,19,1,7.3
199,2026-08-27,Monterrey,Meter_v2,19,1,12.6
199,2026-08-28,Monterrey,Meter_v2,19,1,12.7
199,2026-08-29,Monterrey,Meter_v2,19,1,9.2
199,2026-08-30,Monterrey,Meter_v2,19,1,7.8
199,2026-08-31,Monterrey,Meter_v2,19,1,10.1
199,2026-09-01,Monterrey,Meter_v2,19,1,13.2
200,2026-08-12,Guadalajara,Meter_v2,17,1,9.1
200,2026-08-13,Guadalajara,Meter_v2,17,1,12.9
200,2026-08-14,Guadalajara,Meter_v2,17,0,2.4
200,2026-08-15,Guadalajara,Meter_v2,17,1,7.2
200,2026-08-16,Guadalajara,Meter_v2,17,1,12.9
200,2026-08-17,Guadalajara,Meter_v2,17,1,9.7
200,2026-08-18,Guadalajara,Meter_v2,17,1,13.5
200,2026-08-19,Guadalajara,Meter_v2,17,1,12.1
200,2026-08-20,Guadalajara,Meter_v2,17,1,10.7
200,2026-08-21,Guadalajara,Meter_v2,17,1,13.8
200,2026-08-22,Guadalajara,Meter_v2,17,1,9.3
200,2026-08-23,Guadalajara,Meter_v2,17,1,13.8
200,2026-08-24,Guadalajara,Meter_v2,17,1,15.0
200,2026-08-25,Guadalajara,Meter_v2,17,1,9.1
200,2026-08-26,Guadalajara,Meter_v2,17,1,11.8
200,2026-08-27,Guadalajara,Meter_v2,17,1,14.0
200,2026-08-28,Guadalajara,Meter_v2,17,1,6.2
200,2026-08-29,Guadalajara,Meter_v2,17,1,8.9
200,2026-08-30,Guadalajara,Meter_v2,17,1,12.1
200,2026-08-31,Guadalajara,Meter_v2,17,0,2.6
200,2026-09-01,Guadalajara,Meter_v2,17,1,7.0
201,2026-08-12,Guadalajara,Meter_v3,26,1,11.6
201,2026-08-13,Guadalajara,Meter_v3,26,1,11.2
201,2026-08-14,Guadalajara,Meter_v3,26,1,10.3
201,2026-08-15,Guadalajara,Meter_v3,26,1,8.9
201,2026-08-16,Guadalajara,Meter_v3,26,1,9.5
201,2026-08-17,Guadalajara,Meter_v3,26,1,7.0
201,2026-08-18,Guadalajara,Meter_v3,26,1,12.1
201,2026-08-19,Guadalajara,Meter_v3,26,1,14.0
201,2026-08-20,Guadalajara,Meter_v3,26,1,10.0
201,2026-08-21,Guadalajara,Meter_v3,26,1,6.1
201,2026-08-22,Guadalajara,Meter_v3,26,1,12.2
201,2026-08-23,Guadalajara,Meter_v3,26,0,1.5
201,2026-08-24,Guadalajara,Meter_v3,26,1,11.4
201,2026-08-25,Guadalajara,Meter_v3,26,1,9.6
201,2026-08-26,Guadalajara,Meter_v3,26,1,8.4
201,2026-08-27,Guadalajara,Meter_v3,26,1,9.0
201,2026-08-28,Guadalajara,Meter_v3,26,1,13.5
201,2026-08-29,Guadalajara,Meter_v3,26,1,12.7
201,2026-08-30,Guadalajara,Meter_v3,26,1,11.2
201,2026-08-31,Guadalajara,Meter_v3,26,1,9.2
201,2026-09-01,Guadalajara,Meter_v3,26,0,2.3
202,2026-08-12,Monterrey,Meter_v2,2,1,12.3
202,2026-08-13,Monterrey,Meter_v2,2,1,12.2
202,2026-08-14,Monterrey,Meter_v2,2,1,14.5
202,2026-08-15,Monterrey,Meter_v2,2,1,11.5
202,2026-08-16,Monterrey,Meter_v2,2,1,12.8
202,2026-08-17,Monterrey,Meter_v2,2,1,10.9
202,2026-08-18,Monterrey,Meter_v2,2,1,10.9
202,2026-08-19,Monterrey,Meter_v2,2,1,6.2
202,2026-08-20,Monterrey,Meter_v2,2,1,14.5
202,2026-08-21,Monterrey,Meter_v2,2,1,6.5
202,2026-08-22,Monterrey,Meter_v2,2,1,10.7
202,2026-08-23,Monterrey,Meter_v2,2,1,6.1
202,2026-08-24,Monterrey,Meter_v2,2,1,13.4
202,2026-08-25,Monterrey,Meter_v2,2,1,7.7
202,2026-08-26,Monterrey,Meter_v2,2,1,9.4
202,2026-08-27,Monterrey,Meter_v2,2,0,1.0
202,2026-08-28,Monterrey,Meter_v2,2,1,11.1
202,2026-08-29,Monterrey,Meter_v2,2,1,11.3
202,2026-08-30,Monterrey,Meter_v2,2,1,11.1
202,2026-08-31,Monterrey,Meter_v2,2,0,0.4
202,2026-09-01,Monterrey,Meter_v2,2,1,14.9
203,2026-08-12,Guadalajara,Meter_Audio_v1,25,1,8.7
203,2026-08-13,Guadalajara,Meter_Audio_v1,25,1,11.7
203,2026-08-14,Guadalajara,Meter_Audio_v1,25,0,1.1
203,2026-08-15,Guadalajara,Meter_Audio_v1,25,1,6.0
203,2026-08-16,Guadalajara,Meter_Audio_v1,25,1,8.8
203,2026-08-17,Guadalajara,Meter_Audio_v1,25,1,13.1
203,2026-08-18,Guadalajara,Meter_Audio_v1,25,1,8.6
203,2026-08-19,Guadalajara,Meter_Audio_v1,25,1,9.8
203,2026-08-20,Guadalajara,Meter_Audio_v1,25,1,12.7
203,2026-08-21,Guadalajara,Meter_Audio_v1,25,1,13.4
203,2026-08-22,Guadalajara,Meter_Audio_v1,25,1,10.0
203,2026-08-23,Guadalajara,Meter_Audio_v1,25,1,9.8
203,2026-08-24,Guadalajara,Meter_Audio_v1,25,1,6.4
203,2026-08-25,Guadalajara,Meter_Audio_v1,25,1,13.3
203,2026-08-26,Guadalajara,Meter_Audio_v1,25,1,13.6
203,2026-08-27,Guadalajara,Meter_Audio_v1,25,1,9.0
203,2026-08-28,Guadalajara,Meter_Audio_v1,25,1,7.7
203,2026-08-29,Guadalajara,Meter_Audio_v1,25,1,10.8
203,2026-08-30,Guadalajara,Meter_Audio_v1,25,0,1.9
203,2026-08-31,Guadalajara,Meter_Audio_v1,25,1,13.0
203,2026-09-01,Guadalajara,Meter_Audio_v1,25,1,10.7
204,2026-08-12,Tijuana,Meter_v3,53,1,7.0
204,2026-08-13,Tijuana,Meter_v3,53,1,9.9
204,2026-08-14,Tijuana,Meter_v3,53,1,7.1
204,2026-08-15,Tijuana,Meter_v3,53,1,8.9
204,2026-08-16,Tijuana,Meter_v3,53,1,9.3
204,2026-08-17,Tijuana,Meter_v3,53,1,10.6
204,2026-08-18,Tijuana,Meter_v3,53,1,10.3
204,2026-08-19,Tijuana,Meter_v3,53,1,7.7
204,2026-08-20,Tijuana,Meter_v3,53,1,15.0
204,2026-08-21,Tijuana,Meter_v3,53,1,12.9
204,2026-08-22,Tijuana,Meter_v3,53,1,13.0
204,2026-08-23,Tijuana,Meter_v3,53,1,13.2
204,2026-08-24,Tijuana,Meter_v3,53,1,7.5
204,2026-08-25,Tijuana,Meter_v3,53,1,12.8
204,2026-08-26,Tijuana,Meter_v3,53,1,9.0
204,2026-08-27,Tijuana,Meter_v3,53,1,6.8
204,2026-08-28,Tijuana,Meter_v3,53,1,8.8
204,2026-08-29,Tijuana,Meter_v3,53,1,7.6
204,2026-08-30,Tijuana,Meter_v3,53,1,9.4
204,2026-08-31,Tijuana,Meter_v3,53,1,11.1
204,2026-09-01,Tijuana,Meter_v3,53,1,9.1
205,2026-08-12,Monterrey,Meter_v2,17,1,10.1
205,2026-08-13,Monterrey,Meter_v2,17,1,11.0
205,2026-08-14,Monterrey,Meter_v2,17,1,14.9
205,2026-08-15,Monterrey,Meter_v2,17,0,0.9
205,2026-08-16,Monterrey,Meter_v2,17,1,6.0
205,2026-08-17,Monterrey,Meter_v2,17,1,14.1
205,2026-08-18,Monterrey,Meter_v2,17,1,12.7
205,2026-08-19,Monterrey,Meter_v2,17,1,13.2
205,2026-08-20,Monterrey,Meter_v2,17,1,9.9
205,2026-08-21,Monterrey,Meter_v2,17,1,6.8
205,2026-08-22,Monterrey,Meter_v2,17,1,10.9
205,2026-08-23,Monterrey,Meter_v2,17,1,7.5
205,2026-08-24,Monterrey,Meter_v2,17,1,10.5
205,2026-08-25,Monterrey,Meter_v2,17,1,14.6
205,2026-08-26,Monterrey,Meter_v2,17,1,13.2
205,2026-08-27,Monterrey,Meter_v2,17,0,0.2
205,2026-08-28,Monterrey,Meter_v2,17,1,7.7
205,2026-08-29,Monterrey,Meter_v2,17,1,13.8
205,2026-08-30,Monterrey,Meter_v2,17,1,11.3
205,2026-08-31,Monterrey,Meter_v2,17,1,12.6
205,2026-09-01,Monterrey,Meter_v2,17,1,6.5
206,2026-08-12,Monterrey,Meter_v3,7,1,13.2
206,2026-08-13,Monterrey,Meter_v3,7,1,7.6
206,2026-08-14,Monterrey,Meter_v3,7,1,10.7
206,2026-08-15,Monterrey,Meter_v3,7,1,7.1
206,2026-08-16,Monterrey,Meter_v3,7,1,6.8
206,2026-08-17,Monterrey,Meter_v3,7,1,11.6
206,2026-08-18,Monterrey,Meter_v3,7,1,13.2
206,2026-08-19,Monterrey,Meter_v3,7,0,2.4
206,2026-08-20,Monterrey,Meter_v3,7,1,8.4
206,2026-08-21,Monterrey,Meter_v3,7,1,7.5
206,2026-08-22,Monterrey,Meter_v3,7,1,6.2
206,2026-08-23,Monterrey,Meter_v3,7,1,14.6
206,2026-08-24,Monterrey,Meter_v3,7,1,9.2
206,2026-08-25,Monterrey,Meter_v3,7,0,0.2
206,2026-08-26,Monterrey,Meter_v3,7,0,0.0
206,2026-08-27,Monterrey,Meter_v3,7,0,1.9
206,2026-08-28,Monterrey,Meter_v3,7,1,13.3
206,2026-08-29,Monterrey,Meter_v3,7,0,1.5
206,2026-08-30,Monterrey,Meter_v3,7,1,6.4
206,2026-08-31,Monterrey,Meter_v3,7,0,0.5
206,2026-09-01,Monterrey,Meter_v3,7,1,7.6
207,2026-08-12,Guadalajara,Meter_v2,21,1,6.1
207,2026-08-13,Guadalajara,Meter_v2,21,1,10.7
207,2026-08-14,Guadalajara,Meter_v2,21,1,10.3
207,2026-08-15,Guadalajara,Meter_v2,21,1,11.7
207,2026-08-16,Guadalajara,Meter_v2,21,1,6.7
207,2026-08-17,Guadalajara,Meter_v2,21,1,13.5
207,2026-08-18,Guadalajara,Meter_v2,21,1,13.0
207,2026-08-19,Guadalajara,Meter_v2,21,1,14.6
207,2026-08-20,Guadalajara,Meter_v2,21,1,7.6
207,2026-08-21,Guadalajara,Meter_v2,21,1,9.1
207,2026-08-22,Guadalajara,Meter_v2,21,1,9.2
207,2026-08-23,Guadalajara,Meter_v2,21,0,0.6
207,2026-08-24,Guadalajara,Meter_v2,21,1,8.3
207,2026-08-25,Guadalajara,Meter_v2,21,0,0.2
207,2026-08-26,Guadalajara,Meter_v2,21,1,6.6
207,2026-08-27,Guadalajara,Meter_v2,21,1,8.2
207,2026-08-28,Guadalajara,Meter_v2,21,1,11.6
207,2026-08-29,Guadalajara,Meter_v2,21,1,13.2
207,2026-08-30,Guadalajara,Meter_v2,21,1,7.7
207,2026-08-31,Guadalajara,Meter_v2,21,1,13.3
207,2026-09-01,Guadalajara,Meter_v2,21,1,6.8
208,2026-08-12,Monterrey,Meter_Audio_v1,23,1,12.2
208,2026-08-13,Monterrey,Meter_Audio_v1,23,1,12.7
208,2026-08-14,Monterrey,Meter_Audio_v1,23,1,6.9
208,2026-08-15,Monterrey,Meter_Audio_v1,23,1,8.9
208,2026-08-16,Monterrey,Meter_Audio_v1,23,1,9.2
208,2026-08-17,Monterrey,Meter_Audio_v1,23,1,13.3
208,2026-08-18,Monterrey,Meter_Audio_v1,23,1,11.4
208,2026-08-19,Monterrey,Meter_Audio_v1,23,1,7.6
208,2026-08-20,Monterrey,Meter_Audio_v1,23,1,13.9
208,2026-08-21,Monterrey,Meter_Audio_v1,23,1,7.5
208,2026-08-22,Monterrey,Meter_Audio_v1,23,1,8.5
208,2026-08-23,Monterrey,Meter_Audio_v1,23,1,14.0
208,2026-08-24,Monterrey,Meter_Audio_v1,23,0,1.6
208,2026-08-25,Monterrey,Meter_Audio_v1,23,1,9.2
208,2026-08-26,Monterrey,Meter_Audio_v1,23,1,9.1
208,2026-08-27,Monterrey,Meter_Audio_v1,23,1,9.4
208,2026-08-28,Monterrey,Meter_Audio_v1,23,1,6.5
208,2026-08-29,Monterrey,Meter_Audio_v1,23,0,2.9
208,2026-08-30,Monterrey,Meter_Audio_v1,23,1,6.8
208,2026-08-31,Monterrey,Meter_Audio_v1,23,1,9.6
208,2026-09-01,Monterrey,Meter_Audio_v1,23,1,13.6
209,2026-08-12,Tijuana,Meter_v3,20,1,6.6
209,2026-08-13,Tijuana,Meter_v3,20,1,7.1
209,2026-08-14,Tijuana,Meter_v3,20,1,12.4
209,2026-08-15,Tijuana,Meter_v3,20,1,13.9
209,2026-08-16,Tijuana,Meter_v3,20,0,1.3
209,2026-08-17,Tijuana,Meter_v3,20,1,7.4
209,2026-08-18,Tijuana,Meter_v3,20,1,9.2
209,2026-08-19,Tijuana,Meter_v3,20,1,10.8
209,2026-08-20,Tijuana,Meter_v3,20,1,13.2
209,2026-08-21,Tijuana,Meter_v3,20,1,10.0
209,2026-08-22,Tijuana,Meter_v3,20,0,0.7
209,2026-08-23,Tijuana,Meter_v3,20,1,13.6
209,2026-08-24,Tijuana,Meter_v3,20,1,14.0
209,2026-08-25,Tijuana,Meter_v3,20,1,7.3
209,2026-08-26,Tijuana,Meter_v3,20,0,2.4
209,2026-08-27,Tijuana,Meter_v3,20,1,10.5
209,2026-08-28,Tijuana,Meter_v3,20,1,12.2
209,2026-08-29,Tijuana,Meter_v3,20,1,6.7
209,2026-08-30,Tijuana,Meter_v3,20,1,11.1
209,2026-08-31,Tijuana,Meter_v3,20,1,8.9
209,2026-09-01,Tijuana,Meter_v3,20,1,9.0
210,2026-08-12,Guadalajara,Meter_Audio_v1,3,1,12.8
210,2026-08-13,Guadalajara,Meter_Audio_v1,3,1,14.0
210,2026-08-14,Guadalajara,Meter_Audio_v1,3,1,7.0
210,2026-08-15,Guadalajara,Meter_Audio_v1,3,1,15.0
210,2026-08-16,Guadalajara,Meter_Audio_v1,3,1,7.7
210,2026-08-17,Guadalajara,Meter_Audio_v1,3,1,8.7
210,2026-08-18,Guadalajara,Meter_Audio_v1,3,0,2.6
210,2026-08-19,Guadalajara,Meter_Audio_v1,3,1,14.0
210,2026-08-20,Guadalajara,Meter_Audio_v1,3,1,7.1
210,2026-08-21,Guadalajara,Meter_Audio_v1,3,1,7.2
210,2026-08-22,Guadalajara,Meter_Audio_v1,3,1,8.9
210,2026-08-23,Guadalajara,Meter_Audio_v1,3,1,12.4
210,2026-08-24,Guadalajara,Meter_Audio_v1,3,1,6.7
210,2026-08-25,Guadalajara,Meter_Audio_v1,3,1,11.5
210,2026-08-26,Guadalajara,Meter_Audio_v1,3,1,6.7
210,2026-08-27,Guadalajara,Meter_Audio_v1,3,1,10.3
210,2026-08-28,Guadalajara,Meter_Audio_v1,3,1,12.7
210,2026-08-29,Guadalajara,Meter_Audio_v1,3,1,6.9
210,2026-08-30,Guadalajara,Meter_Audio_v1,3,1,11.0
210,2026-08-31,Guadalajara,Meter_Audio_v1,3,1,14.3
210,2026-09-01,Guadalajara,Meter_Audio_v1,3,1,11.0
211,2026-08-12,Monterrey,Meter_v2,66,1,8.5
211,2026-08-13,Monterrey,Meter_v2,66,1,11.3
211,2026-08-14,Monterrey,Meter_v2,66,1,14.5
211,2026-08-15,Monterrey,Meter_v2,66,1,7.5
211,2026-08-16,Monterrey,Meter_v2,66,0,0.8
211,2026-08-17,Monterrey,Meter_v2,66,1,14.4
211,2026-08-18,Monterrey,Meter_v2,66,1,10.1
211,2026-08-19,Monterrey,Meter_v2,66,1,11.3
211,2026-08-20,Monterrey,Meter_v2,66,1,13.3
211,2026-08-21,Monterrey,Meter_v2,66,1,8.6
211,2026-08-22,Monterrey,Meter_v2,66,1,6.3
211,2026-08-23,Monterrey,Meter_v2,66,1,9.0
211,2026-08-24,Monterrey,Meter_v2,66,1,13.6
211,2026-08-25,Monterrey,Meter_v2,66,0,2.0
211,2026-08-26,Monterrey,Meter_v2,66,0,0.6
211,2026-08-27,Monterrey,Meter_v2,66,1,10.0
211,2026-08-28,Monterrey,Meter_v2,66,1,11.9
211,2026-08-29,Monterrey,Meter_v2,66,1,12.5
211,2026-08-30,Monterrey,Meter_v2,66,1,11.6
211,2026-08-31,Monterrey,Meter_v2,66,1,9.7
211,2026-09-01,Monterrey,Meter_v2,66,1,9.3
212,2026-08-12,Guadalajara,Meter_v2,56,1,7.6
212,2026-08-13,Guadalajara,Meter_v2,56,1,14.6
212,2026-08-14,Guadalajara,Meter_v2,56,1,14.9
212,2026-08-15,Guadalajara,Meter_v2,56,1,14.3
212,2026-08-16,Guadalajara,Meter_v2,56,1,11.6
212,2026-08-17,Guadalajara,Meter_v2,56,0,2.0
212,2026-08-18,Guadalajara,Meter_v2,56,1,8.7
212,2026-08-19,Guadalajara,Meter_v2,56,1,12.8
212,2026-08-20,Guadalajara,Meter_v2,56,1,6.1
212,2026-08-21,Guadalajara,Meter_v2,56,1,9.7
212,2026-08-22,Guadalajara,Meter_v2,56,1,12.7
212,2026-08-23,Guadalajara,Meter_v2,56,1,10.9
212,2026-08-24,Guadalajara,Meter_v2,56,1,6.1
212,2026-08-25,Guadalajara,Meter_v2,56,1,10.9
212,2026-08-26,Guadalajara,Meter_v2,56,1,8.1
212,2026-08-27,Guadalajara,Meter_v2,56,1,13.1
212,2026-08-28,Guadalajara,Meter_v2,56,1,11.1
212,2026-08-29,Guadalajara,Meter_v2,56,1,8.9
212,2026-08-30,Guadalajara,Meter_v2,56,1,9.3
212,2026-08-31,Guadalajara,Meter_v2,56,0,1.1
212,2026-09-01,Guadalajara,Meter_v2,56,1,13.3
213,2026-08-12,CDMX,Meter_v3,10,1,7.5
213,2026-08-13,CDMX,Meter_v3,10,1,15.0
213,2026-08-14,CDMX,Meter_v3,10,1,10.1
213,2026-08-15,CDMX,Meter_v3,10,1,7.4
213,2026-08-16,CDMX,Meter_v3,10,1,10.8
213,2026-08-17,CDMX,Meter_v3,10,1,13.6
213,2026-08-18,CDMX,Meter_v3,10,1,11.3
213,2026-08-19,CDMX,Meter_v3,10,1,14.9
213,2026-08-20,CDMX,Meter_v3,10,1,13.3
213,2026-08-21,CDMX,Meter_v3,10,1,6.9
213,2026-08-22,CDMX,Meter_v3,10,1,8.7
213,2026-08-23,CDMX,Meter_v3,10,1,13.6
213,2026-08-24,CDMX,Meter_v3,10,0,3.0
213,2026-08-25,CDMX,Meter_v3,10,1,13.2
213,2026-08-26,CDMX,Meter_v3,10,1,10.0
213,2026-08-27,CDMX,Meter_v3,10,1,13.6
213,2026-08-28,CDMX,Meter_v3,10,1,6.6
213,2026-08-29,CDMX,Meter_v3,10,1,14.6
213,2026-08-30,CDMX,Meter_v3,10,1,9.4
213,2026-08-31,CDMX,Meter_v3,10,1,7.3
213,2026-09-01,CDMX,Meter_v3,10,1,7.3
214,2026-08-12,Guadalajara,Meter_v3,17,1,10.4
214,2026-08-13,Guadalajara,Meter_v3,17,1,13.9
214,2026-08-14,Guadalajara,Meter_v3,17,1,6.4
214,2026-08-15,Guadalajara,Meter_v3,17,1,12.2
214,2026-08-16,Guadalajara,Meter_v3,17,1,9.4
214,2026-08-17,Guadalajara,Meter_v3,17,1,6.8
214,2026-08-18,Guadalajara,Meter_v3,17,1,6.4
214,2026-08-19,Guadalajara,Meter_v3,17,1,9.4
214,2026-08-20,Guadalajara,Meter_v3,17,1,12.3
214,2026-08-21,Guadalajara,Meter_v3,17,1,7.5
214,2026-08-22,Guadalajara,Meter_v3,17,1,12.9
214,2026-08-23,Guadalajara,Meter_v3,17,1,9.9
214,2026-08-24,Guadalajara,Meter_v3,17,1,14.7
214,2026-08-25,Guadalajara,Meter_v3,17,1,13.6
214,2026-08-26,Guadalajara,Meter_v3,17,1,12.0
214,2026-08-27,Guadalajara,Meter_v3,17,1,10.5
214,2026-08-28,Guadalajara,Meter_v3,17,1,14.7
214,2026-08-29,Guadalajara,Meter_v3,17,1,9.1
214,2026-08-30,Guadalajara,Meter_v3,17,1,13.3
214,2026-08-31,Guadalajara,Meter_v3,17,1,8.2
214,2026-09-01,Guadalajara,Meter_v3,17,0,1.7
215,2026-08-12,Guadalajara,Meter_v2,1,1,14.4
215,2026-08-13,Guadalajara,Meter_v2,1,1,13.3
215,2026-08-14,Guadalajara,Meter_v2,1,1,10.3
215,2026-08-15,Guadalajara,Meter_v2,1,1,6.9
215,2026-08-16,Guadalajara,Meter_v2,1,1,10.4
215,2026-08-17,Guadalajara,Meter_v2,1,1,7.2
215,2026-08-18,Guadalajara,Meter_v2,1,1,10.2
215,2026-08-19,Guadalajara,Meter_v2,1,1,7.2
215,2026-08-20,Guadalajara,Meter_v2,1,1,8.1
215,2026-08-21,Guadalajara,Meter_v2,1,1,10.5
215,2026-08-22,Guadalajara,Meter_v2,1,1,12.0
215,2026-08-23,Guadalajara,Meter_v2,1,1,9.0
215,2026-08-24,Guadalajara,Meter_v2,1,0,2.2
215,2026-08-25,Guadalajara,Meter_v2,1,1,7.6
215,2026-08-26,Guadalajara,Meter_v2,1,1,6.8
215,2026-08-27,Guadalajara,Meter_v2,1,0,2.3
215,2026-08-28,Guadalajara,Meter_v2,1,0,1.7
215,2026-08-29,Guadalajara,Meter_v2,1,1,8.9
215,2026-08-30,Guadalajara,Meter_v2,1,1,12.0
215,2026-08-31,Guadalajara,Meter_v2,1,1,9.6
215,2026-09-01,Guadalajara,Meter_v2,1,1,7.1
216,2026-08-12,Guadalajara,Meter_v2,81,1,10.1
216,2026-08-13,Guadalajara,Meter_v2,81,1,7.5
216,2026-08-14,Guadalajara,Meter_v2,81,1,8.4
216,2026-08-15,Guadalajara,Meter_v2,81,1,9.3
216,2026-08-16,Guadalajara,Meter_v2,81,1,10.3
216,2026-08-17,Guadalajara,Meter_v2,81,1,14.2
216,2026-08-18,Guadalajara,Meter_v2,81,1,10.8
216,2026-08-19,Guadalajara,Meter_v2,81,1,12.3
216,2026-08-20,Guadalajara,Meter_v2,81,1,11.5
216,2026-08-21,Guadalajara,Meter_v2,81,1,13.0
216,2026-08-22,Guadalajara,Meter_v2,81,1,14.8
216,2026-08-23,Guadalajara,Meter_v2,81,1,9.3
216,2026-08-24,Guadalajara,Meter_v2,81,1,9.0
216,2026-08-25,Guadalajara,Meter_v2,81,1,12.2
216,2026-08-26,Guadalajara,Meter_v2,81,1,6.1
216,2026-08-27,Guadalajara,Meter_v2,81,1,12.8
216,2026-08-28,Guadalajara,Meter_v2,81,1,11.3
216,2026-08-29,Guadalajara,Meter_v2,81,1,8.3
216,2026-08-30,Guadalajara,Meter_v2,81,1,9.2
216,2026-08-31,Guadalajara,Meter_v2,81,1,9.5
216,2026-09-01,Guadalajara,Meter_v2,81,1,14.2
217,2026-08-12,Guadalajara,Meter_v2,31,1,12.7
217,2026-08-13,Guadalajara,Meter_v2,31,1,6.7
217,2026-08-14,Guadalajara,Meter_v2,31,1,8.6
217,2026-08-15,Guadalajara,Meter_v2,31,1,8.2
217,2026-08-16,Guadalajara,Meter_v2,31,1,6.4
217,2026-08-17,Guadalajara,Meter_v2,31,1,13.9
217,2026-08-18,Guadalajara,Meter_v2,31,1,13.2
217,2026-08-19,Guadalajara,Meter_v2,31,1,6.5
217,2026-08-20,Guadalajara,Meter_v2,31,1,7.3
217,2026-08-21,Guadalajara,Meter_v2,31,1,14.5
217,2026-08-22,Guadalajara,Meter_v2,31,1,9.4
217,2026-08-23,Guadalajara,Meter_v2,31,1,13.0
217,2026-08-24,Guadalajara,Meter_v2,31,1,8.9
217,2026-08-25,Guadalajara,Meter_v2,31,1,10.3
217,2026-08-26,Guadalajara,Meter_v2,31,1,12.7
217,2026-08-27,Guadalajara,Meter_v2,31,1,8.2
217,2026-08-28,Guadalajara,Meter_v2,31,1,7.1
217,2026-08-29,Guadalajara,Meter_v2,31,1,13.3
217,2026-08-30,Guadalajara,Meter_v2,31,1,6.4
217,2026-08-31,Guadalajara,Meter_v2,31,1,14.4
217,2026-09-01,Guadalajara,Meter_v2,31,1,13.5
218,2026-08-12,Monterrey,Meter_v2,19,1,13.2
218,2026-08-13,Monterrey,Meter_v2,19,1,13.9
218,2026-08-14,Monterrey,Meter_v2,19,1,9.2
218,2026-08-15,Monterrey,Meter_v2,19,1,6.8
218,2026-08-16,Monterrey,Meter_v2,19,1,11.4
218,2026-08-17,Monterrey,Meter_v2,19,1,12.3
218,2026-08-18,Monterrey,Meter_v2,19,1,13.0
218,2026-08-19,Monterrey,Meter_v2,19,1,8.5
218,2026-08-20,Monterrey,Meter_v2,19,1,13.9
218,2026-08-21,Monterrey,Meter_v2,19,1,8.8
218,2026-08-22,Monterrey,Meter_v2,19,1,12.5
218,2026-08-23,Monterrey,Meter_v2,19,1,12.9
218,2026-08-24,Monterrey,Meter_v2,19,1,6.4
218,2026-08-25,Monterrey,Meter_v2,19,1,10.3
218,2026-08-26,Monterrey,Meter_v2,19,1,6.1
218,2026-08-27,Monterrey,Meter_v2,19,1,11.1
218,2026-08-28,Monterrey,Meter_v2,19,1,7.5
218,2026-08-29,Monterrey,Meter_v2,19,1,8.1
218,2026-08-30,Monterrey,Meter_v2,19,1,8.6
218,2026-08-31,Monterrey,Meter_v2,19,1,11.8
218,2026-09-01,Monterrey,Meter_v2,19,1,14.0
219,2026-08-12,CDMX,Meter_v3,26,0,2.3
219,2026-08-13,CDMX,Meter_v3,26,0,1.7
219,2026-08-14,CDMX,Meter_v3,26,1,7.6
219,2026-08-15,CDMX,Meter_v3,26,1,11.8
219,2026-08-16,CDMX,Meter_v3,26,1,13.7
219,2026-08-17,CDMX,Meter_v3,26,1,10.2
219,2026-08-18,CDMX,Meter_v3,26,0,2.8
219,2026-08-19,CDMX,Meter_v3,26,1,7.6
219,2026-08-20,CDMX,Meter_v3,26,1,9.2
219,2026-08-21,CDMX,Meter_v3,26,1,11.4
219,2026-08-22,CDMX,Meter_v3,26,1,13.4
219,2026-08-23,CDMX,Meter_v3,26,1,10.4
219,2026-08-24,CDMX,Meter_v3,26,1,9.9
219,2026-08-25,CDMX,Meter_v3,26,1,12.7
219,2026-08-26,CDMX,Meter_v3,26,1,6.9
219,2026-08-27,CDMX,Meter_v3,26,1,9.6
219,2026-08-28,CDMX,Meter_v3,26,1,14.9
219,2026-08-29,CDMX,Meter_v3,26,1,7.5
219,2026-08-30,CDMX,Meter_v3,26,1,7.8
219,2026-08-31,CDMX,Meter_v3,26,1,14.8
219,2026-09-01,CDMX,Meter_v3,26,1,9.1
220,2026-08-12,Puebla,Meter_v3,4,1,14.4
220,2026-08-13,Puebla,Meter_v3,4,1,10.6
220,2026-08-14,Puebla,Meter_v3,4,1,11.5
220,2026-08-15,Puebla,Meter_v3,4,1,6.4
220,2026-08-16,Puebla,Meter_v3,4,1,12.7
220,2026-08-17,Puebla,Meter_v3,4,1,7.0
220,2026-08-18,Puebla,Meter_v3,4,1,13.4
220,2026-08-19,Puebla,Meter_v3,4,1,10.2
220,2026-08-20,Puebla,Meter_v3,4,1,12.4
220,2026-08-21,Puebla,Meter_v3,4,1,11.1
220,2026-08-22,Puebla,Meter_v3,4,1,14.3
220,2026-08-23,Puebla,Meter_v3,4,1,7.1
220,2026-08-24,Puebla,Meter_v3,4,1,9.7
220,2026-08-25,Puebla,Meter_v3,4,1,6.5
220,2026-08-26,Puebla,Meter_v3,4,1,12.6
220,2026-08-27,Puebla,Meter_v3,4,1,12.6
220,2026-08-28,Puebla,Meter_v3,4,1,7.1
220,2026-08-29,Puebla,Meter_v3,4,1,7.2
220,2026-08-30,Puebla,Meter_v3,4,1,10.0
220,2026-08-31,Puebla,Meter_v3,4,1,6.8
220,2026-09-01,Puebla,Meter_v3,4,1,7.3
221,2026-08-12,Puebla,Meter_Audio_v1,7,1,12.0
221,2026-08-13,Puebla,Meter_Audio_v1,7,1,6.6
221,2026-08-14,Puebla,Meter_Audio_v1,7,1,14.4
221,2026-08-15,Puebla,Meter_Audio_v1,7,1,10.2
221,2026-08-16,Puebla,Meter_Audio_v1,7,1,8.4
221,2026-08-17,Puebla,Meter_Audio_v1,7,1,13.5
221,2026-08-18,Puebla,Meter_Audio_v1,7,1,14.6
221,2026-08-19,Puebla,Meter_Audio_v1,7,1,12.8
221,2026-08-20,Puebla,Meter_Audio_v1,7,0,2.3
221,2026-08-21,Puebla,Meter_Audio_v1,7,1,6.2
221,2026-08-22,Puebla,Meter_Audio_v1,7,1,9.4
221,2026-08-23,Puebla,Meter_Audio_v1,7,1,11.2
221,2026-08-24,Puebla,Meter_Audio_v1,7,1,9.5
221,2026-08-25,Puebla,Meter_Audio_v1,7,1,7.8
221,2026-08-26,Puebla,Meter_Audio_v1,7,1,6.7
221,2026-08-27,Puebla,Meter_Audio_v1,7,1,8.2
221,2026-08-28,Puebla,Meter_Audio_v1,7,1,12.6
221,2026-08-29,Puebla,Meter_Audio_v1,7,0,0.2
221,2026-08-30,Puebla,Meter_Audio_v1,7,1,11.6
221,2026-08-31,Puebla,Meter_Audio_v1,7,1,13.2
221,2026-09-01,Puebla,Meter_Audio_v1,7,1,6.6
222,2026-08-12,Monterrey,Meter_v2,6,1,14.9
222,2026-08-13,Monterrey,Meter_v2,6,0,2.6
222,2026-08-14,Monterrey,Meter_v2,6,1,8.0
222,2026-08-15,Monterrey,Meter_v2,6,1,11.5
222,2026-08-16,Monterrey,Meter_v2,6,1,13.5
222,2026-08-17,Monterrey,Meter_v2,6,1,6.9
222,2026-08-18,Monterrey,Meter_v2,6,1,12.7
222,2026-08-19,Monterrey,Meter_v2,6,1,13.3
222,2026-08-20,Monterrey,Meter_v2,6,1,7.8
222,2026-08-21,Monterrey,Meter_v2,6,1,6.4
222,2026-08-22,Monterrey,Meter_v2,6,1,12.7
222,2026-08-23,Monterrey,Meter_v2,6,1,11.8
222,2026-08-24,Monterrey,Meter_v2,6,1,11.1
222,2026-08-25,Monterrey,Meter_v2,6,1,10.2
222,2026-08-26,Monterrey,Meter_v2,6,1,12.7
222,2026-08-27,Monterrey,Meter_v2,6,1,11.3
222,2026-08-28,Monterrey,Meter_v2,6,1,14.1
222,2026-08-29,Monterrey,Meter_v2,6,1,11.9
222,2026-08-30,Monterrey,Meter_v2,6,1,8.6
222,2026-08-31,Monterrey,Meter_v2,6,1,10.3
222,2026-09-01,Monterrey,Meter_v2,6,1,10.0
223,2026-08-12,Tijuana,Meter_v2,17,1,14.8
223,2026-08-13,Tijuana,Meter_v2,17,1,13.0
223,2026-08-14,Tijuana,Meter_v2,17,0,0.4
223,2026-08-15,Tijuana,Meter_v2,17,1,7.7
223,2026-08-16,Tijuana,Meter_v2,17,1,9.5
223,2026-08-17,Tijuana,Meter_v2,17,1,10.0
223,2026-08-18,Tijuana,Meter_v2,17,1,11.0
223,2026-08-19,Tijuana,Meter_v2,17,1,12.5
223,2026-08-20,Tijuana,Meter_v2,17,1,14.0
223,2026-08-21,Tijuana,Meter_v2,17,1,8.8
223,2026-08-22,Tijuana,Meter_v2,17,1,11.2
223,2026-08-23,Tijuana,Meter_v2,17,1,9.2
223,2026-08-24,Tijuana,Meter_v2,17,1,8.5
223,2026-08-25,Tijuana,Meter_v2,17,1,12.9
223,2026-08-26,Tijuana,Meter_v2,17,1,13.8
223,2026-08-27,Tijuana,Meter_v2,17,1,7.2
223,2026-08-28,Tijuana,Meter_v2,17,1,12.0
223,2026-08-29,Tijuana,Meter_v2,17,1,13.0
223,2026-08-30,Tijuana,Meter_v2,17,1,14.5
223,2026-08-31,Tijuana,Meter_v2,17,1,9.5
223,2026-09-01,Tijuana,Meter_v2,17,1,13.3
224,2026-08-12,Puebla,Meter_v3,2,1,12.9
224,2026-08-13,Puebla,Meter_v3,2,1,9.2
224,2026-08-14,Puebla,Meter_v3,2,1,13.5
224,2026-08-15,Puebla,Meter_v3,2,1,6.7
224,2026-08-16,Puebla,Meter_v3,2,1,13.1
224,2026-08-17,Puebla,Meter_v3,2,1,14.7
224,2026-08-18,Puebla,Meter_v3,2,1,6.4
224,2026-08-19,Puebla,Meter_v3,2,1,8.0
224,2026-08-20,Puebla,Meter_v3,2,1,12.5
224,2026-08-21,Puebla,Meter_v3,2,1,11.9
224,2026-08-22,Puebla,Meter_v3,2,1,6.2
224,2026-08-23,Puebla,Meter_v3,2,1,12.7
224,2026-08-24,Puebla,Meter_v3,2,1,14.1
224,2026-08-25,Puebla,Meter_v3,2,1,8.4
224,2026-08-26,Puebla,Meter_v3,2,1,6.8
224,2026-08-27,Puebla,Meter_v3,2,1,13.9
224,2026-08-28,Puebla,Meter_v3,2,1,8.9
224,2026-08-29,Puebla,Meter_v3,2,1,8.0
224,2026-08-30,Puebla,Meter_v3,2,1,7.5
224,2026-08-31,Puebla,Meter_v3,2,1,13.1
224,2026-09-01,Puebla,Meter_v3,2,1,13.1
225,2026-08-12,Guadalajara,Meter_Audio_v1,41,1,9.6
225,2026-08-13,Guadalajara,Meter_Audio_v1,41,1,11.3
225,2026-08-14,Guadalajara,Meter_Audio_v1,41,1,13.0
225,2026-08-15,Guadalajara,Meter_Audio_v1,41,1,9.9
225,2026-08-16,Guadalajara,Meter_Audio_v1,41,1,10.8
225,2026-08-17,Guadalajara,Meter_Audio_v1,41,1,7.3
225,2026-08-18,Guadalajara,Meter_Audio_v1,41,0,1.2
225,2026-08-19,Guadalajara,Meter_Audio_v1,41,1,10.2
225,2026-08-20,Guadalajara,Meter_Audio_v1,41,1,12.7
225,2026-08-21,Guadalajara,Meter_Audio_v1,41,1,8.1
225,2026-08-22,Guadalajara,Meter_Audio_v1,41,1,11.5
225,2026-08-23,Guadalajara,Meter_Audio_v1,41,1,13.7
225,2026-08-24,Guadalajara,Meter_Audio_v1,41,0,1.5
225,2026-08-25,Guadalajara,Meter_Audio_v1,41,1,13.3
225,2026-08-26,Guadalajara,Meter_Audio_v1,41,1,14.4
225,2026-08-27,Guadalajara,Meter_Audio_v1,41,1,10.0
225,2026-08-28,Guadalajara,Meter_Audio_v1,41,1,13.1
225,2026-08-29,Guadalajara,Meter_Audio_v1,41,1,14.8
225,2026-08-30,Guadalajara,Meter_Audio_v1,41,1,10.7
225,2026-08-31,Guadalajara,Meter_Audio_v1,41,1,14.8
225,2026-09-01,Guadalajara,Meter_Audio_v1,41,0,1.3
226,2026-08-12,Tijuana,Meter_v3,12,1,8.4
226,2026-08-13,Tijuana,Meter_v3,12,1,10.3
226,2026-08-14,Tijuana,Meter_v3,12,1,10.1
226,2026-08-15,Tijuana,Meter_v3,12,1,9.7
226,2026-08-16,Tijuana,Meter_v3,12,1,6.4
226,2026-08-17,Tijuana,Meter_v3,12,1,12.8
226,2026-08-18,Tijuana,Meter_v3,12,1,11.3
226,2026-08-19,Tijuana,Meter_v3,12,1,12.6
226,2026-08-20,Tijuana,Meter_v3,12,1,8.8
226,2026-08-21,Tijuana,Meter_v3,12,1,11.2
226,2026-08-22,Tijuana,Meter_v3,12,1,7.5
226,2026-08-23,Tijuana,Meter_v3,12,1,9.2
226,2026-08-24,Tijuana,Meter_v3,12,1,14.5
226,2026-08-25,Tijuana,Meter_v3,12,1,13.3
226,2026-08-26,Tijuana,Meter_v3,12,1,9.2
226,2026-08-27,Tijuana,Meter_v3,12,1,11.6
226,2026-08-28,Tijuana,Meter_v3,12,1,10.0
226,2026-08-29,Tijuana,Meter_v3,12,1,8.9
226,2026-08-30,Tijuana,Meter_v3,12,0,2.3
226,2026-08-31,Tijuana,Meter_v3,12,1,14.3
226,2026-09-01,Tijuana,Meter_v3,12,0,2.1
227,2026-08-12,Puebla,Meter_Audio_v1,11,1,6.7
227,2026-08-13,Puebla,Meter_Audio_v1,11,1,8.7
227,2026-08-14,Puebla,Meter_Audio_v1,11,1,9.1
227,2026-08-15,Puebla,Meter_Audio_v1,11,1,14.7
227,2026-08-16,Puebla,Meter_Audio_v1,11,1,11.3
227,2026-08-17,Puebla,Meter_Audio_v1,11,1,10.8
227,2026-08-18,Puebla,Meter_Audio_v1,11,1,10.0
227,2026-08-19,Puebla,Meter_Audio_v1,11,1,13.7
227,2026-08-20,Puebla,Meter_Audio_v1,11,1,10.1
227,2026-08-21,Puebla,Meter_Audio_v1,11,1,8.1
227,2026-08-22,Puebla,Meter_Audio_v1,11,1,6.2
227,2026-08-23,Puebla,Meter_Audio_v1,11,1,11.1
227,2026-08-24,Puebla,Meter_Audio_v1,11,1,10.8
227,2026-08-25,Puebla,Meter_Audio_v1,11,1,13.3
227,2026-08-26,Puebla,Meter_Audio_v1,11,1,12.1
227,2026-08-27,Puebla,Meter_Audio_v1,11,1,9.0
227,2026-08-28,Puebla,Meter_Audio_v1,11,1,7.4
227,2026-08-29,Puebla,Meter_Audio_v1,11,1,12.3
227,2026-08-30,Puebla,Meter_Audio_v1,11,1,11.0
227,2026-08-31,Puebla,Meter_Audio_v1,11,1,11.2
227,2026-09-01,Puebla,Meter_Audio_v1,11,1,7.7
228,2026-08-12,Guadalajara,Meter_v3,2,1,13.7
228,2026-08-13,Guadalajara,Meter_v3,2,1,8.7
228,2026-08-14,Guadalajara,Meter_v3,2,0,2.2
228,2026-08-15,Guadalajara,Meter_v3,2,1,9.7
228,2026-08-16,Guadalajara,Meter_v3,2,1,6.1
228,2026-08-17,Guadalajara,Meter_v3,2,1,12.1
228,2026-08-18,Guadalajara,Meter_v3,2,1,8.4
228,2026-08-19,Guadalajara,Meter_v3,2,1,8.6
228,2026-08-20,Guadalajara,Meter_v3,2,1,13.5
228,2026-08-21,Guadalajara,Meter_v3,2,1,7.3
228,2026-08-22,Guadalajara,Meter_v3,2,1,13.4
228,2026-08-23,Guadalajara,Meter_v3,2,1,6.4
228,2026-08-24,Guadalajara,Meter_v3,2,1,13.5
228,2026-08-25,Guadalajara,Meter_v3,2,1,13.3
228,2026-08-26,Guadalajara,Meter_v3,2,1,10.5
228,2026-08-27,Guadalajara,Meter_v3,2,1,13.0
228,2026-08-28,Guadalajara,Meter_v3,2,1,8.4
228,2026-08-29,Guadalajara,Meter_v3,2,1,13.1
228,2026-08-30,Guadalajara,Meter_v3,2,1,8.5
228,2026-08-31,Guadalajara,Meter_v3,2,1,11.9
228,2026-09-01,Guadalajara,Meter_v3,2,1,10.3
229,2026-08-12,CDMX,Meter_Audio_v1,21,1,7.4
229,2026-08-13,CDMX,Meter_Audio_v1,21,1,9.6
229,2026-08-14,CDMX,Meter_Audio_v1,21,1,12.6
229,2026-08-15,CDMX,Meter_Audio_v1,21,1,11.5
229,2026-08-16,CDMX,Meter_Audio_v1,21,1,6.6
229,2026-08-17,CDMX,Meter_Audio_v1,21,1,14.1
229,2026-08-18,CDMX,Meter_Audio_v1,21,1,11.9
229,2026-08-19,CDMX,Meter_Audio_v1,21,1,12.9
229,2026-08-20,CDMX,Meter_Audio_v1,21,0,2.8
229,2026-08-21,CDMX,Meter_Audio_v1,21,1,10.3
229,2026-08-22,CDMX,Meter_Audio_v1,21,1,14.3
229,2026-08-23,CDMX,Meter_Audio_v1,21,1,6.4
229,2026-08-24,CDMX,Meter_Audio_v1,21,1,8.4
229,2026-08-25,CDMX,Meter_Audio_v1,21,1,14.4
229,2026-08-26,CDMX,Meter_Audio_v1,21,1,9.9
229,2026-08-27,CDMX,Meter_Audio_v1,21,1,7.3
229,2026-08-28,CDMX,Meter_Audio_v1,21,0,2.8
229,2026-08-29,CDMX,Meter_Audio_v1,21,1,11.8
229,2026-08-30,CDMX,Meter_Audio_v1,21,1,12.5
229,2026-08-31,CDMX,Meter_Audio_v1,21,1,12.7
229,2026-09-01,CDMX,Meter_Audio_v1,21,1,13.0
230,2026-08-12,Puebla,Meter_Audio_v1,31,1,10.4
230,2026-08-13,Puebla,Meter_Audio_v1,31,1,12.5
230,2026-08-14,Puebla,Meter_Audio_v1,31,1,13.6
230,2026-08-15,Puebla,Meter_Audio_v1,31,1,14.8
230,2026-08-16,Puebla,Meter_Audio_v1,31,1,9.4
230,2026-08-17,Puebla,Meter_Audio_v1,31,1,9.0
230,2026-08-18,Puebla,Meter_Audio_v1,31,1,9.5
230,2026-08-19,Puebla,Meter_Audio_v1,31,1,8.2
230,2026-08-20,Puebla,Meter_Audio_v1,31,1,9.6
230,2026-08-21,Puebla,Meter_Audio_v1,31,1,8.8
230,2026-08-22,Puebla,Meter_Audio_v1,31,1,11.0
230,2026-08-23,Puebla,Meter_Audio_v1,31,1,13.4
230,2026-08-24,Puebla,Meter_Audio_v1,31,1,12.5
230,2026-08-25,Puebla,Meter_Audio_v1,31,1,14.0
230,2026-08-26,Puebla,Meter_Audio_v1,31,1,13.2
230,2026-08-27,Puebla,Meter_Audio_v1,31,1,10.1
230,2026-08-28,Puebla,Meter_Audio_v1,31,1,6.6
230,2026-08-29,Puebla,Meter_Audio_v1,31,1,8.4
230,2026-08-30,Puebla,Meter_Audio_v1,31,1,7.0
230,2026-08-31,Puebla,Meter_Audio_v1,31,1,13.4
230,2026-09-01,Puebla,Meter_Audio_v1,31,1,10.6
231,2026-08-12,CDMX,Meter_Audio_v1,18,1,14.7
231,2026-08-13,CDMX,Meter_Audio_v1,18,1,11.6
231,2026-08-14,CDMX,Meter_Audio_v1,18,1,10.2
231,2026-08-15,CDMX,Meter_Audio_v1,18,0,0.6
231,2026-08-16,CDMX,Meter_Audio_v1,18,1,6.8
231,2026-08-17,CDMX,Meter_Audio_v1,18,1,12.1
231,2026-08-18,CDMX,Meter_Audio_v1,18,1,14.0
231,2026-08-19,CDMX,Meter_Audio_v1,18,1,8.2
231,2026-08-20,CDMX,Meter_Audio_v1,18,1,9.7
231,2026-08-21,CDMX,Meter_Audio_v1,18,1,11.6
231,2026-08-22,CDMX,Meter_Audio_v1,18,1,6.0
231,2026-08-23,CDMX,Meter_Audio_v1,18,1,6.3
231,2026-08-24,CDMX,Meter_Audio_v1,18,1,10.8
231,2026-08-25,CDMX,Meter_Audio_v1,18,1,11.8
231,2026-08-26,CDMX,Meter_Audio_v1,18,1,13.2
231,2026-08-27,CDMX,Meter_Audio_v1,18,1,12.0
231,2026-08-28,CDMX,Meter_Audio_v1,18,1,6.7
231,2026-08-29,CDMX,Meter_Audio_v1,18,1,11.1
231,2026-08-30,CDMX,Meter_Audio_v1,18,1,9.1
231,2026-08-31,CDMX,Meter_Audio_v1,18,1,11.9
231,2026-09-01,CDMX,Meter_Audio_v1,18,1,13.1
232,2026-08-12,CDMX,Meter_v3,5,1,10.5
232,2026-08-13,CDMX,Meter_v3,5,1,13.1
232,2026-08-14,CDMX,Meter_v3,5,1,8.7
232,2026-08-15,CDMX,Meter_v3,5,1,6.0
232,2026-08-16,CDMX,Meter_v3,5,1,11.9
232,2026-08-17,CDMX,Meter_v3,5,1,8.9
232,2026-08-18,CDMX,Meter_v3,5,1,9.4
232,2026-08-19,CDMX,Meter_v3,5,1,10.8
232,2026-08-20,CDMX,Meter_v3,5,1,9.0
232,2026-08-21,CDMX,Meter_v3,5,1,8.3
232,2026-08-22,CDMX,Meter_v3,5,1,9.3
232,2026-08-23,CDMX,Meter_v3,5,1,6.7
232,2026-08-24,CDMX,Meter_v3,5,1,9.1
232,2026-08-25,CDMX,Meter_v3,5,1,7.5
232,2026-08-26,CDMX,Meter_v3,5,1,7.9
232,2026-08-27,CDMX,Meter_v3,5,1,8.5
232,2026-08-28,CDMX,Meter_v3,5,1,9.3
232,2026-08-29,CDMX,Meter_v3,5,1,12.9
232,2026-08-30,CDMX,Meter_v3,5,1,14.2
232,2026-08-31,CDMX,Meter_v3,5,1,11.2
232,2026-09-01,CDMX,Meter_v3,5,1,10.8
233,2026-08-12,Guadalajara,Meter_v2,28,1,9.7
233,2026-08-13,Guadalajara,Meter_v2,28,1,6.9
233,2026-08-14,Guadalajara,Meter_v2,28,1,12.4
233,2026-08-15,Guadalajara,Meter_v2,28,1,8.1
233,2026-08-16,Guadalajara,Meter_v2,28,1,10.3
233,2026-08-17,Guadalajara,Meter_v2,28,1,8.0
233,2026-08-18,Guadalajara,Meter_v2,28,1,11.6
233,2026-08-19,Guadalajara,Meter_v2,28,1,7.9
233,2026-08-20,Guadalajara,Meter_v2,28,1,9.2
233,2026-08-21,Guadalajara,Meter_v2,28,1,14.4
233,2026-08-22,Guadalajara,Meter_v2,28,1,7.0
233,2026-08-23,Guadalajara,Meter_v2,28,1,13.4
233,2026-08-24,Guadalajara,Meter_v2,28,1,8.5
233,2026-08-25,Guadalajara,Meter_v2,28,1,13.2
233,2026-08-26,Guadalajara,Meter_v2,28,1,10.0
233,2026-08-27,Guadalajara,Meter_v2,28,1,13.3
233,2026-08-28,Guadalajara,Meter_v2,28,1,12.1
233,2026-08-29,Guadalajara,Meter_v2,28,1,9.7
233,2026-08-30,Guadalajara,Meter_v2,28,1,7.0
233,2026-08-31,Guadalajara,Meter_v2,28,1,12.2
233,2026-09-01,Guadalajara,Meter_v2,28,1,12.5
234,2026-08-12,Guadalajara,Meter_v2,3,1,7.5
234,2026-08-13,Guadalajara,Meter_v2,3,1,6.9
234,2026-08-14,Guadalajara,Meter_v2,3,0,1.7
234,2026-08-15,Guadalajara,Meter_v2,3,1,14.9
234,2026-08-16,Guadalajara,Meter_v2,3,1,12.6
234,2026-08-17,Guadalajara,Meter_v2,3,1,6.3
234,2026-08-18,Guadalajara,Meter_v2,3,1,10.0
234,2026-08-19,Guadalajara,Meter_v2,3,1,8.1
234,2026-08-20,Guadalajara,Meter_v2,3,1,12.5
234,2026-08-21,Guadalajara,Meter_v2,3,0,1.4
234,2026-08-22,Guadalajara,Meter_v2,3,1,6.8
234,2026-08-23,Guadalajara,Meter_v2,3,1,12.8
234,2026-08-24,Guadalajara,Meter_v2,3,1,7.9
234,2026-08-25,Guadalajara,Meter_v2,3,1,7.0
234,2026-08-26,Guadalajara,Meter_v2,3,1,10.5
234,2026-08-27,Guadalajara,Meter_v2,3,1,13.9
234,2026-08-28,Guadalajara,Meter_v2,3,1,11.7
234,2026-08-29,Guadalajara,Meter_v2,3,1,6.9
234,2026-08-30,Guadalajara,Meter_v2,3,1,7.3
234,2026-08-31,Guadalajara,Meter_v2,3,1,8.8
234,2026-09-01,Guadalajara,Meter_v2,3,1,12.6
235,2026-08-12,Guadalajara,Meter_Audio_v1,32,0,1.0
235,2026-08-13,Guadalajara,Meter_Audio_v1,32,1,10.6
235,2026-08-14,Guadalajara,Meter_Audio_v1,32,1,11.2
235,2026-08-15,Guadalajara,Meter_Audio_v1,32,1,13.4
235,2026-08-16,Guadalajara,Meter_Audio_v1,32,1,11.2
235,2026-08-17,Guadalajara,Meter_Audio_v1,32,1,9.6
235,2026-08-18,Guadalajara,Meter_Audio_v1,32,1,14.6
235,2026-08-19,Guadalajara,Meter_Audio_v1,32,1,7.7
235,2026-08-20,Guadalajara,Meter_Audio_v1,32,1,12.8
235,2026-08-21,Guadalajara,Meter_Audio_v1,32,1,9.7
235,2026-08-22,Guadalajara,Meter_Audio_v1,32,0,0.7
235,2026-08-23,Guadalajara,Meter_Audio_v1,32,1,6.7
235,2026-08-24,Guadalajara,Meter_Audio_v1,32,1,11.6
235,2026-08-25,Guadalajara,Meter_Audio_v1,32,1,6.6
235,2026-08-26,Guadalajara,Meter_Audio_v1,32,1,11.7
235,2026-08-27,Guadalajara,Meter_Audio_v1,32,0,1.5
235,2026-08-28,Guadalajara,Meter_Audio_v1,32,1,9.3
235,2026-08-29,Guadalajara,Meter_Audio_v1,32,1,6.3
235,2026-08-30,Guadalajara,Meter_Audio_v1,32,1,8.1
235,2026-08-31,Guadalajara,Meter_Audio_v1,32,1,11.8
235,2026-09-01,Guadalajara,Meter_Audio_v1,32,1,13.1
236,2026-08-12,CDMX,Meter_v3,16,1,8.7
236,2026-08-13,CDMX,Meter_v3,16,1,8.6
236,2026-08-14,CDMX,Meter_v3,16,1,10.9
236,2026-08-15,CDMX,Meter_v3,16,1,8.0
236,2026-08-16,CDMX,Meter_v3,16,1,14.3
236,2026-08-17,CDMX,Meter_v3,16,1,13.3
236,2026-08-18,CDMX,Meter_v3,16,1,7.3
236,2026-08-19,CDMX,Meter_v3,16,1,11.4
236,2026-08-20,CDMX,Meter_v3,16,1,13.4
236,2026-08-21,CDMX,Meter_v3,16,1,6.9
236,2026-08-22,CDMX,Meter_v3,16,1,8.5
236,2026-08-23,CDMX,Meter_v3,16,1,12.8
236,2026-08-24,CDMX,Meter_v3,16,0,1.3
236,2026-08-25,CDMX,Meter_v3,16,1,10.0
236,2026-08-26,CDMX,Meter_v3,16,1,11.1
236,2026-08-27,CDMX,Meter_v3,16,1,11.7
236,2026-08-28,CDMX,Meter_v3,16,1,6.2
236,2026-08-29,CDMX,Meter_v3,16,0,1.9
236,2026-08-30,CDMX,Meter_v3,16,1,10.4
236,2026-08-31,CDMX,Meter_v3,16,1,6.2
236,2026-09-01,CDMX,Meter_v3,16,1,12.7
237,2026-08-12,CDMX,Meter_v3,7,1,6.2
237,2026-08-13,CDMX,Meter_v3,7,1,14.1
237,2026-08-14,CDMX,Meter_v3,7,1,7.0
237,2026-08-15,CDMX,Meter_v3,7,1,9.5
237,2026-08-16,CDMX,Meter_v3,7,1,12.8
237,2026-08-17,CDMX,Meter_v3,7,1,12.7
237,2026-08-18,CDMX,Meter_v3,7,1,9.4
237,2026-08-19,CDMX,Meter_v3,7,1,11.2
237,2026-08-20,CDMX,Meter_v3,7,1,9.7
237,2026-08-21,CDMX,Meter_v3,7,1,8.2
237,2026-08-22,CDMX,Meter_v3,7,1,8.0
237,2026-08-23,CDMX,Meter_v3,7,1,6.7
237,2026-08-24,CDMX,Meter_v3,7,1,8.1
237,2026-08-25,CDMX,Meter_v3,7,1,10.5
237,2026-08-26,CDMX,Meter_v3,7,1,13.4
237,2026-08-27,CDMX,Meter_v3,7,0,1.9
237,2026-08-28,CDMX,Meter_v3,7,1,8.7
237,2026-08-29,CDMX,Meter_v3,7,1,10.0
237,2026-08-30,CDMX,Meter_v3,7,1,6.6
237,2026-08-31,CDMX,Meter_v3,7,1,12.8
237,2026-09-01,CDMX,Meter_v3,7,1,9.5
238,2026-08-12,CDMX,Meter_v2,13,1,13.1
238,2026-08-13,CDMX,Meter_v2,13,1,7.7
238,2026-08-14,CDMX,Meter_v2,13,1,14.1
238,2026-08-15,CDMX,Meter_v2,13,1,13.4
238,2026-08-16,CDMX,Meter_v2,13,1,10.8
238,2026-08-17,CDMX,Meter_v2,13,1,13.0
238,2026-08-18,CDMX,Meter_v2,13,1,6.5
238,2026-08-19,CDMX,Meter_v2,13,1,10.5
238,2026-08-20,CDMX,Meter_v2,13,1,13.3
238,2026-08-21,CDMX,Meter_v2,13,1,6.9
238,2026-08-22,CDMX,Meter_v2,13,1,11.5
238,2026-08-23,CDMX,Meter_v2,13,1,14.3
238,2026-08-24,CDMX,Meter_v2,13,1,9.4
238,2026-08-25,CDMX,Meter_v2,13,1,10.8
238,2026-08-26,CDMX,Meter_v2,13,1,12.6
238,2026-08-27,CDMX,Meter_v2,13,1,9.1
238,2026-08-28,CDMX,Meter_v2,13,1,9.8
238,2026-08-29,CDMX,Meter_v2,13,1,7.1
238,2026-08-30,CDMX,Meter_v2,13,1,8.0
238,2026-08-31,CDMX,Meter_v2,13,1,13.6
238,2026-09-01,CDMX,Meter_v2,13,0,2.5
239,2026-08-12,Puebla,Meter_v3,18,1,11.1
239,2026-08-13,Puebla,Meter_v3,18,1,14.2
239,2026-08-14,Puebla,Meter_v3,18,1,6.2
239,2026-08-15,Puebla,Meter_v3,18,1,7.2
239,2026-08-16,Puebla,Meter_v3,18,1,7.8
239,2026-08-17,Puebla,Meter_v3,18,1,11.1
239,2026-08-18,Puebla,Meter_v3,18,1,10.3
239,2026-08-19,Puebla,Meter_v3,18,1,14.0
239,2026-08-20,Puebla,Meter_v3,18,1,10.2
239,2026-08-21,Puebla,Meter_v3,18,1,6.9
239,2026-08-22,Puebla,Meter_v3,18,1,9.0
239,2026-08-23,Puebla,Meter_v3,18,1,11.1
239,2026-08-24,Puebla,Meter_v3,18,1,13.0
239,2026-08-25,Puebla,Meter_v3,18,1,8.2
239,2026-08-26,Puebla,Meter_v3,18,1,11.7
239,2026-08-27,Puebla,Meter_v3,18,1,7.2
239,2026-08-28,Puebla,Meter_v3,18,1,10.2
239,2026-08-29,Puebla,Meter_v3,18,1,13.9
239,2026-08-30,Puebla,Meter_v3,18,1,11.6
239,2026-08-31,Puebla,Meter_v3,18,1,7.7
239,2026-09-01,Puebla,Meter_v3,18,1,7.9
240,2026-08-12,CDMX,Meter_v3,6,1,14.7
240,2026-08-13,CDMX,Meter_v3,6,1,14.7
240,2026-08-14,CDMX,Meter_v3,6,1,12.8
240,2026-08-15,CDMX,Meter_v3,6,1,13.1
240,2026-08-16,CDMX,Meter_v3,6,1,13.0
240,2026-08-17,CDMX,Meter_v3,6,1,8.7
240,2026-08-18,CDMX,Meter_v3,6,1,7.0
240,2026-08-19,CDMX,Meter_v3,6,1,6.7
240,2026-08-20,CDMX,Meter_v3,6,1,11.0
240,2026-08-21,CDMX,Meter_v3,6,1,11.3
240,2026-08-22,CDMX,Meter_v3,6,0,0.3
240,2026-08-23,CDMX,Meter_v3,6,1,14.8
240,2026-08-24,CDMX,Meter_v3,6,1,9.9
240,2026-08-25,CDMX,Meter_v3,6,1,13.6
240,2026-08-26,CDMX,Meter_v3,6,1,13.7
240,2026-08-27,CDMX,Meter_v3,6,1,9.6
240,2026-08-28,CDMX,Meter_v3,6,1,7.9
240,2026-08-29,CDMX,Meter_v3,6,1,13.1
240,2026-08-30,CDMX,Meter_v3,6,1,6.5
240,2026-08-31,CDMX,Meter_v3,6,1,7.1
240,2026-09-01,CDMX,Meter_v3,6,1,15.0
241,2026-08-12,CDMX,Meter_v2,34,1,9.9
241,2026-08-13,CDMX,Meter_v2,34,0,2.6
241,2026-08-14,CDMX,Meter_v2,34,1,11.4
241,2026-08-15,CDMX,Meter_v2,34,1,11.1
241,2026-08-16,CDMX,Meter_v2,34,1,12.5
241,2026-08-17,CDMX,Meter_v2,34,1,7.9
241,2026-08-18,CDMX,Meter_v2,34,1,11.0
241,2026-08-19,CDMX,Meter_v2,34,0,1.6
241,2026-08-20,CDMX,Meter_v2,34,0,0.9
241,2026-08-21,CDMX,Meter_v2,34,1,7.9
241,2026-08-22,CDMX,Meter_v2,34,1,12.3
241,2026-08-23,CDMX,Meter_v2,34,0,2.5
241,2026-08-24,CDMX,Meter_v2,34,1,11.6
241,2026-08-25,CDMX,Meter_v2,34,1,7.0
241,2026-08-26,CDMX,Meter_v2,34,0,0.9
241,2026-08-27,CDMX,Meter_v2,34,1,9.9
241,2026-08-28,CDMX,Meter_v2,34,1,14.5
241,2026-08-29,CDMX,Meter_v2,34,0,2.8
241,2026-08-30,CDMX,Meter_v2,34,1,7.7
241,2026-08-31,CDMX,Meter_v2,34,1,6.2
241,2026-09-01,CDMX,Meter_v2,34,1,7.1
242,2026-08-12,Puebla,Meter_v2,10,1,10.0
242,2026-08-13,Puebla,Meter_v2,10,1,8.2
242,2026-08-14,Puebla,Meter_v2,10,1,6.5
242,2026-08-15,Puebla,Meter_v2,10,1,12.2
242,2026-08-16,Puebla,Meter_v2,10,0,1.1
242,2026-08-17,Puebla,Meter_v2,10,1,8.5
242,2026-08-18,Puebla,Meter_v2,10,1,12.9
242,2026-08-19,Puebla,Meter_v2,10,1,6.9
242,2026-08-20,Puebla,Meter_v2,10,1,9.5
242,2026-08-21,Puebla,Meter_v2,10,1,9.4
242,2026-08-22,Puebla,Meter_v2,10,1,8.3
242,2026-08-23,Puebla,Meter_v2,10,1,10.8
242,2026-08-24,Puebla,Meter_v2,10,1,13.0
242,2026-08-25,Puebla,Meter_v2,10,1,14.2
242,2026-08-26,Puebla,Meter_v2,10,1,11.3
242,2026-08-27,Puebla,Meter_v2,10,1,8.6
242,2026-08-28,Puebla,Meter_v2,10,1,7.6
242,2026-08-29,Puebla,Meter_v2,10,1,8.3
242,2026-08-30,Puebla,Meter_v2,10,1,7.0
242,2026-08-31,Puebla,Meter_v2,10,1,8.4
242,2026-09-01,Puebla,Meter_v2,10,1,14.6
243,2026-08-12,Guadalajara,Meter_v2,41,1,14.3
243,2026-08-13,Guadalajara,Meter_v2,41,1,14.7
243,2026-08-14,Guadalajara,Meter_v2,41,1,13.0
243,2026-08-15,Guadalajara,Meter_v2,41,1,13.5
243,2026-08-16,Guadalajara,Meter_v2,41,1,11.4
243,2026-08-17,Guadalajara,Meter_v2,41,0,0.4
243,2026-08-18,Guadalajara,Meter_v2,41,0,0.0
243,2026-08-19,Guadalajara,Meter_v2,41,1,13.4
243,2026-08-20,Guadalajara,Meter_v2,41,1,6.0
243,2026-08-21,Guadalajara,Meter_v2,41,1,10.4
243,2026-08-22,Guadalajara,Meter_v2,41,1,8.5
243,2026-08-23,Guadalajara,Meter_v2,41,1,9.2
243,2026-08-24,Guadalajara,Meter_v2,41,1,13.9
243,2026-08-25,Guadalajara,Meter_v2,41,0,2.9
243,2026-08-26,Guadalajara,Meter_v2,41,1,12.3
243,2026-08-27,Guadalajara,Meter_v2,41,1,7.6
243,2026-08-28,Guadalajara,Meter_v2,41,1,12.0
243,2026-08-29,Guadalajara,Meter_v2,41,1,11.7
243,2026-08-30,Guadalajara,Meter_v2,41,1,14.6
243,2026-08-31,Guadalajara,Meter_v2,41,0,1.9
243,2026-09-01,Guadalajara,Meter_v2,41,1,8.6
244,2026-08-12,Puebla,Meter_v2,33,1,8.6
244,2026-08-13,Puebla,Meter_v2,33,1,10.4
244,2026-08-14,Puebla,Meter_v2,33,1,14.4
244,2026-08-15,Puebla,Meter_v2,33,1,8.1
244,2026-08-16,Puebla,Meter_v2,33,1,7.6
244,2026-08-17,Puebla,Meter_v2,33,1,11.0
244,2026-08-18,Puebla,Meter_v2,33,1,8.1
244,2026-08-19,Puebla,Meter_v2,33,0,1.1
244,2026-08-20,Puebla,Meter_v2,33,1,14.6
244,2026-08-21,Puebla,Meter_v2,33,1,10.7
244,2026-08-22,Puebla,Meter_v2,33,1,9.6
244,2026-08-23,Puebla,Meter_v2,33,1,13.3
244,2026-08-24,Puebla,Meter_v2,33,1,9.7
244,2026-08-25,Puebla,Meter_v2,33,1,14.7
244,2026-08-26,Puebla,Meter_v2,33,1,9.9
244,2026-08-27,Puebla,Meter_v2,33,1,7.5
244,2026-08-28,Puebla,Meter_v2,33,1,6.0
244,2026-08-29,Puebla,Meter_v2,33,1,7.5
244,2026-08-30,Puebla,Meter_v2,33,1,14.6
244,2026-08-31,Puebla,Meter_v2,33,1,11.2
244,2026-09-01,Puebla,Meter_v2,33,1,13.2
245,2026-08-12,Puebla,Meter_Audio_v1,2,1,9.5
245,2026-08-13,Puebla,Meter_Audio_v1,2,1,14.8
245,2026-08-14,Puebla,Meter_Audio_v1,2,1,6.8
245,2026-08-15,Puebla,Meter_Audio_v1,2,1,13.5
245,2026-08-16,Puebla,Meter_Audio_v1,2,1,6.2
245,2026-08-17,Puebla,Meter_Audio_v1,2,0,2.5
245,2026-08-18,Puebla,Meter_Audio_v1,2,1,14.7
245,2026-08-19,Puebla,Meter_Audio_v1,2,1,9.2
245,2026-08-20,Puebla,Meter_Audio_v1,2,1,9.8
245,2026-08-21,Puebla,Meter_Audio_v1,2,0,0.1
245,2026-08-22,Puebla,Meter_Audio_v1,2,0,3.0
245,2026-08-23,Puebla,Meter_Audio_v1,2,1,11.1
245,2026-08-24,Puebla,Meter_Audio_v1,2,1,6.1
245,2026-08-25,Puebla,Meter_Audio_v1,2,1,8.1
245,2026-08-26,Puebla,Meter_Audio_v1,2,1,12.9
245,2026-08-27,Puebla,Meter_Audio_v1,2,1,13.5
245,2026-08-28,Puebla,Meter_Audio_v1,2,1,9.8
245,2026-08-29,Puebla,Meter_Audio_v1,2,1,13.3
245,2026-08-30,Puebla,Meter_Audio_v1,2,1,10.3
245,2026-08-31,Puebla,Meter_Audio_v1,2,1,9.2
245,2026-09-01,Puebla,Meter_Audio_v1,2,1,14.0
246,2026-08-12,CDMX,Meter_v2,19,1,6.5
246,2026-08-13,CDMX,Meter_v2,19,1,8.4
246,2026-08-14,CDMX,Meter_v2,19,1,12.0
246,2026-08-15,CDMX,Meter_v2,19,1,8.3
246,2026-08-16,CDMX,Meter_v2,19,1,12.4
246,2026-08-17,CDMX,Meter_v2,19,0,0.7
246,2026-08-18,CDMX,Meter_v2,19,1,9.8
246,2026-08-19,CDMX,Meter_v2,19,1,11.5
246,2026-08-20,CDMX,Meter_v2,19,1,8.4
246,2026-08-21,CDMX,Meter_v2,19,1,12.9
246,2026-08-22,CDMX,Meter_v2,19,1,9.0
246,2026-08-23,CDMX,Meter_v2,19,1,6.2
246,2026-08-24,CDMX,Meter_v2,19,1,6.7
246,2026-08-25,CDMX,Meter_v2,19,1,12.7
246,2026-08-26,CDMX,Meter_v2,19,1,12.3
246,2026-08-27,CDMX,Meter_v2,19,1,6.3
246,2026-08-28,CDMX,Meter_v2,19,1,13.9
246,2026-08-29,CDMX,Meter_v2,19,1,10.0
246,2026-08-30,CDMX,Meter_v2,19,1,9.0
246,2026-08-31,CDMX,Meter_v2,19,0,1.7
246,2026-09-01,CDMX,Meter_v2,19,1,12.5
247,2026-08-12,CDMX,Meter_v3,7,0,2.8
247,2026-08-13,CDMX,Meter_v3,7,1,6.1
247,2026-08-14,CDMX,Meter_v3,7,1,10.2
247,2026-08-15,CDMX,Meter_v3,7,0,2.7
247,2026-08-16,CDMX,Meter_v3,7,1,10.0
247,2026-08-17,CDMX,Meter_v3,7,0,2.7
247,2026-08-18,CDMX,Meter_v3,7,1,11.4
247,2026-08-19,CDMX,Meter_v3,7,1,10.0
247,2026-08-20,CDMX,Meter_v3,7,1,11.2
247,2026-08-21,CDMX,Meter_v3,7,1,8.5
247,2026-08-22,CDMX,Meter_v3,7,0,1.6
247,2026-08-23,CDMX,Meter_v3,7,1,13.1
247,2026-08-24,CDMX,Meter_v3,7,1,13.8
247,2026-08-25,CDMX,Meter_v3,7,1,14.9
247,2026-08-26,CDMX,Meter_v3,7,1,7.1
247,2026-08-27,CDMX,Meter_v3,7,1,12.5
247,2026-08-28,CDMX,Meter_v3,7,1,12.8
247,2026-08-29,CDMX,Meter_v3,7,1,12.0
247,2026-08-30,CDMX,Meter_v3,7,1,13.3
247,2026-08-31,CDMX,Meter_v3,7,1,6.7
247,2026-09-01,CDMX,Meter_v3,7,1,10.6
248,2026-08-12,Puebla,Meter_v3,26,1,8.3
248,2026-08-13,Puebla,Meter_v3,26,1,6.8
248,2026-08-14,Puebla,Meter_v3,26,1,14.9
248,2026-08-15,Puebla,Meter_v3,26,1,11.3
248,2026-08-16,Puebla,Meter_v3,26,1,9.8
248,2026-08-17,Puebla,Meter_v3,26,1,6.4
248,2026-08-18,Puebla,Meter_v3,26,1,10.3
248,2026-08-19,Puebla,Meter_v3,26,1,6.8
248,2026-08-20,Puebla,Meter_v3,26,1,13.9
248,2026-08-21,Puebla,Meter_v3,26,1,9.9
248,2026-08-22,Puebla,Meter_v3,26,1,9.1
248,2026-08-23,Puebla,Meter_v3,26,1,13.7
248,2026-08-24,Puebla,Meter_v3,26,1,7.1
248,2026-08-25,Puebla,Meter_v3,26,1,11.4
248,2026-08-26,Puebla,Meter_v3,26,0,2.5
248,2026-08-27,Puebla,Meter_v3,26,1,8.7
248,2026-08-28,Puebla,Meter_v3,26,1,12.2
248,2026-08-29,Puebla,Meter_v3,26,1,11.1
248,2026-08-30,Puebla,Meter_v3,26,1,9.7
248,2026-08-31,Puebla,Meter_v3,26,1,6.3
248,2026-09-01,Puebla,Meter_v3,26,1,11.2
249,2026-08-12,CDMX,Meter_v2,15,1,6.8
249,2026-08-13,CDMX,Meter_v2,15,1,12.5
249,2026-08-14,CDMX,Meter_v2,15,1,9.8
249,2026-08-15,CDMX,Meter_v2,15,1,11.5
249,2026-08-16,CDMX,Meter_v2,15,0,0.9
249,2026-08-17,CDMX,Meter_v2,15,1,7.3
249,2026-08-18,CDMX,Meter_v2,15,1,10.9
249,2026-08-19,CDMX,Meter_v2,15,1,13.8
249,2026-08-20,CDMX,Meter_v2,15,1,8.0
249,2026-08-21,CDMX,Meter_v2,15,1,11.1
249,2026-08-22,CDMX,Meter_v2,15,1,14.5
249,2026-08-23,CDMX,Meter_v2,15,1,13.2
249,2026-08-24,CDMX,Meter_v2,15,1,13.0
249,2026-08-25,CDMX,Meter_v2,15,1,13.9
249,2026-08-26,CDMX,Meter_v2,15,1,8.8
249,2026-08-27,CDMX,Meter_v2,15,1,8.7
249,2026-08-28,CDMX,Meter_v2,15,1,13.6
249,2026-08-29,CDMX,Meter_v2,15,1,14.1
249,2026-08-30,CDMX,Meter_v2,15,1,11.9
249,2026-08-31,CDMX,Meter_v2,15,1,9.9
249,2026-09-01,CDMX,Meter_v2,15,0,1.1
250,2026-08-12,Guadalajara,Meter_v2,12,1,13.0
250,2026-08-13,Guadalajara,Meter_v2,12,1,6.4
250,2026-08-14,Guadalajara,Meter_v2,12,1,10.1
250,2026-08-15,Guadalajara,Meter_v2,12,0,2.2
250,2026-08-16,Guadalajara,Meter_v2,12,1,7.3
250,2026-08-17,Guadalajara,Meter_v2,12,1,10.3
250,2026-08-18,Guadalajara,Meter_v2,12,1,6.5
250,2026-08-19,Guadalajara,Meter_v2,12,1,8.8
250,2026-08-20,Guadalajara,Meter_v2,12,1,11.0
250,2026-08-21,Guadalajara,Meter_v2,12,1,10.9
250,2026-08-22,Guadalajara,Meter_v2,12,1,12.6
250,2026-08-23,Guadalajara,Meter_v2,12,1,12.6
250,2026-08-24,Guadalajara,Meter_v2,12,1,11.4
250,2026-08-25,Guadalajara,Meter_v2,12,0,1.1
250,2026-08-26,Guadalajara,Meter_v2,12,1,7.5
250,2026-08-27,Guadalajara,Meter_v2,12,1,8.1
250,2026-08-28,Guadalajara,Meter_v2,12,1,9.2
250,2026-08-29,Guadalajara,Meter_v2,12,0,2.4
250,2026-08-30,Guadalajara,Meter_v2,12,1,10.2
250,2026-08-31,Guadalajara,Meter_v2,12,1,7.5
250,2026-09-01,Guadalajara,Meter_v2,12,1,10.4
251,2026-08-12,Puebla,Meter_v2,41,1,6.8
251,2026-08-13,Puebla,Meter_v2,41,1,9.7
251,2026-08-14,Puebla,Meter_v2,41,1,12.1
251,2026-08-15,Puebla,Meter_v2,41,1,8.5
251,2026-08-16,Puebla,Meter_v2,41,1,9.0
251,2026-08-17,Puebla,Meter_v2,41,1,9.3
251,2026-08-18,Puebla,Meter_v2,41,1,6.8
251,2026-08-19,Puebla,Meter_v2,41,1,7.5
251,2026-08-20,Puebla,Meter_v2,41,1,12.3
251,2026-08-21,Puebla,Meter_v2,41,1,10.5
251,2026-08-22,Puebla,Meter_v2,41,1,7.0
251,2026-08-23,Puebla,Meter_v2,41,1,11.2
251,2026-08-24,Puebla,Meter_v2,41,1,7.7
251,2026-08-25,Puebla,Meter_v2,41,1,10.6
251,2026-08-26,Puebla,Meter_v2,41,0,2.3
251,2026-08-27,Puebla,Meter_v2,41,1,13.1
251,2026-08-28,Puebla,Meter_v2,41,1,6.9
251,2026-08-29,Puebla,Meter_v2,41,1,12.8
251,2026-08-30,Puebla,Meter_v2,41,0,0.5
251,2026-08-31,Puebla,Meter_v2,41,1,6.5
251,2026-09-01,Puebla,Meter_v2,41,1,6.2
252,2026-08-12,CDMX,Meter_v2,2,1,7.7
252,2026-08-13,CDMX,Meter_v2,2,1,14.7
252,2026-08-14,CDMX,Meter_v2,2,1,12.8
252,2026-08-15,CDMX,Meter_v2,2,1,10.5
252,2026-08-16,CDMX,Meter_v2,2,1,13.4
252,2026-08-17,CDMX,Meter_v2,2,0,1.0
252,2026-08-18,CDMX,Meter_v2,2,1,13.5
252,2026-08-19,CDMX,Meter_v2,2,1,9.1
252,2026-08-20,CDMX,Meter_v2,2,1,10.8
252,2026-08-21,CDMX,Meter_v2,2,1,8.6
252,2026-08-22,CDMX,Meter_v2,2,0,1.8
252,2026-08-23,CDMX,Meter_v2,2,1,7.2
252,2026-08-24,CDMX,Meter_v2,2,1,12.1
252,2026-08-25,CDMX,Meter_v2,2,1,13.4
252,2026-08-26,CDMX,Meter_v2,2,1,10.1
252,2026-08-27,CDMX,Meter_v2,2,1,9.8
252,2026-08-28,CDMX,Meter_v2,2,1,7.4
252,2026-08-29,CDMX,Meter_v2,2,1,11.2
252,2026-08-30,CDMX,Meter_v2,2,1,6.3
252,2026-08-31,CDMX,Meter_v2,2,1,13.4
252,2026-09-01,CDMX,Meter_v2,2,1,9.0
253,2026-08-12,Guadalajara,Meter_v2,15,1,11.7
253,2026-08-13,Guadalajara,Meter_v2,15,1,7.9
253,2026-08-14,Guadalajara,Meter_v2,15,1,10.0
253,2026-08-15,Guadalajara,Meter_v2,15,1,9.1
253,2026-08-16,Guadalajara,Meter_v2,15,1,14.0
253,2026-08-17,Guadalajara,Meter_v2,15,1,7.7
253,2026-08-18,Guadalajara,Meter_v2,15,1,13.0
253,2026-08-19,Guadalajara,Meter_v2,15,1,7.7
253,2026-08-20,Guadalajara,Meter_v2,15,1,11.4
253,2026-08-21,Guadalajara,Meter_v2,15,1,7.1
253,2026-08-22,Guadalajara,Meter_v2,15,1,6.1
253,2026-08-23,Guadalajara,Meter_v2,15,1,8.5
253,2026-08-24,Guadalajara,Meter_v2,15,0,0.2
253,2026-08-25,Guadalajara,Meter_v2,15,1,9.1
253,2026-08-26,Guadalajara,Meter_v2,15,1,11.6
253,2026-08-27,Guadalajara,Meter_v2,15,1,9.2
253,2026-08-28,Guadalajara,Meter_v2,15,1,9.4
253,2026-08-29,Guadalajara,Meter_v2,15,1,11.9
253,2026-08-30,Guadalajara,Meter_v2,15,1,11.0
253,2026-08-31,Guadalajara,Meter_v2,15,1,13.3
253,2026-09-01,Guadalajara,Meter_v2,15,1,8.3
254,2026-08-12,CDMX,Meter_v3,8,1,8.8
254,2026-08-13,CDMX,Meter_v3,8,1,12.5
254,2026-08-14,CDMX,Meter_v3,8,1,13.0
254,2026-08-15,CDMX,Meter_v3,8,0,1.3
254,2026-08-16,CDMX,Meter_v3,8,1,14.4
254,2026-08-17,CDMX,Meter_v3,8,0,1.9
254,2026-08-18,CDMX,Meter_v3,8,1,6.3
254,2026-08-19,CDMX,Meter_v3,8,1,7.3
254,2026-08-20,CDMX,Meter_v3,8,1,10.3
254,2026-08-21,CDMX,Meter_v3,8,1,6.9
254,2026-08-22,CDMX,Meter_v3,8,1,14.0
254,2026-08-23,CDMX,Meter_v3,8,1,8.8
254,2026-08-24,CDMX,Meter_v3,8,1,7.0
254,2026-08-25,CDMX,Meter_v3,8,0,1.1
254,2026-08-26,CDMX,Meter_v3,8,1,12.8
254,2026-08-27,CDMX,Meter_v3,8,1,8.5
254,2026-08-28,CDMX,Meter_v3,8,1,7.5
254,2026-08-29,CDMX,Meter_v3,8,1,11.1
254,2026-08-30,CDMX,Meter_v3,8,1,14.3
254,2026-08-31,CDMX,Meter_v3,8,1,13.0
254,2026-09-01,CDMX,Meter_v3,8,1,13.6
255,2026-08-12,CDMX,Meter_v2,1,1,13.4
255,2026-08-13,CDMX,Meter_v2,1,1,8.5
255,2026-08-14,CDMX,Meter_v2,1,1,10.6
255,2026-08-15,CDMX,Meter_v2,1,1,12.6
255,2026-08-16,CDMX,Meter_v2,1,1,12.9
255,2026-08-17,CDMX,Meter_v2,1,0,0.1
255,2026-08-18,CDMX,Meter_v2,1,0,2.5
255,2026-08-19,CDMX,Meter_v2,1,1,8.3
255,2026-08-20,CDMX,Meter_v2,1,1,12.0
255,2026-08-21,CDMX,Meter_v2,1,1,14.3
255,2026-08-22,CDMX,Meter_v2,1,1,9.7
255,2026-08-23,CDMX,Meter_v2,1,1,8.4
255,2026-08-24,CDMX,Meter_v2,1,1,12.6
255,2026-08-25,CDMX,Meter_v2,1,1,10.0
255,2026-08-26,CDMX,Meter_v2,1,1,12.2
255,2026-08-27,CDMX,Meter_v2,1,0,0.1
255,2026-08-28,CDMX,Meter_v2,1,1,12.4
255,2026-08-29,CDMX,Meter_v2,1,1,14.3
255,2026-08-30,CDMX,Meter_v2,1,1,8.4
255,2026-08-31,CDMX,Meter_v2,1,1,7.5
255,2026-09-01,CDMX,Meter_v2,1,1,10.4
256,2026-08-12,CDMX,Meter_v3,26,1,10.7
256,2026-08-13,CDMX,Meter_v3,26,1,11.7
256,2026-08-14,CDMX,Meter_v3,26,1,11.1
256,2026-08-15,CDMX,Meter_v3,26,1,11.4
256,2026-08-16,CDMX,Meter_v3,26,1,12.7
256,2026-08-17,CDMX,Meter_v3,26,1,14.1
256,2026-08-18,CDMX,Meter_v3,26,1,11.0
256,2026-08-19,CDMX,Meter_v3,26,1,9.4
256,2026-08-20,CDMX,Meter_v3,26,1,10.0
256,2026-08-21,CDMX,Meter_v3,26,1,7.1
256,2026-08-22,CDMX,Meter_v3,26,1,9.3
256,2026-08-23,CDMX,Meter_v3,26,0,2.0
256,2026-08-24,CDMX,Meter_v3,26,1,13.3
256,2026-08-25,CDMX,Meter_v3,26,1,12.9
256,2026-08-26,CDMX,Meter_v3,26,1,14.2
256,2026-08-27,CDMX,Meter_v3,26,1,7.2
256,2026-08-28,CDMX,Meter_v3,26,1,8.2
256,2026-08-29,CDMX,Meter_v3,26,1,7.4
256,2026-08-30,CDMX,Meter_v3,26,1,9.2
256,2026-08-31,CDMX,Meter_v3,26,1,10.3
256,2026-09-01,CDMX,Meter_v3,26,1,7.2
257,2026-08-12,CDMX,Meter_v2,15,1,6.5
257,2026-08-13,CDMX,Meter_v2,15,1,8.6
257,2026-08-14,CDMX,Meter_v2,15,1,7.4
257,2026-08-15,CDMX,Meter_v2,15,1,9.1
257,2026-08-16,CDMX,Meter_v2,15,0,0.3
257,2026-08-17,CDMX,Meter_v2,15,1,7.3
257,2026-08-18,CDMX,Meter_v2,15,1,8.9
257,2026-08-19,CDMX,Meter_v2,15,1,10.4
257,2026-08-20,CDMX,Meter_v2,15,1,7.3
257,2026-08-21,CDMX,Meter_v2,15,0,0.9
257,2026-08-22,CDMX,Meter_v2,15,0,1.4
257,2026-08-23,CDMX,Meter_v2,15,1,12.9
257,2026-08-24,CDMX,Meter_v2,15,1,8.5
257,2026-08-25,CDMX,Meter_v2,15,1,9.8
257,2026-08-26,CDMX,Meter_v2,15,0,1.7
257,2026-08-27,CDMX,Meter_v2,15,1,14.8
257,2026-08-28,CDMX,Meter_v2,15,1,12.2
257,2026-08-29,CDMX,Meter_v2,15,1,8.2
257,2026-08-30,CDMX,Meter_v2,15,1,14.8
257,2026-08-31,CDMX,Meter_v2,15,1,12.6
257,2026-09-01,CDMX,Meter_v2,15,1,8.9
258,2026-08-12,Tijuana,Meter_v2,41,0,1.2
258,2026-08-13,Tijuana,Meter_v2,41,1,9.6
258,2026-08-14,Tijuana,Meter_v2,41,1,14.0
258,2026-08-15,Tijuana,Meter_v2,41,1,12.4
258,2026-08-16,Tijuana,Meter_v2,41,1,14.1
258,2026-08-17,Tijuana,Meter_v2,41,1,9.8
258,2026-08-18,Tijuana,Meter_v2,41,0,2.2
258,2026-08-19,Tijuana,Meter_v2,41,1,11.2
258,2026-08-20,Tijuana,Meter_v2,41,1,12.5
258,2026-08-21,Tijuana,Meter_v2,41,1,13.0
258,2026-08-22,Tijuana,Meter_v2,41,1,6.5
258,2026-08-23,Tijuana,Meter_v2,41,1,9.1
258,2026-08-24,Tijuana,Meter_v2,41,1,9.7
258,2026-08-25,Tijuana,Meter_v2,41,1,8.4
258,2026-08-26,Tijuana,Meter_v2,41,1,12.0
258,2026-08-27,Tijuana,Meter_v2,41,1,14.8
258,2026-08-28,Tijuana,Meter_v2,41,1,7.8
258,2026-08-29,Tijuana,Meter_v2,41,1,10.2
258,2026-08-30,Tijuana,Meter_v2,41,1,9.0
258,2026-08-31,Tijuana,Meter_v2,41,1,14.4
258,2026-09-01,Tijuana,Meter_v2,41,1,8.7
259,2026-08-12,Tijuana,Meter_Audio_v1,17,1,7.2
259,2026-08-13,Tijuana,Meter_Audio_v1,17,1,6.5
259,2026-08-14,Tijuana,Meter_Audio_v1,17,1,8.3
259,2026-08-15,Tijuana,Meter_Audio_v1,17,1,13.0
259,2026-08-16,Tijuana,Meter_Audio_v1,17,1,7.5
259,2026-08-17,Tijuana,Meter_Audio_v1,17,1,11.6
259,2026-08-18,Tijuana,Meter_Audio_v1,17,1,12.0
259,2026-08-19,Tijuana,Meter_Audio_v1,17,1,8.9
259,2026-08-20,Tijuana,Meter_Audio_v1,17,1,11.7
259,2026-08-21,Tijuana,Meter_Audio_v1,17,1,9.8
259,2026-08-22,Tijuana,Meter_Audio_v1,17,1,11.5
259,2026-08-23,Tijuana,Meter_Audio_v1,17,1,9.6
259,2026-08-24,Tijuana,Meter_Audio_v1,17,1,6.8
259,2026-08-25,Tijuana,Meter_Audio_v1,17,1,8.3
259,2026-08-26,Tijuana,Meter_Audio_v1,17,1,14.2
259,2026-08-27,Tijuana,Meter_Audio_v1,17,1,9.4
259,2026-08-28,Tijuana,Meter_Audio_v1,17,1,7.3
259,2026-08-29,Tijuana,Meter_Audio_v1,17,1,12.1
259,2026-08-30,Tijuana,Meter_Audio_v1,17,1,12.7
259,2026-08-31,Tijuana,Meter_Audio_v1,17,1,10.0
259,2026-09-01,Tijuana,Meter_Audio_v1,17,1,7.0
260,2026-08-12,Guadalajara,Meter_v3,8,1,6.7
260,2026-08-13,Guadalajara,Meter_v3,8,1,14.3
260,2026-08-14,Guadalajara,Meter_v3,8,1,13.5
260,2026-08-15,Guadalajara,Meter_v3,8,1,14.0
260,2026-08-16,Guadalajara,Meter_v3,8,1,11.0
260,2026-08-17,Guadalajara,Meter_v3,8,1,12.4
260,2026-08-18,Guadalajara,Meter_v3,8,1,9.9
260,2026-08-19,Guadalajara,Meter_v3,8,1,8.7
260,2026-08-20,Guadalajara,Meter_v3,8,1,12.9
260,2026-08-21,Guadalajara,Meter_v3,8,1,9.9
260,2026-08-22,Guadalajara,Meter_v3,8,1,6.2
260,2026-08-23,Guadalajara,Meter_v3,8,1,11.0
260,2026-08-24,Guadalajara,Meter_v3,8,1,12.4
260,2026-08-25,Guadalajara,Meter_v3,8,1,8.6
260,2026-08-26,Guadalajara,Meter_v3,8,1,8.8
260,2026-08-27,Guadalajara,Meter_v3,8,1,12.2
260,2026-08-28,Guadalajara,Meter_v3,8,1,6.6
260,2026-08-29,Guadalajara,Meter_v3,8,1,8.1
260,2026-08-30,Guadalajara,Meter_v3,8,1,10.8
260,2026-08-31,Guadalajara,Meter_v3,8,1,12.9
260,2026-09-01,Guadalajara,Meter_v3,8,1,6.4
261,2026-08-12,Puebla,Meter_Audio_v1,76,1,13.4
261,2026-08-13,Puebla,Meter_Audio_v1,76,0,0.7
261,2026-08-14,Puebla,Meter_Audio_v1,76,1,6.9
261,2026-08-15,Puebla,Meter_Audio_v1,76,1,12.9
261,2026-08-16,Puebla,Meter_Audio_v1,76,1,6.1
261,2026-08-17,Puebla,Meter_Audio_v1,76,1,12.3
261,2026-08-18,Puebla,Meter_Audio_v1,76,1,12.1
261,2026-08-19,Puebla,Meter_Audio_v1,76,1,11.8
261,2026-08-20,Puebla,Meter_Audio_v1,76,1,9.8
261,2026-08-21,Puebla,Meter_Audio_v1,76,1,8.5
261,2026-08-22,Puebla,Meter_Audio_v1,76,1,12.9
261,2026-08-23,Puebla,Meter_Audio_v1,76,0,2.9
261,2026-08-24,Puebla,Meter_Audio_v1,76,1,10.6
261,2026-08-25,Puebla,Meter_Audio_v1,76,1,6.2
261,2026-08-26,Puebla,Meter_Audio_v1,76,1,7.2
261,2026-08-27,Puebla,Meter_Audio_v1,76,1,10.0
261,2026-08-28,Puebla,Meter_Audio_v1,76,1,14.4
261,2026-08-29,Puebla,Meter_Audio_v1,76,1,10.7
261,2026-08-30,Puebla,Meter_Audio_v1,76,1,14.9
261,2026-08-31,Puebla,Meter_Audio_v1,76,0,1.7
261,2026-09-01,Puebla,Meter_Audio_v1,76,1,14.2
262,2026-08-12,Monterrey,Meter_v2,3,1,12.0
262,2026-08-13,Monterrey,Meter_v2,3,1,6.9
262,2026-08-14,Monterrey,Meter_v2,3,0,1.9
262,2026-08-15,Monterrey,Meter_v2,3,1,7.8
262,2026-08-16,Monterrey,Meter_v2,3,1,10.3
262,2026-08-17,Monterrey,Meter_v2,3,0,0.9
262,2026-08-18,Monterrey,Meter_v2,3,1,7.6
262,2026-08-19,Monterrey,Meter_v2,3,1,8.6
262,2026-08-20,Monterrey,Meter_v2,3,1,14.4
262,2026-08-21,Monterrey,Meter_v2,3,1,12.4
262,2026-08-22,Monterrey,Meter_v2,3,1,13.8
262,2026-08-23,Monterrey,Meter_v2,3,1,14.6
262,2026-08-24,Monterrey,Meter_v2,3,1,12.9
262,2026-08-25,Monterrey,Meter_v2,3,1,12.1
262,2026-08-26,Monterrey,Meter_v2,3,1,11.5
262,2026-08-27,Monterrey,Meter_v2,3,1,12.3
262,2026-08-28,Monterrey,Meter_v2,3,1,6.5
262,2026-08-29,Monterrey,Meter_v2,3,1,9.4
262,2026-08-30,Monterrey,Meter_v2,3,1,10.1
262,2026-08-31,Monterrey,Meter_v2,3,1,11.0
262,2026-09-01,Monterrey,Meter_v2,3,1,13.6
263,2026-08-12,Guadalajara,Meter_Audio_v1,1,1,8.2
263,2026-08-13,Guadalajara,Meter_Audio_v1,1,1,14.5
263,2026-08-14,Guadalajara,Meter_Audio_v1,1,1,8.3
263,2026-08-15,Guadalajara,Meter_Audio_v1,1,1,6.7
263,2026-08-16,Guadalajara,Meter_Audio_v1,1,1,14.7
263,2026-08-17,Guadalajara,Meter_Audio_v1,1,1,7.4
263,2026-08-18,Guadalajara,Meter_Audio_v1,1,1,11.6
263,2026-08-19,Guadalajara,Meter_Audio_v1,1,1,9.0
263,2026-08-20,Guadalajara,Meter_Audio_v1,1,1,9.8
263,2026-08-21,Guadalajara,Meter_Audio_v1,1,1,14.4
263,2026-08-22,Guadalajara,Meter_Audio_v1,1,1,13.8
263,2026-08-23,Guadalajara,Meter_Audio_v1,1,1,14.1
263,2026-08-24,Guadalajara,Meter_Audio_v1,1,1,14.0
263,2026-08-25,Guadalajara,Meter_Audio_v1,1,1,7.8
263,2026-08-26,Guadalajara,Meter_Audio_v1,1,1,8.2
263,2026-08-27,Guadalajara,Meter_Audio_v1,1,0,2.4
263,2026-08-28,Guadalajara,Meter_Audio_v1,1,1,8.5
263,2026-08-29,Guadalajara,Meter_Audio_v1,1,1,7.0
263,2026-08-30,Guadalajara,Meter_Audio_v1,1,1,12.5
263,2026-08-31,Guadalajara,Meter_Audio_v1,1,1,10.4
263,2026-09-01,Guadalajara,Meter_Audio_v1,1,1,13.1
264,2026-08-12,Guadalajara,Meter_v3,24,1,8.1
264,2026-08-13,Guadalajara,Meter_v3,24,1,13.9
264,2026-08-14,Guadalajara,Meter_v3,24,1,6.5
264,2026-08-15,Guadalajara,Meter_v3,24,1,10.0
264,2026-08-16,Guadalajara,Meter_v3,24,1,11.4
264,2026-08-17,Guadalajara,Meter_v3,24,1,12.0
264,2026-08-18,Guadalajara,Meter_v3,24,1,13.3
264,2026-08-19,Guadalajara,Meter_v3,24,1,13.9
264,2026-08-20,Guadalajara,Meter_v3,24,0,1.4
264,2026-08-21,Guadalajara,Meter_v3,24,1,7.6
264,2026-08-22,Guadalajara,Meter_v3,24,1,14.3
264,2026-08-23,Guadalajara,Meter_v3,24,1,12.9
264,2026-08-24,Guadalajara,Meter_v3,24,1,9.3
264,2026-08-25,Guadalajara,Meter_v3,24,1,12.0
264,2026-08-26,Guadalajara,Meter_v3,24,0,0.9
264,2026-08-27,Guadalajara,Meter_v3,24,1,13.3
264,2026-08-28,Guadalajara,Meter_v3,24,1,9.0
264,2026-08-29,Guadalajara,Meter_v3,24,1,8.8
264,2026-08-30,Guadalajara,Meter_v3,24,1,13.2
264,2026-08-31,Guadalajara,Meter_v3,24,0,2.1
264,2026-09-01,Guadalajara,Meter_v3,24,1,7.6
265,2026-08-12,Guadalajara,Meter_v3,9,1,12.8
265,2026-08-13,Guadalajara,Meter_v3,9,1,7.4
265,2026-08-14,Guadalajara,Meter_v3,9,1,11.6
265,2026-08-15,Guadalajara,Meter_v3,9,1,8.3
265,2026-08-16,Guadalajara,Meter_v3,9,1,11.3
265,2026-08-17,Guadalajara,Meter_v3,9,1,12.6
265,2026-08-18,Guadalajara,Meter_v3,9,1,8.1
265,2026-08-19,Guadalajara,Meter_v3,9,0,2.4
265,2026-08-20,Guadalajara,Meter_v3,9,1,11.5
265,2026-08-21,Guadalajara,Meter_v3,9,1,9.2
265,2026-08-22,Guadalajara,Meter_v3,9,1,7.2
265,2026-08-23,Guadalajara,Meter_v3,9,1,8.6
265,2026-08-24,Guadalajara,Meter_v3,9,1,14.7
265,2026-08-25,Guadalajara,Meter_v3,9,1,11.0
265,2026-08-26,Guadalajara,Meter_v3,9,1,12.6
265,2026-08-27,Guadalajara,Meter_v3,9,1,7.8
265,2026-08-28,Guadalajara,Meter_v3,9,1,10.4
265,2026-08-29,Guadalajara,Meter_v3,9,1,13.9
265,2026-08-30,Guadalajara,Meter_v3,9,1,11.4
265,2026-08-31,Guadalajara,Meter_v3,9,1,12.6
265,2026-09-01,Guadalajara,Meter_v3,9,1,11.2
266,2026-08-12,Tijuana,Meter_v2,9,1,10.6
266,2026-08-13,Tijuana,Meter_v2,9,1,6.4
266,2026-08-14,Tijuana,Meter_v2,9,1,10.3
266,2026-08-15,Tijuana,Meter_v2,9,1,11.2
266,2026-08-16,Tijuana,Meter_v2,9,1,8.7
266,2026-08-17,Tijuana,Meter_v2,9,1,6.1
266,2026-08-18,Tijuana,Meter_v2,9,1,12.9
266,2026-08-19,Tijuana,Meter_v2,9,1,14.2
266,2026-08-20,Tijuana,Meter_v2,9,1,12.0
266,2026-08-21,Tijuana,Meter_v2,9,1,12.9
266,2026-08-22,Tijuana,Meter_v2,9,1,7.9
266,2026-08-23,Tijuana,Meter_v2,9,1,13.2
266,2026-08-24,Tijuana,Meter_v2,9,0,0.3
266,2026-08-25,Tijuana,Meter_v2,9,1,14.3
266,2026-08-26,Tijuana,Meter_v2,9,1,6.2
266,2026-08-27,Tijuana,Meter_v2,9,1,12.0
266,2026-08-28,Tijuana,Meter_v2,9,1,14.8
266,2026-08-29,Tijuana,Meter_v2,9,1,10.5
266,2026-08-30,Tijuana,Meter_v2,9,1,11.5
266,2026-08-31,Tijuana,Meter_v2,9,0,2.0
266,2026-09-01,Tijuana,Meter_v2,9,1,12.5
267,2026-08-12,Puebla,Meter_v3,38,1,11.4
267,2026-08-13,Puebla,Meter_v3,38,1,9.5
267,2026-08-14,Puebla,Meter_v3,38,1,13.0
267,2026-08-15,Puebla,Meter_v3,38,0,1.1
267,2026-08-16,Puebla,Meter_v3,38,1,6.2
267,2026-08-17,Puebla,Meter_v3,38,1,9.5
267,2026-08-18,Puebla,Meter_v3,38,1,13.4
267,2026-08-19,Puebla,Meter_v3,38,1,8.0
267,2026-08-20,Puebla,Meter_v3,38,0,2.8
267,2026-08-21,Puebla,Meter_v3,38,1,13.1
267,2026-08-22,Puebla,Meter_v3,38,1,13.0
267,2026-08-23,Puebla,Meter_v3,38,1,6.1
267,2026-08-24,Puebla,Meter_v3,38,1,9.1
267,2026-08-25,Puebla,Meter_v3,38,1,12.2
267,2026-08-26,Puebla,Meter_v3,38,1,14.9
267,2026-08-27,Puebla,Meter_v3,38,1,6.5
267,2026-08-28,Puebla,Meter_v3,38,1,9.0
267,2026-08-29,Puebla,Meter_v3,38,0,1.5
267,2026-08-30,Puebla,Meter_v3,38,1,7.1
267,2026-08-31,Puebla,Meter_v3,38,1,13.3
267,2026-09-01,Puebla,Meter_v3,38,1,9.7
268,2026-08-12,Tijuana,Meter_v3,8,1,8.9
268,2026-08-13,Tijuana,Meter_v3,8,1,10.8
268,2026-08-14,Tijuana,Meter_v3,8,1,13.9
268,2026-08-15,Tijuana,Meter_v3,8,1,13.3
268,2026-08-16,Tijuana,Meter_v3,8,1,9.3
268,2026-08-17,Tijuana,Meter_v3,8,1,6.9
268,2026-08-18,Tijuana,Meter_v3,8,1,7.2
268,2026-08-19,Tijuana,Meter_v3,8,1,11.4
268,2026-08-20,Tijuana,Meter_v3,8,1,10.3
268,2026-08-21,Tijuana,Meter_v3,8,1,9.1
268,2026-08-22,Tijuana,Meter_v3,8,1,9.7
268,2026-08-23,Tijuana,Meter_v3,8,1,9.0
268,2026-08-24,Tijuana,Meter_v3,8,1,8.9
268,2026-08-25,Tijuana,Meter_v3,8,1,14.1
268,2026-08-26,Tijuana,Meter_v3,8,1,13.0
268,2026-08-27,Tijuana,Meter_v3,8,1,6.5
268,2026-08-28,Tijuana,Meter_v3,8,1,7.7
268,2026-08-29,Tijuana,Meter_v3,8,1,9.0
268,2026-08-30,Tijuana,Meter_v3,8,1,7.3
268,2026-08-31,Tijuana,Meter_v3,8,1,12.9
268,2026-09-01,Tijuana,Meter_v3,8,1,7.0
269,2026-08-12,Guadalajara,Meter_Audio_v1,40,1,7.3
269,2026-08-13,Guadalajara,Meter_Audio_v1,40,1,7.6
269,2026-08-14,Guadalajara,Meter_Audio_v1,40,1,6.7
269,2026-08-15,Guadalajara,Meter_Audio_v1,40,0,2.6
269,2026-08-16,Guadalajara,Meter_Audio_v1,40,1,14.8
269,2026-08-17,Guadalajara,Meter_Audio_v1,40,1,8.5
269,2026-08-18,Guadalajara,Meter_Audio_v1,40,1,8.4
269,2026-08-19,Guadalajara,Meter_Audio_v1,40,1,9.3
269,2026-08-20,Guadalajara,Meter_Audio_v1,40,1,11.6
269,2026-08-21,Guadalajara,Meter_Audio_v1,40,1,12.4
269,2026-08-22,Guadalajara,Meter_Audio_v1,40,1,6.6
269,2026-08-23,Guadalajara,Meter_Audio_v1,40,1,13.9
269,2026-08-24,Guadalajara,Meter_Audio_v1,40,1,13.0
269,2026-08-25,Guadalajara,Meter_Audio_v1,40,1,10.1
269,2026-08-26,Guadalajara,Meter_Audio_v1,40,1,6.8
269,2026-08-27,Guadalajara,Meter_Audio_v1,40,1,9.6
269,2026-08-28,Guadalajara,Meter_Audio_v1,40,1,9.0
269,2026-08-29,Guadalajara,Meter_Audio_v1,40,1,13.5
269,2026-08-30,Guadalajara,Meter_Audio_v1,40,1,11.1
269,2026-08-31,Guadalajara,Meter_Audio_v1,40,1,9.9
269,2026-09-01,Guadalajara,Meter_Audio_v1,40,1,7.8
270,2026-08-12,CDMX,Meter_v2,19,1,13.2
270,2026-08-13,CDMX,Meter_v2,19,1,11.5
270,2026-08-14,CDMX,Meter_v2,19,1,8.4
270,2026-08-15,CDMX,Meter_v2,19,1,8.6
270,2026-08-16,CDMX,Meter_v2,19,0,1.3
270,2026-08-17,CDMX,Meter_v2,19,1,6.4
270,2026-08-18,CDMX,Meter_v2,19,1,9.0
270,2026-08-19,CDMX,Meter_v2,19,1,6.2
270,2026-08-20,CDMX,Meter_v2,19,1,14.0
270,2026-08-21,CDMX,Meter_v2,19,1,9.0
270,2026-08-22,CDMX,Meter_v2,19,1,10.6
270,2026-08-23,CDMX,Meter_v2,19,1,6.5
270,2026-08-24,CDMX,Meter_v2,19,1,7.2
270,2026-08-25,CDMX,Meter_v2,19,1,11.7
270,2026-08-26,CDMX,Meter_v2,19,1,11.5
270,2026-08-27,CDMX,Meter_v2,19,1,14.4
270,2026-08-28,CDMX,Meter_v2,19,1,12.9
270,2026-08-29,CDMX,Meter_v2,19,1,13.8
270,2026-08-30,CDMX,Meter_v2,19,1,6.1
270,2026-08-31,CDMX,Meter_v2,19,1,11.6
270,2026-09-01,CDMX,Meter_v2,19,1,10.9
271,2026-08-12,Guadalajara,Meter_v3,8,1,8.9
271,2026-08-13,Guadalajara,Meter_v3,8,1,13.1
271,2026-08-14,Guadalajara,Meter_v3,8,1,7.8
271,2026-08-15,Guadalajara,Meter_v3,8,1,14.9
271,2026-08-16,Guadalajara,Meter_v3,8,1,13.2
271,2026-08-17,Guadalajara,Meter_v3,8,0,2.3
271,2026-08-18,Guadalajara,Meter_v3,8,1,11.6
271,2026-08-19,Guadalajara,Meter_v3,8,1,13.3
271,2026-08-20,Guadalajara,Meter_v3,8,1,10.0
271,2026-08-21,Guadalajara,Meter_v3,8,1,8.4
271,2026-08-22,Guadalajara,Meter_v3,8,1,11.4
271,2026-08-23,Guadalajara,Meter_v3,8,1,14.5
271,2026-08-24,Guadalajara,Meter_v3,8,1,7.1
271,2026-08-25,Guadalajara,Meter_v3,8,1,12.1
271,2026-08-26,Guadalajara,Meter_v3,8,1,12.9
271,2026-08-27,Guadalajara,Meter_v3,8,1,13.0
271,2026-08-28,Guadalajara,Meter_v3,8,1,14.5
271,2026-08-29,Guadalajara,Meter_v3,8,1,12.6
271,2026-08-30,Guadalajara,Meter_v3,8,0,1.9
271,2026-08-31,Guadalajara,Meter_v3,8,1,7.9
271,2026-09-01,Guadalajara,Meter_v3,8,1,9.3
272,2026-08-12,CDMX,Meter_v2,2,1,14.6
272,2026-08-13,CDMX,Meter_v2,2,1,11.5
272,2026-08-14,CDMX,Meter_v2,2,0,2.3
272,2026-08-15,CDMX,Meter_v2,2,0,0.7
272,2026-08-16,CDMX,Meter_v2,2,1,11.5
272,2026-08-17,CDMX,Meter_v2,2,1,7.3
272,2026-08-18,CDMX,Meter_v2,2,0,0.7
272,2026-08-19,CDMX,Meter_v2,2,1,8.0
272,2026-08-20,CDMX,Meter_v2,2,1,10.9
272,2026-08-21,CDMX,Meter_v2,2,1,11.2
272,2026-08-22,CDMX,Meter_v2,2,1,14.1
272,2026-08-23,CDMX,Meter_v2,2,1,9.8
272,2026-08-24,CDMX,Meter_v2,2,1,6.6
272,2026-08-25,CDMX,Meter_v2,2,1,10.9
272,2026-08-26,CDMX,Meter_v2,2,1,7.1
272,2026-08-27,CDMX,Meter_v2,2,1,12.6
272,2026-08-28,CDMX,Meter_v2,2,1,6.6
272,2026-08-29,CDMX,Meter_v2,2,1,11.2
272,2026-08-30,CDMX,Meter_v2,2,0,1.0
272,2026-08-31,CDMX,Meter_v2,2,1,12.0
272,2026-09-01,CDMX,Meter_v2,2,1,14.9
273,2026-08-12,Guadalajara,Meter_v2,6,1,10.7
273,2026-08-13,Guadalajara,Meter_v2,6,0,2.9
273,2026-08-14,Guadalajara,Meter_v2,6,1,10.5
273,2026-08-15,Guadalajara,Meter_v2,6,1,6.3
273,2026-08-16,Guadalajara,Meter_v2,6,1,11.5
273,2026-08-17,Guadalajara,Meter_v2,6,1,14.4
273,2026-08-18,Guadalajara,Meter_v2,6,1,13.5
273,2026-08-19,Guadalajara,Meter_v2,6,1,13.6
273,2026-08-20,Guadalajara,Meter_v2,6,1,12.4
273,2026-08-21,Guadalajara,Meter_v2,6,1,12.8
273,2026-08-22,Guadalajara,Meter_v2,6,1,13.0
273,2026-08-23,Guadalajara,Meter_v2,6,1,13.6
273,2026-08-24,Guadalajara,Meter_v2,6,1,8.9
273,2026-08-25,Guadalajara,Meter_v2,6,1,8.0
273,2026-08-26,Guadalajara,Meter_v2,6,1,6.4
273,2026-08-27,Guadalajara,Meter_v2,6,1,7.9
273,2026-08-28,Guadalajara,Meter_v2,6,1,13.6
273,2026-08-29,Guadalajara,Meter_v2,6,1,6.4
273,2026-08-30,Guadalajara,Meter_v2,6,1,10.5
273,2026-08-31,Guadalajara,Meter_v2,6,1,12.0
273,2026-09-01,Guadalajara,Meter_v2,6,1,9.3
274,2026-08-12,Monterrey,Meter_Audio_v1,63,1,11.4
274,2026-08-13,Monterrey,Meter_Audio_v1,63,1,10.4
274,2026-08-14,Monterrey,Meter_Audio_v1,63,1,11.3
274,2026-08-15,Monterrey,Meter_Audio_v1,63,1,7.6
274,2026-08-16,Monterrey,Meter_Audio_v1,63,1,14.5
274,2026-08-17,Monterrey,Meter_Audio_v1,63,1,12.4
274,2026-08-18,Monterrey,Meter_Audio_v1,63,1,14.6
274,2026-08-19,Monterrey,Meter_Audio_v1,63,1,12.7
274,2026-08-20,Monterrey,Meter_Audio_v1,63,0,0.9
274,2026-08-21,Monterrey,Meter_Audio_v1,63,1,10.8
274,2026-08-22,Monterrey,Meter_Audio_v1,63,1,11.2
274,2026-08-23,Monterrey,Meter_Audio_v1,63,1,14.8
274,2026-08-24,Monterrey,Meter_Audio_v1,63,1,9.1
274,2026-08-25,Monterrey,Meter_Audio_v1,63,1,11.2
274,2026-08-26,Monterrey,Meter_Audio_v1,63,1,6.4
274,2026-08-27,Monterrey,Meter_Audio_v1,63,1,11.1
274,2026-08-28,Monterrey,Meter_Audio_v1,63,0,1.0
274,2026-08-29,Monterrey,Meter_Audio_v1,63,0,1.3
274,2026-08-30,Monterrey,Meter_Audio_v1,63,1,12.3
274,2026-08-31,Monterrey,Meter_Audio_v1,63,0,2.8
274,2026-09-01,Monterrey,Meter_Audio_v1,63,1,6.7
275,2026-08-12,Guadalajara,Meter_v3,10,1,11.0
275,2026-08-13,Guadalajara,Meter_v3,10,1,11.8
275,2026-08-14,Guadalajara,Meter_v3,10,1,14.0
275,2026-08-15,Guadalajara,Meter_v3,10,1,14.5
275,2026-08-16,Guadalajara,Meter_v3,10,1,11.6
275,2026-08-17,Guadalajara,Meter_v3,10,1,14.5
275,2026-08-18,Guadalajara,Meter_v3,10,1,9.9
275,2026-08-19,Guadalajara,Meter_v3,10,0,0.9
275,2026-08-20,Guadalajara,Meter_v3,10,1,9.7
275,2026-08-21,Guadalajara,Meter_v3,10,1,11.2
275,2026-08-22,Guadalajara,Meter_v3,10,1,11.1
275,2026-08-23,Guadalajara,Meter_v3,10,1,13.5
275,2026-08-24,Guadalajara,Meter_v3,10,1,7.5
275,2026-08-25,Guadalajara,Meter_v3,10,1,8.2
275,2026-08-26,Guadalajara,Meter_v3,10,1,6.0
275,2026-08-27,Guadalajara,Meter_v3,10,1,7.6
275,2026-08-28,Guadalajara,Meter_v3,10,1,6.1
275,2026-08-29,Guadalajara,Meter_v3,10,0,1.8
275,2026-08-30,Guadalajara,Meter_v3,10,1,6.8
275,2026-08-31,Guadalajara,Meter_v3,10,1,10.9
275,2026-09-01,Guadalajara,Meter_v3,10,1,11.9
276,2026-08-12,Puebla,Meter_v2,4,1,6.4
276,2026-08-13,Puebla,Meter_v2,4,1,7.3
276,2026-08-14,Puebla,Meter_v2,4,0,0.2
276,2026-08-15,Puebla,Meter_v2,4,1,10.8
276,2026-08-16,Puebla,Meter_v2,4,1,13.0
276,2026-08-17,Puebla,Meter_v2,4,1,14.6
276,2026-08-18,Puebla,Meter_v2,4,1,14.5
276,2026-08-19,Puebla,Meter_v2,4,1,10.0
276,2026-08-20,Puebla,Meter_v2,4,1,13.5
276,2026-08-21,Puebla,Meter_v2,4,1,13.5
276,2026-08-22,Puebla,Meter_v2,4,1,12.6
276,2026-08-23,Puebla,Meter_v2,4,1,8.6
276,2026-08-24,Puebla,Meter_v2,4,1,11.0
276,2026-08-25,Puebla,Meter_v2,4,1,7.0
276,2026-08-26,Puebla,Meter_v2,4,1,7.6
276,2026-08-27,Puebla,Meter_v2,4,1,13.9
276,2026-08-28,Puebla,Meter_v2,4,1,13.6
276,2026-08-29,Puebla,Meter_v2,4,1,9.1
276,2026-08-30,Puebla,Meter_v2,4,1,8.1
276,2026-08-31,Puebla,Meter_v2,4,1,10.6
276,2026-09-01,Puebla,Meter_v2,4,1,7.9
277,2026-08-12,Tijuana,Meter_v3,7,1,6.2
277,2026-08-13,Tijuana,Meter_v3,7,1,9.5
277,2026-08-14,Tijuana,Meter_v3,7,1,13.4
277,2026-08-15,Tijuana,Meter_v3,7,1,11.7
277,2026-08-16,Tijuana,Meter_v3,7,1,7.1
277,2026-08-17,Tijuana,Meter_v3,7,1,13.0
277,2026-08-18,Tijuana,Meter_v3,7,1,12.1
277,2026-08-19,Tijuana,Meter_v3,7,1,14.8
277,2026-08-20,Tijuana,Meter_v3,7,1,8.9
277,2026-08-21,Tijuana,Meter_v3,7,1,7.1
277,2026-08-22,Tijuana,Meter_v3,7,1,11.0
277,2026-08-23,Tijuana,Meter_v3,7,1,10.4
277,2026-08-24,Tijuana,Meter_v3,7,1,11.2
277,2026-08-25,Tijuana,Meter_v3,7,1,7.0
277,2026-08-26,Tijuana,Meter_v3,7,1,11.5
277,2026-08-27,Tijuana,Meter_v3,7,1,11.9
277,2026-08-28,Tijuana,Meter_v3,7,1,11.2
277,2026-08-29,Tijuana,Meter_v3,7,1,12.9
277,2026-08-30,Tijuana,Meter_v3,7,1,7.1
277,2026-08-31,Tijuana,Meter_v3,7,1,6.9
277,2026-09-01,Tijuana,Meter_v3,7,1,6.2
278,2026-08-12,Tijuana,Meter_v2,42,1,12.8
278,2026-08-13,Tijuana,Meter_v2,42,1,13.6
278,2026-08-14,Tijuana,Meter_v2,42,1,13.3
278,2026-08-15,Tijuana,Meter_v2,42,1,14.4
278,2026-08-16,Tijuana,Meter_v2,42,1,9.8
278,2026-08-17,Tijuana,Meter_v2,42,0,1.6
278,2026-08-18,Tijuana,Meter_v2,42,1,12.0
278,2026-08-19,Tijuana,Meter_v2,42,1,13.9
278,2026-08-20,Tijuana,Meter_v2,42,0,1.2
278,2026-08-21,Tijuana,Meter_v2,42,1,14.2
278,2026-08-22,Tijuana,Meter_v2,42,1,9.4
278,2026-08-23,Tijuana,Meter_v2,42,1,7.4
278,2026-08-24,Tijuana,Meter_v2,42,1,8.7
278,2026-08-25,Tijuana,Meter_v2,42,1,12.9
278,2026-08-26,Tijuana,Meter_v2,42,1,12.8
278,2026-08-27,Tijuana,Meter_v2,42,1,10.1
278,2026-08-28,Tijuana,Meter_v2,42,1,13.3
278,2026-08-29,Tijuana,Meter_v2,42,1,12.3
278,2026-08-30,Tijuana,Meter_v2,42,1,10.8
278,2026-08-31,Tijuana,Meter_v2,42,1,14.0
278,2026-09-01,Tijuana,Meter_v2,42,1,11.4
279,2026-08-12,Monterrey,Meter_v2,4,1,6.8
279,2026-08-13,Monterrey,Meter_v2,4,1,10.7
279,2026-08-14,Monterrey,Meter_v2,4,1,12.2
279,2026-08-15,Monterrey,Meter_v2,4,1,7.9
279,2026-08-16,Monterrey,Meter_v2,4,1,8.7
279,2026-08-17,Monterrey,Meter_v2,4,1,8.2
279,2026-08-18,Monterrey,Meter_v2,4,1,6.3
279,2026-08-19,Monterrey,Meter_v2,4,1,10.5
279,2026-08-20,Monterrey,Meter_v2,4,1,13.5
279,2026-08-21,Monterrey,Meter_v2,4,1,13.9
279,2026-08-22,Monterrey,Meter_v2,4,1,13.2
279,2026-08-23,Monterrey,Meter_v2,4,1,6.7
279,2026-08-24,Monterrey,Meter_v2,4,1,8.1
279,2026-08-25,Monterrey,Meter_v2,4,1,8.1
279,2026-08-26,Monterrey,Meter_v2,4,1,14.7
279,2026-08-27,Monterrey,Meter_v2,4,1,9.0
279,2026-08-28,Monterrey,Meter_v2,4,1,6.8
279,2026-08-29,Monterrey,Meter_v2,4,1,7.5
279,2026-08-30,Monterrey,Meter_v2,4,1,12.6
279,2026-08-31,Monterrey,Meter_v2,4,1,11.4
279,2026-09-01,Monterrey,Meter_v2,4,1,11.2
280,2026-08-12,Tijuana,Meter_v3,28,1,8.5
280,2026-08-13,Tijuana,Meter_v3,28,0,0.6
280,2026-08-14,Tijuana,Meter_v3,28,1,9.3
280,2026-08-15,Tijuana,Meter_v3,28,1,11.7
280,2026-08-16,Tijuana,Meter_v3,28,1,8.0
280,2026-08-17,Tijuana,Meter_v3,28,1,14.4
280,2026-08-18,Tijuana,Meter_v3,28,1,7.4
280,2026-08-19,Tijuana,Meter_v3,28,1,10.1
280,2026-08-20,Tijuana,Meter_v3,28,1,14.4
280,2026-08-21,Tijuana,Meter_v3,28,1,10.8
280,2026-08-22,Tijuana,Meter_v3,28,1,10.2
280,2026-08-23,Tijuana,Meter_v3,28,1,9.8
280,2026-08-24,Tijuana,Meter_v3,28,1,10.5
280,2026-08-25,Tijuana,Meter_v3,28,1,11.9
280,2026-08-26,Tijuana,Meter_v3,28,0,1.8
280,2026-08-27,Tijuana,Meter_v3,28,1,7.6
280,2026-08-28,Tijuana,Meter_v3,28,0,1.5
280,2026-08-29,Tijuana,Meter_v3,28,1,11.3
280,2026-08-30,Tijuana,Meter_v3,28,1,13.5
280,2026-08-31,Tijuana,Meter_v3,28,0,0.7
280,2026-09-01,Tijuana,Meter_v3,28,1,9.0
281,2026-08-12,Monterrey,Meter_v2,3,1,12.4
281,2026-08-13,Monterrey,Meter_v2,3,1,6.1
281,2026-08-14,Monterrey,Meter_v2,3,1,14.4
281,2026-08-15,Monterrey,Meter_v2,3,1,7.7
281,2026-08-16,Monterrey,Meter_v2,3,1,8.3
281,2026-08-17,Monterrey,Meter_v2,3,0,0.8
281,2026-08-18,Monterrey,Meter_v2,3,1,8.0
281,2026-08-19,Monterrey,Meter_v2,3,1,10.9
281,2026-08-20,Monterrey,Meter_v2,3,1,14.5
281,2026-08-21,Monterrey,Meter_v2,3,1,14.1
281,2026-08-22,Monterrey,Meter_v2,3,1,8.8
281,2026-08-23,Monterrey,Meter_v2,3,1,9.3
281,2026-08-24,Monterrey,Meter_v2,3,1,9.0
281,2026-08-25,Monterrey,Meter_v2,3,1,11.8
281,2026-08-26,Monterrey,Meter_v2,3,1,8.5
281,2026-08-27,Monterrey,Meter_v2,3,0,2.2
281,2026-08-28,Monterrey,Meter_v2,3,1,9.6
281,2026-08-29,Monterrey,Meter_v2,3,1,6.8
281,2026-08-30,Monterrey,Meter_v2,3,1,9.8
281,2026-08-31,Monterrey,Meter_v2,3,1,9.0
281,2026-09-01,Monterrey,Meter_v2,3,1,6.9
282,2026-08-12,Monterrey,Meter_v2,59,1,9.1
282,2026-08-13,Monterrey,Meter_v2,59,1,10.0
282,2026-08-14,Monterrey,Meter_v2,59,1,6.1
282,2026-08-15,Monterrey,Meter_v2,59,1,10.7
282,2026-08-16,Monterrey,Meter_v2,59,1,9.3
282,2026-08-17,Monterrey,Meter_v2,59,1,12.2
282,2026-08-18,Monterrey,Meter_v2,59,1,10.2
282,2026-08-19,Monterrey,Meter_v2,59,1,8.9
282,2026-08-20,Monterrey,Meter_v2,59,1,13.4
282,2026-08-21,Monterrey,Meter_v2,59,0,2.4
282,2026-08-22,Monterrey,Meter_v2,59,1,9.3
282,2026-08-23,Monterrey,Meter_v2,59,1,13.3
282,2026-08-24,Monterrey,Meter_v2,59,1,7.6
282,2026-08-25,Monterrey,Meter_v2,59,1,14.1
282,2026-08-26,Monterrey,Meter_v2,59,1,11.8
282,2026-08-27,Monterrey,Meter_v2,59,1,11.7
282,2026-08-28,Monterrey,Meter_v2,59,1,6.6
282,2026-08-29,Monterrey,Meter_v2,59,1,8.2
282,2026-08-30,Monterrey,Meter_v2,59,1,14.3
282,2026-08-31,Monterrey,Meter_v2,59,1,15.0
282,2026-09-01,Monterrey,Meter_v2,59,1,14.8
283,2026-08-12,Guadalajara,Meter_Audio_v1,14,1,8.1
283,2026-08-13,Guadalajara,Meter_Audio_v1,14,1,11.2
283,2026-08-14,Guadalajara,Meter_Audio_v1,14,1,7.4
283,2026-08-15,Guadalajara,Meter_Audio_v1,14,1,10.6
283,2026-08-16,Guadalajara,Meter_Audio_v1,14,1,9.1
283,2026-08-17,Guadalajara,Meter_Audio_v1,14,1,12.4
283,2026-08-18,Guadalajara,Meter_Audio_v1,14,0,1.3
283,2026-08-19,Guadalajara,Meter_Audio_v1,14,1,10.0
283,2026-08-20,Guadalajara,Meter_Audio_v1,14,1,14.8
283,2026-08-21,Guadalajara,Meter_Audio_v1,14,1,11.8
283,2026-08-22,Guadalajara,Meter_Audio_v1,14,0,0.2
283,2026-08-23,Guadalajara,Meter_Audio_v1,14,1,12.8
283,2026-08-24,Guadalajara,Meter_Audio_v1,14,1,7.3
283,2026-08-25,Guadalajara,Meter_Audio_v1,14,1,14.1
283,2026-08-26,Guadalajara,Meter_Audio_v1,14,1,6.1
283,2026-08-27,Guadalajara,Meter_Audio_v1,14,1,6.5
283,2026-08-28,Guadalajara,Meter_Audio_v1,14,1,14.4
283,2026-08-29,Guadalajara,Meter_Audio_v1,14,1,8.8
283,2026-08-30,Guadalajara,Meter_Audio_v1,14,1,13.2
283,2026-08-31,Guadalajara,Meter_Audio_v1,14,1,6.8
283,2026-09-01,Guadalajara,Meter_Audio_v1,14,1,14.4
284,2026-08-12,Monterrey,Meter_Audio_v1,1,1,8.7
284,2026-08-13,Monterrey,Meter_Audio_v1,1,1,7.9
284,2026-08-14,Monterrey,Meter_Audio_v1,1,1,8.1
284,2026-08-15,Monterrey,Meter_Audio_v1,1,1,11.3
284,2026-08-16,Monterrey,Meter_Audio_v1,1,1,12.6
284,2026-08-17,Monterrey,Meter_Audio_v1,1,1,7.2
284,2026-08-18,Monterrey,Meter_Audio_v1,1,1,11.5
284,2026-08-19,Monterrey,Meter_Audio_v1,1,1,13.3
284,2026-08-20,Monterrey,Meter_Audio_v1,1,1,14.3
284,2026-08-21,Monterrey,Meter_Audio_v1,1,1,14.3
284,2026-08-22,Monterrey,Meter_Audio_v1,1,1,13.3
284,2026-08-23,Monterrey,Meter_Audio_v1,1,0,2.6
284,2026-08-24,Monterrey,Meter_Audio_v1,1,0,0.5
284,2026-08-25,Monterrey,Meter_Audio_v1,1,1,7.5
284,2026-08-26,Monterrey,Meter_Audio_v1,1,1,8.4
284,2026-08-27,Monterrey,Meter_Audio_v1,1,1,9.4
284,2026-08-28,Monterrey,Meter_Audio_v1,1,1,11.2
284,2026-08-29,Monterrey,Meter_Audio_v1,1,1,8.2
284,2026-08-30,Monterrey,Meter_Audio_v1,1,1,13.6
284,2026-08-31,Monterrey,Meter_Audio_v1,1,1,7.6
284,2026-09-01,Monterrey,Meter_Audio_v1,1,1,14.8
285,2026-08-12,Guadalajara,Meter_v2,49,1,14.5
285,2026-08-13,Guadalajara,Meter_v2,49,1,14.0
285,2026-08-14,Guadalajara,Meter_v2,49,1,13.2
285,2026-08-15,Guadalajara,Meter_v2,49,1,11.8
285,2026-08-16,Guadalajara,Meter_v2,49,1,11.0
285,2026-08-17,Guadalajara,Meter_v2,49,1,9.1
285,2026-08-18,Guadalajara,Meter_v2,49,1,6.7
285,2026-08-19,Guadalajara,Meter_v2,49,0,0.1
285,2026-08-20,Guadalajara,Meter_v2,49,1,7.1
285,2026-08-21,Guadalajara,Meter_v2,49,1,10.1
285,2026-08-22,Guadalajara,Meter_v2,49,0,1.1
285,2026-08-23,Guadalajara,Meter_v2,49,1,14.6
285,2026-08-24,Guadalajara,Meter_v2,49,1,11.7
285,2026-08-25,Guadalajara,Meter_v2,49,1,7.0
285,2026-08-26,Guadalajara,Meter_v2,49,1,11.4
285,2026-08-27,Guadalajara,Meter_v2,49,1,12.3
285,2026-08-28,Guadalajara,Meter_v2,49,1,10.9
285,2026-08-29,Guadalajara,Meter_v2,49,1,12.9
285,2026-08-30,Guadalajara,Meter_v2,49,1,8.5
285,2026-08-31,Guadalajara,Meter_v2,49,1,10.2
285,2026-09-01,Guadalajara,Meter_v2,49,1,14.2
286,2026-08-12,CDMX,Meter_v2,8,1,13.1
286,2026-08-13,CDMX,Meter_v2,8,1,6.3
286,2026-08-14,CDMX,Meter_v2,8,1,9.4
286,2026-08-15,CDMX,Meter_v2,8,0,2.5
286,2026-08-16,CDMX,Meter_v2,8,1,12.1
286,2026-08-17,CDMX,Meter_v2,8,1,8.1
286,2026-08-18,CDMX,Meter_v2,8,1,7.9
286,2026-08-19,CDMX,Meter_v2,8,0,0.2
286,2026-08-20,CDMX,Meter_v2,8,1,12.1
286,2026-08-21,CDMX,Meter_v2,8,1,10.7
286,2026-08-22,CDMX,Meter_v2,8,1,14.1
286,2026-08-23,CDMX,Meter_v2,8,1,7.4
286,2026-08-24,CDMX,Meter_v2,8,1,9.9
286,2026-08-25,CDMX,Meter_v2,8,1,13.2
286,2026-08-26,CDMX,Meter_v2,8,1,13.5
286,2026-08-27,CDMX,Meter_v2,8,1,7.6
286,2026-08-28,CDMX,Meter_v2,8,1,6.6
286,2026-08-29,CDMX,Meter_v2,8,1,7.0
286,2026-08-30,CDMX,Meter_v2,8,1,12.8
286,2026-08-31,CDMX,Meter_v2,8,1,9.0
286,2026-09-01,CDMX,Meter_v2,8,1,9.2
287,2026-08-12,Monterrey,Meter_Audio_v1,24,1,11.9
287,2026-08-13,Monterrey,Meter_Audio_v1,24,1,14.5
287,2026-08-14,Monterrey,Meter_Audio_v1,24,1,12.9
287,2026-08-15,Monterrey,Meter_Audio_v1,24,1,12.4
287,2026-08-16,Monterrey,Meter_Audio_v1,24,1,13.9
287,2026-08-17,Monterrey,Meter_Audio_v1,24,1,11.1
287,2026-08-18,Monterrey,Meter_Audio_v1,24,1,13.5
287,2026-08-19,Monterrey,Meter_Audio_v1,24,1,6.1
287,2026-08-20,Monterrey,Meter_Audio_v1,24,1,14.5
287,2026-08-21,Monterrey,Meter_Audio_v1,24,1,11.8
287,2026-08-22,Monterrey,Meter_Audio_v1,24,1,14.7
287,2026-08-23,Monterrey,Meter_Audio_v1,24,1,11.0
287,2026-08-24,Monterrey,Meter_Audio_v1,24,1,9.8
287,2026-08-25,Monterrey,Meter_Audio_v1,24,1,11.6
287,2026-08-26,Monterrey,Meter_Audio_v1,24,1,8.5
287,2026-08-27,Monterrey,Meter_Audio_v1,24,1,6.6
287,2026-08-28,Monterrey,Meter_Audio_v1,24,1,6.1
287,2026-08-29,Monterrey,Meter_Audio_v1,24,1,10.2
287,2026-08-30,Monterrey,Meter_Audio_v1,24,0,1.8
287,2026-08-31,Monterrey,Meter_Audio_v1,24,1,10.6
287,2026-09-01,Monterrey,Meter_Audio_v1,24,1,8.7
288,2026-08-12,Tijuana,Meter_Audio_v1,14,1,7.3
288,2026-08-13,Tijuana,Meter_Audio_v1,14,1,11.3
288,2026-08-14,Tijuana,Meter_Audio_v1,14,1,14.4
288,2026-08-15,Tijuana,Meter_Audio_v1,14,0,0.7
288,2026-08-16,Tijuana,Meter_Audio_v1,14,1,9.6
288,2026-08-17,Tijuana,Meter_Audio_v1,14,1,13.2
288,2026-08-18,Tijuana,Meter_Audio_v1,14,1,11.0
288,2026-08-19,Tijuana,Meter_Audio_v1,14,1,9.2
288,2026-08-20,Tijuana,Meter_Audio_v1,14,1,8.4
288,2026-08-21,Tijuana,Meter_Audio_v1,14,1,8.0
288,2026-08-22,Tijuana,Meter_Audio_v1,14,1,14.3
288,2026-08-23,Tijuana,Meter_Audio_v1,14,1,8.7
288,2026-08-24,Tijuana,Meter_Audio_v1,14,1,10.0
288,2026-08-25,Tijuana,Meter_Audio_v1,14,1,13.3
288,2026-08-26,Tijuana,Meter_Audio_v1,14,1,9.1
288,2026-08-27,Tijuana,Meter_Audio_v1,14,1,10.7
288,2026-08-28,Tijuana,Meter_Audio_v1,14,1,6.4
288,2026-08-29,Tijuana,Meter_Audio_v1,14,1,10.5
288,2026-08-30,Tijuana,Meter_Audio_v1,14,1,9.6
288,2026-08-31,Tijuana,Meter_Audio_v1,14,1,12.9
288,2026-09-01,Tijuana,Meter_Audio_v1,14,1,10.9
289,2026-08-12,CDMX,Meter_Audio_v1,2,1,7.8
289,2026-08-13,CDMX,Meter_Audio_v1,2,1,10.1
289,2026-08-14,CDMX,Meter_Audio_v1,2,1,11.7
289,2026-08-15,CDMX,Meter_Audio_v1,2,1,9.3
289,2026-08-16,CDMX,Meter_Audio_v1,2,1,12.8
289,2026-08-17,CDMX,Meter_Audio_v1,2,1,9.4
289,2026-08-18,CDMX,Meter_Audio_v1,2,1,8.7
289,2026-08-19,CDMX,Meter_Audio_v1,2,1,12.3
289,2026-08-20,CDMX,Meter_Audio_v1,2,1,6.7
289,2026-08-21,CDMX,Meter_Audio_v1,2,1,6.5
289,2026-08-22,CDMX,Meter_Audio_v1,2,1,11.1
289,2026-08-23,CDMX,Meter_Audio_v1,2,1,11.1
289,2026-08-24,CDMX,Meter_Audio_v1,2,1,7.6
289,2026-08-25,CDMX,Meter_Audio_v1,2,1,7.6
289,2026-08-26,CDMX,Meter_Audio_v1,2,1,8.7
289,2026-08-27,CDMX,Meter_Audio_v1,2,1,10.0
289,2026-08-28,CDMX,Meter_Audio_v1,2,1,14.4
289,2026-08-29,CDMX,Meter_Audio_v1,2,1,14.2
289,2026-08-30,CDMX,Meter_Audio_v1,2,1,10.7
289,2026-08-31,CDMX,Meter_Audio_v1,2,1,7.1
289,2026-09-01,CDMX,Meter_Audio_v1,2,1,14.5
290,2026-08-12,Tijuana,Meter_v3,3,1,7.6
290,2026-08-13,Tijuana,Meter_v3,3,1,6.5
290,2026-08-14,Tijuana,Meter_v3,3,1,8.5
290,2026-08-15,Tijuana,Meter_v3,3,1,7.0
290,2026-08-16,Tijuana,Meter_v3,3,1,11.2
290,2026-08-17,Tijuana,Meter_v3,3,1,12.3
290,2026-08-18,Tijuana,Meter_v3,3,1,9.9
290,2026-08-19,Tijuana,Meter_v3,3,1,12.7
290,2026-08-20,Tijuana,Meter_v3,3,1,8.5
290,2026-08-21,Tijuana,Meter_v3,3,1,10.1
290,2026-08-22,Tijuana,Meter_v3,3,1,6.1
290,2026-08-23,Tijuana,Meter_v3,3,1,9.6
290,2026-08-24,Tijuana,Meter_v3,3,1,10.1
290,2026-08-25,Tijuana,Meter_v3,3,1,7.5
290,2026-08-26,Tijuana,Meter_v3,3,1,11.2
290,2026-08-27,Tijuana,Meter_v3,3,1,9.5
290,2026-08-28,Tijuana,Meter_v3,3,1,10.8
290,2026-08-29,Tijuana,Meter_v3,3,1,11.4
290,2026-08-30,Tijuana,Meter_v3,3,1,6.5
290,2026-08-31,Tijuana,Meter_v3,3,1,9.1
290,2026-09-01,Tijuana,Meter_v3,3,1,10.0
291,2026-08-12,Puebla,Meter_v2,3,1,8.2
291,2026-08-13,Puebla,Meter_v2,3,1,8.4
291,2026-08-14,Puebla,Meter_v2,3,1,6.8
291,2026-08-15,Puebla,Meter_v2,3,1,7.6
291,2026-08-16,Puebla,Meter_v2,3,0,0.3
291,2026-08-17,Puebla,Meter_v2,3,1,9.4
291,2026-08-18,Puebla,Meter_v2,3,1,12.4
291,2026-08-19,Puebla,Meter_v2,3,1,9.3
291,2026-08-20,Puebla,Meter_v2,3,1,11.7
291,2026-08-21,Puebla,Meter_v2,3,1,6.9
291,2026-08-22,Puebla,Meter_v2,3,1,15.0
291,2026-08-23,Puebla,Meter_v2,3,1,6.1
291,2026-08-24,Puebla,Meter_v2,3,1,8.3
291,2026-08-25,Puebla,Meter_v2,3,1,7.5
291,2026-08-26,Puebla,Meter_v2,3,1,12.5
291,2026-08-27,Puebla,Meter_v2,3,0,2.5
291,2026-08-28,Puebla,Meter_v2,3,1,13.5
291,2026-08-29,Puebla,Meter_v2,3,1,13.5
291,2026-08-30,Puebla,Meter_v2,3,1,6.7
291,2026-08-31,Puebla,Meter_v2,3,1,11.2
291,2026-09-01,Puebla,Meter_v2,3,1,6.9
292,2026-08-12,Puebla,Meter_v3,4,1,10.8
292,2026-08-13,Puebla,Meter_v3,4,1,9.2
292,2026-08-14,Puebla,Meter_v3,4,0,0.7
292,2026-08-15,Puebla,Meter_v3,4,1,11.6
292,2026-08-16,Puebla,Meter_v3,4,1,9.3
292,2026-08-17,Puebla,Meter_v3,4,1,14.5
292,2026-08-18,Puebla,Meter_v3,4,1,8.5
292,2026-08-19,Puebla,Meter_v3,4,1,10.8
292,2026-08-20,Puebla,Meter_v3,4,1,6.9
292,2026-08-21,Puebla,Meter_v3,4,1,9.8
292,2026-08-22,Puebla,Meter_v3,4,0,1.6
292,2026-08-23,Puebla,Meter_v3,4,0,0.3
292,2026-08-24,Puebla,Meter_v3,4,1,8.5
292,2026-08-25,Puebla,Meter_v3,4,1,13.3
292,2026-08-26,Puebla,Meter_v3,4,1,12.8
292,2026-08-27,Puebla,Meter_v3,4,1,12.3
292,2026-08-28,Puebla,Meter_v3,4,1,8.0
292,2026-08-29,Puebla,Meter_v3,4,1,8.1
292,2026-08-30,Puebla,Meter_v3,4,1,12.9
292,2026-08-31,Puebla,Meter_v3,4,1,7.4
292,2026-09-01,Puebla,Meter_v3,4,1,11.5
293,2026-08-12,Puebla,Meter_v3,1,1,13.9
293,2026-08-13,Puebla,Meter_v3,1,1,7.2
293,2026-08-14,Puebla,Meter_v3,1,1,7.4
293,2026-08-15,Puebla,Meter_v3,1,0,1.3
293,2026-08-16,Puebla,Meter_v3,1,0,1.2
293,2026-08-17,Puebla,Meter_v3,1,1,8.7
293,2026-08-18,Puebla,Meter_v3,1,1,12.1
293,2026-08-19,Puebla,Meter_v3,1,1,12.4
293,2026-08-20,Puebla,Meter_v3,1,1,14.2
293,2026-08-21,Puebla,Meter_v3,1,1,7.2
293,2026-08-22,Puebla,Meter_v3,1,1,9.9
293,2026-08-23,Puebla,Meter_v3,1,1,13.7
293,2026-08-24,Puebla,Meter_v3,1,1,7.1
293,2026-08-25,Puebla,Meter_v3,1,1,8.4
293,2026-08-26,Puebla,Meter_v3,1,1,12.4
293,2026-08-27,Puebla,Meter_v3,1,0,1.4
293,2026-08-28,Puebla,Meter_v3,1,1,10.6
293,2026-08-29,Puebla,Meter_v3,1,1,12.6
293,2026-08-30,Puebla,Meter_v3,1,1,8.8
293,2026-08-31,Puebla,Meter_v3,1,1,8.4
293,2026-09-01,Puebla,Meter_v3,1,1,13.5
294,2026-08-12,Monterrey,Meter_v2,1,0,1.8
294,2026-08-13,Monterrey,Meter_v2,1,1,14.4
294,2026-08-14,Monterrey,Meter_v2,1,1,11.9
294,2026-08-15,Monterrey,Meter_v2,1,1,11.0
294,2026-08-16,Monterrey,Meter_v2,1,1,11.2
294,2026-08-17,Monterrey,Meter_v2,1,1,10.7
294,2026-08-18,Monterrey,Meter_v2,1,1,8.1
294,2026-08-19,Monterrey,Meter_v2,1,1,14.7
294,2026-08-20,Monterrey,Meter_v2,1,1,7.0
294,2026-08-21,Monterrey,Meter_v2,1,1,13.5
294,2026-08-22,Monterrey,Meter_v2,1,1,8.6
294,2026-08-23,Monterrey,Meter_v2,1,1,7.6
294,2026-08-24,Monterrey,Meter_v2,1,1,7.3
294,2026-08-25,Monterrey,Meter_v2,1,1,9.7
294,2026-08-26,Monterrey,Meter_v2,1,1,8.7
294,2026-08-27,Monterrey,Meter_v2,1,1,13.2
294,2026-08-28,Monterrey,Meter_v2,1,1,11.2
294,2026-08-29,Monterrey,Meter_v2,1,1,7.1
294,2026-08-30,Monterrey,Meter_v2,1,1,13.4
294,2026-08-31,Monterrey,Meter_v2,1,1,11.0
294,2026-09-01,Monterrey,Meter_v2,1,1,6.4
295,2026-08-12,Tijuana,Meter_v2,54,1,7.3
295,2026-08-13,Tijuana,Meter_v2,54,1,8.3
295,2026-08-14,Tijuana,Meter_v2,54,1,12.9
295,2026-08-15,Tijuana,Meter_v2,54,1,9.6
295,2026-08-16,Tijuana,Meter_v2,54,1,6.4
295,2026-08-17,Tijuana,Meter_v2,54,0,1.6
295,2026-08-18,Tijuana,Meter_v2,54,1,12.6
295,2026-08-19,Tijuana,Meter_v2,54,1,13.6
295,2026-08-20,Tijuana,Meter_v2,54,1,13.1
295,2026-08-21,Tijuana,Meter_v2,54,1,9.4
295,2026-08-22,Tijuana,Meter_v2,54,1,10.1
295,2026-08-23,Tijuana,Meter_v2,54,1,13.1
295,2026-08-24,Tijuana,Meter_v2,54,1,10.4
295,2026-08-25,Tijuana,Meter_v2,54,1,13.2
295,2026-08-26,Tijuana,Meter_v2,54,1,7.0
295,2026-08-27,Tijuana,Meter_v2,54,0,0.6
295,2026-08-28,Tijuana,Meter_v2,54,1,9.3
295,2026-08-29,Tijuana,Meter_v2,54,1,9.0
295,2026-08-30,Tijuana,Meter_v2,54,1,10.3
295,2026-08-31,Tijuana,Meter_v2,54,1,8.3
295,2026-09-01,Tijuana,Meter_v2,54,1,12.3
296,2026-08-12,CDMX,Meter_v2,2,1,8.2
296,2026-08-13,CDMX,Meter_v2,2,1,12.1
296,2026-08-14,CDMX,Meter_v2,2,1,11.6
296,2026-08-15,CDMX,Meter_v2,2,1,6.5
296,2026-08-16,CDMX,Meter_v2,2,0,1.8
296,2026-08-17,CDMX,Meter_v2,2,0,0.0
296,2026-08-18,CDMX,Meter_v2,2,1,11.4
296,2026-08-19,CDMX,Meter_v2,2,1,11.1
296,2026-08-20,CDMX,Meter_v2,2,1,7.4
296,2026-08-21,CDMX,Meter_v2,2,1,9.6
296,2026-08-22,CDMX,Meter_v2,2,1,12.5
296,2026-08-23,CDMX,Meter_v2,2,1,12.2
296,2026-08-24,CDMX,Meter_v2,2,1,14.7
296,2026-08-25,CDMX,Meter_v2,2,1,6.6
296,2026-08-26,CDMX,Meter_v2,2,1,8.8
296,2026-08-27,CDMX,Meter_v2,2,1,8.8
296,2026-08-28,CDMX,Meter_v2,2,1,12.3
296,2026-08-29,CDMX,Meter_v2,2,1,9.5
296,2026-08-30,CDMX,Meter_v2,2,1,10.8
296,2026-08-31,CDMX,Meter_v2,2,1,12.5
296,2026-09-01,CDMX,Meter_v2,2,1,12.3
297,2026-08-12,Monterrey,Meter_v3,13,1,12.5
297,2026-08-13,Monterrey,Meter_v3,13,1,9.7
297,2026-08-14,Monterrey,Meter_v3,13,1,10.4
297,2026-08-15,Monterrey,Meter_v3,13,1,13.1
297,2026-08-16,Monterrey,Meter_v3,13,1,7.4
297,2026-08-17,Monterrey,Meter_v3,13,1,12.7
297,2026-08-18,Monterrey,Meter_v3,13,0,0.4
297,2026-08-19,Monterrey,Meter_v3,13,1,8.2
297,2026-08-20,Monterrey,Meter_v3,13,1,6.4
297,2026-08-21,Monterrey,Meter_v3,13,1,13.6
297,2026-08-22,Monterrey,Meter_v3,13,1,10.7
297,2026-08-23,Monterrey,Meter_v3,13,1,10.0
297,2026-08-24,Monterrey,Meter_v3,13,1,9.8
297,2026-08-25,Monterrey,Meter_v3,13,0,2.2
297,2026-08-26,Monterrey,Meter_v3,13,0,0.0
297,2026-08-27,Monterrey,Meter_v3,13,0,1.0
297,2026-08-28,Monterrey,Meter_v3,13,0,0.8
297,2026-08-29,Monterrey,Meter_v3,13,0,0.7
297,2026-08-30,Monterrey,Meter_v3,13,0,0.4
297,2026-08-31,Monterrey,Meter_v3,13,1,8.7
297,2026-09-01,Monterrey,Meter_v3,13,0,1.9
298,2026-08-12,Tijuana,Meter_v2,3,1,12.4
298,2026-08-13,Tijuana,Meter_v2,3,1,7.4
298,2026-08-14,Tijuana,Meter_v2,3,1,8.6
298,2026-08-15,Tijuana,Meter_v2,3,1,8.4
298,2026-08-16,Tijuana,Meter_v2,3,1,7.4
298,2026-08-17,Tijuana,Meter_v2,3,1,13.1
298,2026-08-18,Tijuana,Meter_v2,3,1,6.8
298,2026-08-19,Tijuana,Meter_v2,3,1,7.4
298,2026-08-20,Tijuana,Meter_v2,3,1,9.6
298,2026-08-21,Tijuana,Meter_v2,3,1,8.8
298,2026-08-22,Tijuana,Meter_v2,3,1,10.0
298,2026-08-23,Tijuana,Meter_v2,3,0,2.2
298,2026-08-24,Tijuana,Meter_v2,3,1,6.9
298,2026-08-25,Tijuana,Meter_v2,3,1,13.2
298,2026-08-26,Tijuana,Meter_v2,3,1,12.7
298,2026-08-27,Tijuana,Meter_v2,3,1,7.4
298,2026-08-28,Tijuana,Meter_v2,3,0,1.4
298,2026-08-29,Tijuana,Meter_v2,3,1,10.3
298,2026-08-30,Tijuana,Meter_v2,3,1,14.5
298,2026-08-31,Tijuana,Meter_v2,3,1,7.2
298,2026-09-01,Tijuana,Meter_v2,3,1,11.1
299,2026-08-12,CDMX,Meter_v2,5,0,2.2
299,2026-08-13,CDMX,Meter_v2,5,1,13.2
299,2026-08-14,CDMX,Meter_v2,5,1,8.3
299,2026-08-15,CDMX,Meter_v2,5,1,14.6
299,2026-08-16,CDMX,Meter_v2,5,1,13.5
299,2026-08-17,CDMX,Meter_v2,5,1,7.3
299,2026-08-18,CDMX,Meter_v2,5,1,14.5
299,2026-08-19,CDMX,Meter_v2,5,1,14.3
299,2026-08-20,CDMX,Meter_v2,5,1,11.5
299,2026-08-21,CDMX,Meter_v2,5,1,8.1
299,2026-08-22,CDMX,Meter_v2,5,0,1.8
299,2026-08-23,CDMX,Meter_v2,5,1,11.1
299,2026-08-24,CDMX,Meter_v2,5,1,7.9
299,2026-08-25,CDMX,Meter_v2,5,1,12.9
299,2026-08-26,CDMX,Meter_v2,5,1,10.5
299,2026-08-27,CDMX,Meter_v2,5,1,12.5
299,2026-08-28,CDMX,Meter_v2,5,1,10.6
299,2026-08-29,CDMX,Meter_v2,5,1,12.9
299,2026-08-30,CDMX,Meter_v2,5,1,8.9
299,2026-08-31,CDMX,Meter_v2,5,1,6.3
299,2026-09-01,CDMX,Meter_v2,5,1,13.0
300,2026-08-12,CDMX,Meter_v2,26,1,9.5
300,2026-08-13,CDMX,Meter_v2,26,1,8.6
300,2026-08-14,CDMX,Meter_v2,26,0,2.1
300,2026-08-15,CDMX,Meter_v2,26,1,9.7
300,2026-08-16,CDMX,Meter_v2,26,1,9.5
300,2026-08-17,CDMX,Meter_v2,26,1,13.9
300,2026-08-18,CDMX,Meter_v2,26,1,13.8
300,2026-08-19,CDMX,Meter_v2,26,1,6.7
300,2026-08-20,CDMX,Meter_v2,26,1,14.9
300,2026-08-21,CDMX,Meter_v2,26,1,9.6
300,2026-08-22,CDMX,Meter_v2,26,0,2.5
300,2026-08-23,CDMX,Meter_v2,26,1,8.5
300,2026-08-24,CDMX,Meter_v2,26,1,8.2
300,2026-08-25,CDMX,Meter_v2,26,1,11.8
300,2026-08-26,CDMX,Meter_v2,26,1,11.7
300,2026-08-27,CDMX,Meter_v2,26,1,7.1
300,2026-08-28,CDMX,Meter_v2,26,0,2.9
300,2026-08-29,CDMX,Meter_v2,26,1,8.2
300,2026-08-30,CDMX,Meter_v2,26,1,14.0
300,2026-08-31,CDMX,Meter_v2,26,1,8.6
300,2026-09-01,CDMX,Meter_v2,26,1,14.7
301,2026-08-12,Guadalajara,Meter_v2,51,1,10.2
301,2026-08-13,Guadalajara,Meter_v2,51,1,8.4
301,2026-08-14,Guadalajara,Meter_v2,51,1,14.5
301,2026-08-15,Guadalajara,Meter_v2,51,1,14.0
301,2026-08-16,Guadalajara,Meter_v2,51,1,9.9
301,2026-08-17,Guadalajara,Meter_v2,51,1,8.8
301,2026-08-18,Guadalajara,Meter_v2,51,1,6.4
301,2026-08-19,Guadalajara,Meter_v2,51,1,10.2
301,2026-08-20,Guadalajara,Meter_v2,51,1,10.2
301,2026-08-21,Guadalajara,Meter_v2,51,1,11.5
301,2026-08-22,Guadalajara,Meter_v2,51,1,12.0
301,2026-08-23,Guadalajara,Meter_v2,51,1,8.2
301,2026-08-24,Guadalajara,Meter_v2,51,1,6.3
301,2026-08-25,Guadalajara,Meter_v2,51,1,10.7
301,2026-08-26,Guadalajara,Meter_v2,51,1,7.9
301,2026-08-27,Guadalajara,Meter_v2,51,1,13.6
301,2026-08-28,Guadalajara,Meter_v2,51,1,14.5
301,2026-08-29,Guadalajara,Meter_v2,51,0,1.5
301,2026-08-30,Guadalajara,Meter_v2,51,1,10.3
301,2026-08-31,Guadalajara,Meter_v2,51,1,12.5
301,2026-09-01,Guadalajara,Meter_v2,51,1,13.2
302,2026-08-12,Guadalajara,Meter_Audio_v1,12,0,1.1
302,2026-08-13,Guadalajara,Meter_Audio_v1,12,1,14.8
302,2026-08-14,Guadalajara,Meter_Audio_v1,12,1,14.5
302,2026-08-15,Guadalajara,Meter_Audio_v1,12,1,10.3
302,2026-08-16,Guadalajara,Meter_Audio_v1,12,1,11.1
302,2026-08-17,Guadalajara,Meter_Audio_v1,12,1,7.5
302,2026-08-18,Guadalajara,Meter_Audio_v1,12,1,14.7
302,2026-08-19,Guadalajara,Meter_Audio_v1,12,1,7.8
302,2026-08-20,Guadalajara,Meter_Audio_v1,12,1,11.5
302,2026-08-21,Guadalajara,Meter_Audio_v1,12,1,8.2
302,2026-08-22,Guadalajara,Meter_Audio_v1,12,1,8.5
302,2026-08-23,Guadalajara,Meter_Audio_v1,12,1,7.8
302,2026-08-24,Guadalajara,Meter_Audio_v1,12,1,7.6
302,2026-08-25,Guadalajara,Meter_Audio_v1,12,1,8.7
302,2026-08-26,Guadalajara,Meter_Audio_v1,12,1,10.2
302,2026-08-27,Guadalajara,Meter_Audio_v1,12,1,12.3
302,2026-08-28,Guadalajara,Meter_Audio_v1,12,1,8.2
302,2026-08-29,Guadalajara,Meter_Audio_v1,12,1,6.8
302,2026-08-30,Guadalajara,Meter_Audio_v1,12,1,11.0
302,2026-08-31,Guadalajara,Meter_Audio_v1,12,1,13.3
302,2026-09-01,Guadalajara,Meter_Audio_v1,12,1,14.7
303,2026-08-12,CDMX,Meter_v2,1,1,8.8
303,2026-08-13,CDMX,Meter_v2,1,1,9.8
303,2026-08-14,CDMX,Meter_v2,1,1,8.4
303,2026-08-15,CDMX,Meter_v2,1,1,6.9
303,2026-08-16,CDMX,Meter_v2,1,0,2.1
303,2026-08-17,CDMX,Meter_v2,1,1,9.3
303,2026-08-18,CDMX,Meter_v2,1,1,9.4
303,2026-08-19,CDMX,Meter_v2,1,1,8.5
303,2026-08-20,CDMX,Meter_v2,1,1,8.0
303,2026-08-21,CDMX,Meter_v2,1,1,12.0
303,2026-08-22,CDMX,Meter_v2,1,1,9.4
303,2026-08-23,CDMX,Meter_v2,1,1,10.0
303,2026-08-24,CDMX,Meter_v2,1,1,6.8
303,2026-08-25,CDMX,Meter_v2,1,1,14.1
303,2026-08-26,CDMX,Meter_v2,1,1,6.8
303,2026-08-27,CDMX,Meter_v2,1,1,14.5
303,2026-08-28,CDMX,Meter_v2,1,1,13.0
303,2026-08-29,CDMX,Meter_v2,1,1,8.1
303,2026-08-30,CDMX,Meter_v2,1,1,8.6
303,2026-08-31,CDMX,Meter_v2,1,1,9.2
303,2026-09-01,CDMX,Meter_v2,1,1,10.9
304,2026-08-12,Tijuana,Meter_Audio_v1,129,1,9.5
304,2026-08-13,Tijuana,Meter_Audio_v1,129,1,7.3
304,2026-08-14,Tijuana,Meter_Audio_v1,129,1,7.9
304,2026-08-15,Tijuana,Meter_Audio_v1,129,1,6.3
304,2026-08-16,Tijuana,Meter_Audio_v1,129,1,9.4
304,2026-08-17,Tijuana,Meter_Audio_v1,129,1,7.8
304,2026-08-18,Tijuana,Meter_Audio_v1,129,1,6.3
304,2026-08-19,Tijuana,Meter_Audio_v1,129,1,14.4
304,2026-08-20,Tijuana,Meter_Audio_v1,129,1,13.5
304,2026-08-21,Tijuana,Meter_Audio_v1,129,1,13.5
304,2026-08-22,Tijuana,Meter_Audio_v1,129,1,14.4
304,2026-08-23,Tijuana,Meter_Audio_v1,129,1,8.0
304,2026-08-24,Tijuana,Meter_Audio_v1,129,1,14.6
304,2026-08-25,Tijuana,Meter_Audio_v1,129,1,6.9
304,2026-08-26,Tijuana,Meter_Audio_v1,129,1,6.3
304,2026-08-27,Tijuana,Meter_Audio_v1,129,1,10.1
304,2026-08-28,Tijuana,Meter_Audio_v1,129,1,10.1
304,2026-08-29,Tijuana,Meter_Audio_v1,129,1,12.0
304,2026-08-30,Tijuana,Meter_Audio_v1,129,1,14.9
304,2026-08-31,Tijuana,Meter_Audio_v1,129,1,10.8
304,2026-09-01,Tijuana,Meter_Audio_v1,129,1,7.1
305,2026-08-12,Monterrey,Meter_v2,1,1,12.0
305,2026-08-13,Monterrey,Meter_v2,1,1,6.9
305,2026-08-14,Monterrey,Meter_v2,1,1,14.0
305,2026-08-15,Monterrey,Meter_v2,1,1,13.4
305,2026-08-16,Monterrey,Meter_v2,1,1,14.7
305,2026-08-17,Monterrey,Meter_v2,1,1,10.1
305,2026-08-18,Monterrey,Meter_v2,1,1,9.2
305,2026-08-19,Monterrey,Meter_v2,1,1,9.9
305,2026-08-20,Monterrey,Meter_v2,1,1,11.1
305,2026-08-21,Monterrey,Meter_v2,1,1,7.3
305,2026-08-22,Monterrey,Meter_v2,1,1,13.1
305,2026-08-23,Monterrey,Meter_v2,1,0,2.9
305,2026-08-24,Monterrey,Meter_v2,1,0,2.6
305,2026-08-25,Monterrey,Meter_v2,1,1,13.8
305,2026-08-26,Monterrey,Meter_v2,1,1,8.3
305,2026-08-27,Monterrey,Meter_v2,1,1,9.5
305,2026-08-28,Monterrey,Meter_v2,1,0,2.9
305,2026-08-29,Monterrey,Meter_v2,1,1,14.5
305,2026-08-30,Monterrey,Meter_v2,1,1,10.5
305,2026-08-31,Monterrey,Meter_v2,1,1,12.0
305,2026-09-01,Monterrey,Meter_v2,1,1,7.4
306,2026-08-12,Guadalajara,Meter_v2,9,1,10.1
306,2026-08-13,Guadalajara,Meter_v2,9,1,6.1
306,2026-08-14,Guadalajara,Meter_v2,9,1,10.5
306,2026-08-15,Guadalajara,Meter_v2,9,1,7.1
306,2026-08-16,Guadalajara,Meter_v2,9,1,6.3
306,2026-08-17,Guadalajara,Meter_v2,9,1,12.5
306,2026-08-18,Guadalajara,Meter_v2,9,1,9.4
306,2026-08-19,Guadalajara,Meter_v2,9,1,7.5
306,2026-08-20,Guadalajara,Meter_v2,9,1,13.8
306,2026-08-21,Guadalajara,Meter_v2,9,1,7.1
306,2026-08-22,Guadalajara,Meter_v2,9,1,6.4
306,2026-08-23,Guadalajara,Meter_v2,9,1,9.2
306,2026-08-24,Guadalajara,Meter_v2,9,0,1.7
306,2026-08-25,Guadalajara,Meter_v2,9,1,13.3
306,2026-08-26,Guadalajara,Meter_v2,9,1,11.1
306,2026-08-27,Guadalajara,Meter_v2,9,1,11.7
306,2026-08-28,Guadalajara,Meter_v2,9,1,7.3
306,2026-08-29,Guadalajara,Meter_v2,9,1,10.8
306,2026-08-30,Guadalajara,Meter_v2,9,1,13.7
306,2026-08-31,Guadalajara,Meter_v2,9,1,7.0
306,2026-09-01,Guadalajara,Meter_v2,9,1,7.3
307,2026-08-12,Monterrey,Meter_v2,14,1,13.8
307,2026-08-13,Monterrey,Meter_v2,14,1,9.9
307,2026-08-14,Monterrey,Meter_v2,14,1,10.0
307,2026-08-15,Monterrey,Meter_v2,14,1,13.5
307,2026-08-16,Monterrey,Meter_v2,14,1,13.3
307,2026-08-17,Monterrey,Meter_v2,14,1,9.1
307,2026-08-18,Monterrey,Meter_v2,14,1,12.1
307,2026-08-19,Monterrey,Meter_v2,14,1,9.0
307,2026-08-20,Monterrey,Meter_v2,14,1,9.9
307,2026-08-21,Monterrey,Meter_v2,14,1,15.0
307,2026-08-22,Monterrey,Meter_v2,14,1,12.0
307,2026-08-23,Monterrey,Meter_v2,14,1,7.7
307,2026-08-24,Monterrey,Meter_v2,14,0,0.9
307,2026-08-25,Monterrey,Meter_v2,14,1,13.5
307,2026-08-26,Monterrey,Meter_v2,14,1,14.2
307,2026-08-27,Monterrey,Meter_v2,14,1,12.1
307,2026-08-28,Monterrey,Meter_v2,14,1,6.5
307,2026-08-29,Monterrey,Meter_v2,14,1,9.8
307,2026-08-30,Monterrey,Meter_v2,14,1,8.3
307,2026-08-31,Monterrey,Meter_v2,14,1,6.6
307,2026-09-01,Monterrey,Meter_v2,14,0,2.1
308,2026-08-12,Guadalajara,Meter_v2,41,1,10.9
308,2026-08-13,Guadalajara,Meter_v2,41,1,8.3
308,2026-08-14,Guadalajara,Meter_v2,41,1,8.4
308,2026-08-15,Guadalajara,Meter_v2,41,0,2.8
308,2026-08-16,Guadalajara,Meter_v2,41,1,6.2
308,2026-08-17,Guadalajara,Meter_v2,41,0,1.8
308,2026-08-18,Guadalajara,Meter_v2,41,1,8.3
308,2026-08-19,Guadalajara,Meter_v2,41,1,12.7
308,2026-08-20,Guadalajara,Meter_v2,41,1,13.6
308,2026-08-21,Guadalajara,Meter_v2,41,1,12.2
308,2026-08-22,Guadalajara,Meter_v2,41,1,6.6
308,2026-08-23,Guadalajara,Meter_v2,41,1,9.0
308,2026-08-24,Guadalajara,Meter_v2,41,0,0.4
308,2026-08-25,Guadalajara,Meter_v2,41,1,13.8
308,2026-08-26,Guadalajara,Meter_v2,41,1,8.5
308,2026-08-27,Guadalajara,Meter_v2,41,1,8.4
308,2026-08-28,Guadalajara,Meter_v2,41,1,6.8
308,2026-08-29,Guadalajara,Meter_v2,41,1,10.3
308,2026-08-30,Guadalajara,Meter_v2,41,1,6.1
308,2026-08-31,Guadalajara,Meter_v2,41,1,6.7
308,2026-09-01,Guadalajara,Meter_v2,41,0,2.7
309,2026-08-12,CDMX,Meter_Audio_v1,32,1,10.9
309,2026-08-13,CDMX,Meter_Audio_v1,32,1,11.0
309,2026-08-14,CDMX,Meter_Audio_v1,32,0,1.3
309,2026-08-15,CDMX,Meter_Audio_v1,32,1,8.1
309,2026-08-16,CDMX,Meter_Audio_v1,32,1,11.9
309,2026-08-17,CDMX,Meter_Audio_v1,32,1,13.5
309,2026-08-18,CDMX,Meter_Audio_v1,32,1,8.4
309,2026-08-19,CDMX,Meter_Audio_v1,32,1,9.7
309,2026-08-20,CDMX,Meter_Audio_v1,32,1,11.9
309,2026-08-21,CDMX,Meter_Audio_v1,32,1,9.8
309,2026-08-22,CDMX,Meter_Audio_v1,32,1,6.0
309,2026-08-23,CDMX,Meter_Audio_v1,32,1,9.7
309,2026-08-24,CDMX,Meter_Audio_v1,32,1,9.6
309,2026-08-25,CDMX,Meter_Audio_v1,32,1,8.8
309,2026-08-26,CDMX,Meter_Audio_v1,32,1,14.3
309,2026-08-27,CDMX,Meter_Audio_v1,32,1,14.1
309,2026-08-28,CDMX,Meter_Audio_v1,32,1,9.3
309,2026-08-29,CDMX,Meter_Audio_v1,32,1,9.5
309,2026-08-30,CDMX,Meter_Audio_v1,32,1,8.9
309,2026-08-31,CDMX,Meter_Audio_v1,32,1,11.1
309,2026-09-01,CDMX,Meter_Audio_v1,32,1,7.3
310,2026-08-12,Puebla,Meter_v2,17,1,9.8
310,2026-08-13,Puebla,Meter_v2,17,1,8.1
310,2026-08-14,Puebla,Meter_v2,17,1,8.0
310,2026-08-15,Puebla,Meter_v2,17,1,12.7
310,2026-08-16,Puebla,Meter_v2,17,1,11.0
310,2026-08-17,Puebla,Meter_v2,17,1,6.4
310,2026-08-18,Puebla,Meter_v2,17,1,12.4
310,2026-08-19,Puebla,Meter_v2,17,1,11.5
310,2026-08-20,Puebla,Meter_v2,17,1,7.0
310,2026-08-21,Puebla,Meter_v2,17,1,6.9
310,2026-08-22,Puebla,Meter_v2,17,1,6.8
310,2026-08-23,Puebla,Meter_v2,17,1,12.7
310,2026-08-24,Puebla,Meter_v2,17,1,6.4
310,2026-08-25,Puebla,Meter_v2,17,1,7.9
310,2026-08-26,Puebla,Meter_v2,17,0,2.1
310,2026-08-27,Puebla,Meter_v2,17,1,14.4
310,2026-08-28,Puebla,Meter_v2,17,1,9.1
310,2026-08-29,Puebla,Meter_v2,17,1,10.7
310,2026-08-30,Puebla,Meter_v2,17,1,6.4
310,2026-08-31,Puebla,Meter_v2,17,1,13.7
310,2026-09-01,Puebla,Meter_v2,17,1,9.9
311,2026-08-12,Monterrey,Meter_v3,10,1,13.7
311,2026-08-13,Monterrey,Meter_v3,10,1,13.8
311,2026-08-14,Monterrey,Meter_v3,10,1,12.8
311,2026-08-15,Monterrey,Meter_v3,10,1,13.6
311,2026-08-16,Monterrey,Meter_v3,10,1,7.0
311,2026-08-17,Monterrey,Meter_v3,10,1,14.8
311,2026-08-18,Monterrey,Meter_v3,10,1,9.7
311,2026-08-19,Monterrey,Meter_v3,10,1,6.4
311,2026-08-20,Monterrey,Meter_v3,10,1,6.6
311,2026-08-21,Monterrey,Meter_v3,10,1,12.6
311,2026-08-22,Monterrey,Meter_v3,10,1,11.1
311,2026-08-23,Monterrey,Meter_v3,10,1,11.6
311,2026-08-24,Monterrey,Meter_v3,10,1,6.4
311,2026-08-25,Monterrey,Meter_v3,10,0,0.9
311,2026-08-26,Monterrey,Meter_v3,10,0,2.4
311,2026-08-27,Monterrey,Meter_v3,10,0,2.8
311,2026-08-28,Monterrey,Meter_v3,10,0,0.7
311,2026-08-29,Monterrey,Meter_v3,10,1,13.2
311,2026-08-30,Monterrey,Meter_v3,10,0,1.8
311,2026-08-31,Monterrey,Meter_v3,10,0,2.7
311,2026-09-01,Monterrey,Meter_v3,10,0,1.5
312,2026-08-12,Monterrey,Meter_v2,33,1,8.8
312,2026-08-13,Monterrey,Meter_v2,33,0,0.2
312,2026-08-14,Monterrey,Meter_v2,33,1,6.2
312,2026-08-15,Monterrey,Meter_v2,33,1,8.1
312,2026-08-16,Monterrey,Meter_v2,33,1,13.7
312,2026-08-17,Monterrey,Meter_v2,33,1,11.1
312,2026-08-18,Monterrey,Meter_v2,33,1,6.2
312,2026-08-19,Monterrey,Meter_v2,33,1,8.0
312,2026-08-20,Monterrey,Meter_v2,33,1,14.4
312,2026-08-21,Monterrey,Meter_v2,33,1,13.8
312,2026-08-22,Monterrey,Meter_v2,33,0,1.1
312,2026-08-23,Monterrey,Meter_v2,33,1,7.5
312,2026-08-24,Monterrey,Meter_v2,33,1,11.8
312,2026-08-25,Monterrey,Meter_v2,33,0,2.0
312,2026-08-26,Monterrey,Meter_v2,33,1,8.6
312,2026-08-27,Monterrey,Meter_v2,33,1,13.1
312,2026-08-28,Monterrey,Meter_v2,33,1,11.1
312,2026-08-29,Monterrey,Meter_v2,33,1,12.4
312,2026-08-30,Monterrey,Meter_v2,33,1,9.7
312,2026-08-31,Monterrey,Meter_v2,33,1,13.0
312,2026-09-01,Monterrey,Meter_v2,33,0,0.1
313,2026-08-12,Guadalajara,Meter_v2,37,1,12.1
313,2026-08-13,Guadalajara,Meter_v2,37,0,1.8
313,2026-08-14,Guadalajara,Meter_v2,37,1,9.5
313,2026-08-15,Guadalajara,Meter_v2,37,1,12.7
313,2026-08-16,Guadalajara,Meter_v2,37,0,1.7
313,2026-08-17,Guadalajara,Meter_v2,37,1,14.2
313,2026-08-18,Guadalajara,Meter_v2,37,1,14.5
313,2026-08-19,Guadalajara,Meter_v2,37,1,12.2
313,2026-08-20,Guadalajara,Meter_v2,37,1,8.7
313,2026-08-21,Guadalajara,Meter_v2,37,1,14.9
313,2026-08-22,Guadalajara,Meter_v2,37,1,8.6
313,2026-08-23,Guadalajara,Meter_v2,37,1,6.3
313,2026-08-24,Guadalajara,Meter_v2,37,1,11.3
313,2026-08-25,Guadalajara,Meter_v2,37,1,6.5
313,2026-08-26,Guadalajara,Meter_v2,37,1,7.4
313,2026-08-27,Guadalajara,Meter_v2,37,1,7.5
313,2026-08-28,Guadalajara,Meter_v2,37,1,12.8
313,2026-08-29,Guadalajara,Meter_v2,37,1,7.9
313,2026-08-30,Guadalajara,Meter_v2,37,1,6.8
313,2026-08-31,Guadalajara,Meter_v2,37,0,0.5
313,2026-09-01,Guadalajara,Meter_v2,37,1,12.9
314,2026-08-12,Tijuana,Meter_v2,37,1,13.1
314,2026-08-13,Tijuana,Meter_v2,37,1,11.6
314,2026-08-14,Tijuana,Meter_v2,37,1,10.9
314,2026-08-15,Tijuana,Meter_v2,37,1,13.5
314,2026-08-16,Tijuana,Meter_v2,37,1,13.9
314,2026-08-17,Tijuana,Meter_v2,37,1,14.4
314,2026-08-18,Tijuana,Meter_v2,37,1,12.4
314,2026-08-19,Tijuana,Meter_v2,37,1,10.4
314,2026-08-20,Tijuana,Meter_v2,37,1,9.9
314,2026-08-21,Tijuana,Meter_v2,37,1,11.5
314,2026-08-22,Tijuana,Meter_v2,37,1,6.5
314,2026-08-23,Tijuana,Meter_v2,37,1,8.3
314,2026-08-24,Tijuana,Meter_v2,37,1,14.7
314,2026-08-25,Tijuana,Meter_v2,37,1,6.5
314,2026-08-26,Tijuana,Meter_v2,37,1,6.5
314,2026-08-27,Tijuana,Meter_v2,37,1,9.7
314,2026-08-28,Tijuana,Meter_v2,37,1,12.6
314,2026-08-29,Tijuana,Meter_v2,37,1,12.7
314,2026-08-30,Tijuana,Meter_v2,37,1,6.9
314,2026-08-31,Tijuana,Meter_v2,37,1,12.4
314,2026-09-01,Tijuana,Meter_v2,37,1,12.3
315,2026-08-12,CDMX,Meter_v3,23,1,11.5
315,2026-08-13,CDMX,Meter_v3,23,1,10.0
315,2026-08-14,CDMX,Meter_v3,23,1,10.9
315,2026-08-15,CDMX,Meter_v3,23,1,8.3
315,2026-08-16,CDMX,Meter_v3,23,1,12.3
315,2026-08-17,CDMX,Meter_v3,23,1,10.5
315,2026-08-18,CDMX,Meter_v3,23,1,12.5
315,2026-08-19,CDMX,Meter_v3,23,1,10.4
315,2026-08-20,CDMX,Meter_v3,23,1,12.6
315,2026-08-21,CDMX,Meter_v3,23,1,12.4
315,2026-08-22,CDMX,Meter_v3,23,1,12.2
315,2026-08-23,CDMX,Meter_v3,23,1,10.6
315,2026-08-24,CDMX,Meter_v3,23,1,8.1
315,2026-08-25,CDMX,Meter_v3,23,1,10.9
315,2026-08-26,CDMX,Meter_v3,23,1,14.4
315,2026-08-27,CDMX,Meter_v3,23,1,10.4
315,2026-08-28,CDMX,Meter_v3,23,1,7.7
315,2026-08-29,CDMX,Meter_v3,23,1,9.8
315,2026-08-30,CDMX,Meter_v3,23,1,13.6
315,2026-08-31,CDMX,Meter_v3,23,1,10.1
315,2026-09-01,CDMX,Meter_v3,23,1,14.5
316,2026-08-12,Tijuana,Meter_v2,2,1,7.5
316,2026-08-13,Tijuana,Meter_v2,2,1,12.3
316,2026-08-14,Tijuana,Meter_v2,2,1,13.4
316,2026-08-15,Tijuana,Meter_v2,2,1,12.7
316,2026-08-16,Tijuana,Meter_v2,2,1,8.4
316,2026-08-17,Tijuana,Meter_v2,2,1,7.1
316,2026-08-18,Tijuana,Meter_v2,2,1,14.3
316,2026-08-19,Tijuana,Meter_v2,2,1,9.7
316,2026-08-20,Tijuana,Meter_v2,2,1,13.1
316,2026-08-21,Tijuana,Meter_v2,2,1,14.2
316,2026-08-22,Tijuana,Meter_v2,2,1,7.5
316,2026-08-23,Tijuana,Meter_v2,2,1,13.5
316,2026-08-24,Tijuana,Meter_v2,2,1,14.7
316,2026-08-25,Tijuana,Meter_v2,2,1,6.7
316,2026-08-26,Tijuana,Meter_v2,2,1,10.4
316,2026-08-27,Tijuana,Meter_v2,2,1,11.2
316,2026-08-28,Tijuana,Meter_v2,2,1,7.7
316,2026-08-29,Tijuana,Meter_v2,2,1,10.5
316,2026-08-30,Tijuana,Meter_v2,2,1,6.4
316,2026-08-31,Tijuana,Meter_v2,2,1,10.9
316,2026-09-01,Tijuana,Meter_v2,2,0,2.1
317,2026-08-12,Monterrey,Meter_v2,7,1,12.8
317,2026-08-13,Monterrey,Meter_v2,7,1,12.1
317,2026-08-14,Monterrey,Meter_v2,7,1,8.4
317,2026-08-15,Monterrey,Meter_v2,7,1,7.8
317,2026-08-16,Monterrey,Meter_v2,7,1,12.9
317,2026-08-17,Monterrey,Meter_v2,7,1,10.8
317,2026-08-18,Monterrey,Meter_v2,7,1,10.9
317,2026-08-19,Monterrey,Meter_v2,7,1,8.2
317,2026-08-20,Monterrey,Meter_v2,7,1,13.3
317,2026-08-21,Monterrey,Meter_v2,7,1,10.3
317,2026-08-22,Monterrey,Meter_v2,7,0,0.5
317,2026-08-23,Monterrey,Meter_v2,7,1,14.4
317,2026-08-24,Monterrey,Meter_v2,7,1,8.8
317,2026-08-25,Monterrey,Meter_v2,7,1,6.8
317,2026-08-26,Monterrey,Meter_v2,7,1,13.5
317,2026-08-27,Monterrey,Meter_v2,7,1,7.5
317,2026-08-28,Monterrey,Meter_v2,7,1,12.7
317,2026-08-29,Monterrey,Meter_v2,7,1,8.6
317,2026-08-30,Monterrey,Meter_v2,7,1,10.3
317,2026-08-31,Monterrey,Meter_v2,7,1,12.9
317,2026-09-01,Monterrey,Meter_v2,7,1,8.6
318,2026-08-12,Monterrey,Meter_v2,12,1,12.8
318,2026-08-13,Monterrey,Meter_v2,12,1,6.4
318,2026-08-14,Monterrey,Meter_v2,12,1,12.1
318,2026-08-15,Monterrey,Meter_v2,12,1,14.3
318,2026-08-16,Monterrey,Meter_v2,12,1,7.1
318,2026-08-17,Monterrey,Meter_v2,12,1,10.1
318,2026-08-18,Monterrey,Meter_v2,12,1,14.4
318,2026-08-19,Monterrey,Meter_v2,12,1,6.4
318,2026-08-20,Monterrey,Meter_v2,12,1,11.6
318,2026-08-21,Monterrey,Meter_v2,12,1,8.4
318,2026-08-22,Monterrey,Meter_v2,12,1,9.6
318,2026-08-23,Monterrey,Meter_v2,12,1,6.3
318,2026-08-24,Monterrey,Meter_v2,12,1,11.4
318,2026-08-25,Monterrey,Meter_v2,12,0,0.7
318,2026-08-26,Monterrey,Meter_v2,12,1,7.8
318,2026-08-27,Monterrey,Meter_v2,12,1,8.8
318,2026-08-28,Monterrey,Meter_v2,12,1,12.5
318,2026-08-29,Monterrey,Meter_v2,12,1,14.8
318,2026-08-30,Monterrey,Meter_v2,12,1,7.7
318,2026-08-31,Monterrey,Meter_v2,12,1,12.7
318,2026-09-01,Monterrey,Meter_v2,12,0,2.3
319,2026-08-12,Tijuana,Meter_Audio_v1,13,1,9.7
319,2026-08-13,Tijuana,Meter_Audio_v1,13,1,8.8
319,2026-08-14,Tijuana,Meter_Audio_v1,13,1,9.0
319,2026-08-15,Tijuana,Meter_Audio_v1,13,1,11.7
319,2026-08-16,Tijuana,Meter_Audio_v1,13,1,11.9
319,2026-08-17,Tijuana,Meter_Audio_v1,13,1,12.5
319,2026-08-18,Tijuana,Meter_Audio_v1,13,1,12.7
319,2026-08-19,Tijuana,Meter_Audio_v1,13,1,8.4
319,2026-08-20,Tijuana,Meter_Audio_v1,13,1,13.7
319,2026-08-21,Tijuana,Meter_Audio_v1,13,1,13.3
319,2026-08-22,Tijuana,Meter_Audio_v1,13,1,14.5
319,2026-08-23,Tijuana,Meter_Audio_v1,13,1,10.0
319,2026-08-24,Tijuana,Meter_Audio_v1,13,1,9.5
319,2026-08-25,Tijuana,Meter_Audio_v1,13,0,2.6
319,2026-08-26,Tijuana,Meter_Audio_v1,13,1,10.5
319,2026-08-27,Tijuana,Meter_Audio_v1,13,1,10.9
319,2026-08-28,Tijuana,Meter_Audio_v1,13,1,14.1
319,2026-08-29,Tijuana,Meter_Audio_v1,13,1,13.8
319,2026-08-30,Tijuana,Meter_Audio_v1,13,1,14.1
319,2026-08-31,Tijuana,Meter_Audio_v1,13,1,9.6
319,2026-09-01,Tijuana,Meter_Audio_v1,13,1,10.9
320,2026-08-12,Tijuana,Meter_v2,33,1,7.8
320,2026-08-13,Tijuana,Meter_v2,33,1,6.6
320,2026-08-14,Tijuana,Meter_v2,33,1,13.5
320,2026-08-15,Tijuana,Meter_v2,33,1,9.6
320,2026-08-16,Tijuana,Meter_v2,33,1,12.4
320,2026-08-17,Tijuana,Meter_v2,33,1,7.1
320,2026-08-18,Tijuana,Meter_v2,33,1,8.5
320,2026-08-19,Tijuana,Meter_v2,33,1,14.1
320,2026-08-20,Tijuana,Meter_v2,33,1,14.6
320,2026-08-21,Tijuana,Meter_v2,33,1,12.0
320,2026-08-22,Tijuana,Meter_v2,33,1,13.2
320,2026-08-23,Tijuana,Meter_v2,33,1,10.1
320,2026-08-24,Tijuana,Meter_v2,33,1,12.0
320,2026-08-25,Tijuana,Meter_v2,33,1,8.8
320,2026-08-26,Tijuana,Meter_v2,33,1,14.2
320,2026-08-27,Tijuana,Meter_v2,33,1,13.3
320,2026-08-28,Tijuana,Meter_v2,33,1,13.5
320,2026-08-29,Tijuana,Meter_v2,33,1,10.9
320,2026-08-30,Tijuana,Meter_v2,33,1,12.3
320,2026-08-31,Tijuana,Meter_v2,33,1,9.0
320,2026-09-01,Tijuana,Meter_v2,33,1,8.1
321,2026-08-12,Guadalajara,Meter_v3,5,1,10.1
321,2026-08-13,Guadalajara,Meter_v3,5,1,13.2
321,2026-08-14,Guadalajara,Meter_v3,5,1,7.8
321,2026-08-15,Guadalajara,Meter_v3,5,1,6.7
321,2026-08-16,Guadalajara,Meter_v3,5,1,7.2
321,2026-08-17,Guadalajara,Meter_v3,5,1,6.0
321,2026-08-18,Guadalajara,Meter_v3,5,1,13.0
321,2026-08-19,Guadalajara,Meter_v3,5,1,7.0
321,2026-08-20,Guadalajara,Meter_v3,5,1,12.2
321,2026-08-21,Guadalajara,Meter_v3,5,1,6.1
321,2026-08-22,Guadalajara,Meter_v3,5,1,12.0
321,2026-08-23,Guadalajara,Meter_v3,5,1,11.0
321,2026-08-24,Guadalajara,Meter_v3,5,1,11.5
321,2026-08-25,Guadalajara,Meter_v3,5,1,8.3
321,2026-08-26,Guadalajara,Meter_v3,5,1,8.3
321,2026-08-27,Guadalajara,Meter_v3,5,1,8.9
321,2026-08-28,Guadalajara,Meter_v3,5,1,11.2
321,2026-08-29,Guadalajara,Meter_v3,5,1,7.2
321,2026-08-30,Guadalajara,Meter_v3,5,1,14.8
321,2026-08-31,Guadalajara,Meter_v3,5,0,2.9
321,2026-09-01,Guadalajara,Meter_v3,5,1,11.8
322,2026-08-12,Tijuana,Meter_v3,20,0,0.9
322,2026-08-13,Tijuana,Meter_v3,20,1,11.7
322,2026-08-14,Tijuana,Meter_v3,20,1,7.8
322,2026-08-15,Tijuana,Meter_v3,20,1,6.6
322,2026-08-16,Tijuana,Meter_v3,20,1,8.9
322,2026-08-17,Tijuana,Meter_v3,20,1,8.2
322,2026-08-18,Tijuana,Meter_v3,20,1,10.8
322,2026-08-19,Tijuana,Meter_v3,20,1,12.8
322,2026-08-20,Tijuana,Meter_v3,20,1,6.3
322,2026-08-21,Tijuana,Meter_v3,20,1,13.2
322,2026-08-22,Tijuana,Meter_v3,20,1,8.3
322,2026-08-23,Tijuana,Meter_v3,20,1,6.8
322,2026-08-24,Tijuana,Meter_v3,20,1,8.9
322,2026-08-25,Tijuana,Meter_v3,20,1,10.0
322,2026-08-26,Tijuana,Meter_v3,20,1,10.3
322,2026-08-27,Tijuana,Meter_v3,20,1,7.9
322,2026-08-28,Tijuana,Meter_v3,20,1,10.3
322,2026-08-29,Tijuana,Meter_v3,20,1,7.5
322,2026-08-30,Tijuana,Meter_v3,20,1,6.3
322,2026-08-31,Tijuana,Meter_v3,20,1,13.3
322,2026-09-01,Tijuana,Meter_v3,20,1,12.7
323,2026-08-12,CDMX,Meter_v2,9,1,7.8
323,2026-08-13,CDMX,Meter_v2,9,1,11.0
323,2026-08-14,CDMX,Meter_v2,9,1,14.1
323,2026-08-15,CDMX,Meter_v2,9,1,6.8
323,2026-08-16,CDMX,Meter_v2,9,1,9.9
323,2026-08-17,CDMX,Meter_v2,9,1,8.0
323,2026-08-18,CDMX,Meter_v2,9,1,14.4
323,2026-08-19,CDMX,Meter_v2,9,1,13.9
323,2026-08-20,CDMX,Meter_v2,9,1,11.4
323,2026-08-21,CDMX,Meter_v2,9,1,13.8
323,2026-08-22,CDMX,Meter_v2,9,1,11.9
323,2026-08-23,CDMX,Meter_v2,9,1,10.2
323,2026-08-24,CDMX,Meter_v2,9,1,8.4
323,2026-08-25,CDMX,Meter_v2,9,1,10.7
323,2026-08-26,CDMX,Meter_v2,9,1,7.0
323,2026-08-27,CDMX,Meter_v2,9,1,7.0
323,2026-08-28,CDMX,Meter_v2,9,1,12.6
323,2026-08-29,CDMX,Meter_v2,9,1,12.1
323,2026-08-30,CDMX,Meter_v2,9,1,12.6
323,2026-08-31,CDMX,Meter_v2,9,1,8.7
323,2026-09-01,CDMX,Meter_v2,9,0,0.4
324,2026-08-12,Monterrey,Meter_Audio_v1,27,1,10.7
324,2026-08-13,Monterrey,Meter_Audio_v1,27,1,13.3
324,2026-08-14,Monterrey,Meter_Audio_v1,27,1,10.4
324,2026-08-15,Monterrey,Meter_Audio_v1,27,0,1.8
324,2026-08-16,Monterrey,Meter_Audio_v1,27,1,14.2
324,2026-08-17,Monterrey,Meter_Audio_v1,27,1,14.0
324,2026-08-18,Monterrey,Meter_Audio_v1,27,1,14.8
324,2026-08-19,Monterrey,Meter_Audio_v1,27,1,7.7
324,2026-08-20,Monterrey,Meter_Audio_v1,27,1,12.3
324,2026-08-21,Monterrey,Meter_Audio_v1,27,1,10.1
324,2026-08-22,Monterrey,Meter_Audio_v1,27,1,9.6
324,2026-08-23,Monterrey,Meter_Audio_v1,27,1,14.5
324,2026-08-24,Monterrey,Meter_Audio_v1,27,1,9.9
324,2026-08-25,Monterrey,Meter_Audio_v1,27,1,7.5
324,2026-08-26,Monterrey,Meter_Audio_v1,27,1,11.6
324,2026-08-27,Monterrey,Meter_Audio_v1,27,1,13.8
324,2026-08-28,Monterrey,Meter_Audio_v1,27,1,10.9
324,2026-08-29,Monterrey,Meter_Audio_v1,27,1,14.3
324,2026-08-30,Monterrey,Meter_Audio_v1,27,1,7.7
324,2026-08-31,Monterrey,Meter_Audio_v1,27,1,12.2
324,2026-09-01,Monterrey,Meter_Audio_v1,27,1,6.6
325,2026-08-12,Puebla,Meter_Audio_v1,4,1,9.6
325,2026-08-13,Puebla,Meter_Audio_v1,4,1,6.6
325,2026-08-14,Puebla,Meter_Audio_v1,4,0,0.3
325,2026-08-15,Puebla,Meter_Audio_v1,4,1,14.2
325,2026-08-16,Puebla,Meter_Audio_v1,4,0,2.4
325,2026-08-17,Puebla,Meter_Audio_v1,4,1,6.1
325,2026-08-18,Puebla,Meter_Audio_v1,4,1,14.5
325,2026-08-19,Puebla,Meter_Audio_v1,4,1,9.7
325,2026-08-20,Puebla,Meter_Audio_v1,4,0,2.1
325,2026-08-21,Puebla,Meter_Audio_v1,4,1,7.7
325,2026-08-22,Puebla,Meter_Audio_v1,4,1,13.3
325,2026-08-23,Puebla,Meter_Audio_v1,4,1,10.0
325,2026-08-24,Puebla,Meter_Audio_v1,4,1,14.6
325,2026-08-25,Puebla,Meter_Audio_v1,4,1,9.1
325,2026-08-26,Puebla,Meter_Audio_v1,4,1,9.8
325,2026-08-27,Puebla,Meter_Audio_v1,4,1,10.7
325,2026-08-28,Puebla,Meter_Audio_v1,4,1,8.9
325,2026-08-29,Puebla,Meter_Audio_v1,4,1,9.9
325,2026-08-30,Puebla,Meter_Audio_v1,4,1,11.1
325,2026-08-31,Puebla,Meter_Audio_v1,4,1,11.4
325,2026-09-01,Puebla,Meter_Audio_v1,4,1,13.7
326,2026-08-12,Tijuana,Meter_v2,12,1,9.6
326,2026-08-13,Tijuana,Meter_v2,12,1,6.9
326,2026-08-14,Tijuana,Meter_v2,12,1,7.0
326,2026-08-15,Tijuana,Meter_v2,12,1,12.7
326,2026-08-16,Tijuana,Meter_v2,12,1,12.9
326,2026-08-17,Tijuana,Meter_v2,12,1,15.0
326,2026-08-18,Tijuana,Meter_v2,12,0,2.4
326,2026-08-19,Tijuana,Meter_v2,12,1,14.6
326,2026-08-20,Tijuana,Meter_v2,12,1,9.3
326,2026-08-21,Tijuana,Meter_v2,12,1,7.0
326,2026-08-22,Tijuana,Meter_v2,12,1,6.4
326,2026-08-23,Tijuana,Meter_v2,12,1,13.8
326,2026-08-24,Tijuana,Meter_v2,12,1,13.5
326,2026-08-25,Tijuana,Meter_v2,12,1,9.1
326,2026-08-26,Tijuana,Meter_v2,12,1,12.8
326,2026-08-27,Tijuana,Meter_v2,12,1,6.9
326,2026-08-28,Tijuana,Meter_v2,12,1,13.0
326,2026-08-29,Tijuana,Meter_v2,12,1,13.4
326,2026-08-30,Tijuana,Meter_v2,12,1,11.2
326,2026-08-31,Tijuana,Meter_v2,12,1,14.8
326,2026-09-01,Tijuana,Meter_v2,12,1,7.2
327,2026-08-12,Guadalajara,Meter_v2,2,1,12.8
327,2026-08-13,Guadalajara,Meter_v2,2,1,8.3
327,2026-08-14,Guadalajara,Meter_v2,2,1,8.8
327,2026-08-15,Guadalajara,Meter_v2,2,1,6.5
327,2026-08-16,Guadalajara,Meter_v2,2,1,13.6
327,2026-08-17,Guadalajara,Meter_v2,2,1,11.7
327,2026-08-18,Guadalajara,Meter_v2,2,1,12.2
327,2026-08-19,Guadalajara,Meter_v2,2,1,12.5
327,2026-08-20,Guadalajara,Meter_v2,2,1,9.9
327,2026-08-21,Guadalajara,Meter_v2,2,1,8.4
327,2026-08-22,Guadalajara,Meter_v2,2,1,9.9
327,2026-08-23,Guadalajara,Meter_v2,2,1,12.8
327,2026-08-24,Guadalajara,Meter_v2,2,1,7.2
327,2026-08-25,Guadalajara,Meter_v2,2,1,8.2
327,2026-08-26,Guadalajara,Meter_v2,2,1,6.1
327,2026-08-27,Guadalajara,Meter_v2,2,1,9.1
327,2026-08-28,Guadalajara,Meter_v2,2,1,8.2
327,2026-08-29,Guadalajara,Meter_v2,2,1,14.7
327,2026-08-30,Guadalajara,Meter_v2,2,1,7.4
327,2026-08-31,Guadalajara,Meter_v2,2,1,12.1
327,2026-09-01,Guadalajara,Meter_v2,2,1,8.2
328,2026-08-12,CDMX,Meter_v3,5,1,6.1
328,2026-08-13,CDMX,Meter_v3,5,1,8.2
328,2026-08-14,CDMX,Meter_v3,5,1,9.9
328,2026-08-15,CDMX,Meter_v3,5,1,13.9
328,2026-08-16,CDMX,Meter_v3,5,1,8.1
328,2026-08-17,CDMX,Meter_v3,5,0,0.0
328,2026-08-18,CDMX,Meter_v3,5,1,13.7
328,2026-08-19,CDMX,Meter_v3,5,0,1.4
328,2026-08-20,CDMX,Meter_v3,5,1,8.8
328,2026-08-21,CDMX,Meter_v3,5,1,9.3
328,2026-08-22,CDMX,Meter_v3,5,1,14.1
328,2026-08-23,CDMX,Meter_v3,5,1,12.5
328,2026-08-24,CDMX,Meter_v3,5,1,8.6
328,2026-08-25,CDMX,Meter_v3,5,1,12.5
328,2026-08-26,CDMX,Meter_v3,5,1,6.2
328,2026-08-27,CDMX,Meter_v3,5,1,7.2
328,2026-08-28,CDMX,Meter_v3,5,1,6.5
328,2026-08-29,CDMX,Meter_v3,5,0,0.4
328,2026-08-30,CDMX,Meter_v3,5,1,13.7
328,2026-08-31,CDMX,Meter_v3,5,1,10.6
328,2026-09-01,CDMX,Meter_v3,5,1,8.0
329,2026-08-12,Tijuana,Meter_v3,50,1,10.4
329,2026-08-13,Tijuana,Meter_v3,50,1,10.9
329,2026-08-14,Tijuana,Meter_v3,50,1,8.6
329,2026-08-15,Tijuana,Meter_v3,50,1,12.7
329,2026-08-16,Tijuana,Meter_v3,50,1,9.4
329,2026-08-17,Tijuana,Meter_v3,50,1,13.9
329,2026-08-18,Tijuana,Meter_v3,50,1,9.3
329,2026-08-19,Tijuana,Meter_v3,50,1,7.7
329,2026-08-20,Tijuana,Meter_v3,50,1,10.2
329,2026-08-21,Tijuana,Meter_v3,50,1,10.7
329,2026-08-22,Tijuana,Meter_v3,50,1,6.4
329,2026-08-23,Tijuana,Meter_v3,50,1,10.0
329,2026-08-24,Tijuana,Meter_v3,50,1,9.3
329,2026-08-25,Tijuana,Meter_v3,50,1,11.1
329,2026-08-26,Tijuana,Meter_v3,50,1,12.3
329,2026-08-27,Tijuana,Meter_v3,50,1,9.2
329,2026-08-28,Tijuana,Meter_v3,50,1,8.1
329,2026-08-29,Tijuana,Meter_v3,50,1,6.7
329,2026-08-30,Tijuana,Meter_v3,50,1,7.4
329,2026-08-31,Tijuana,Meter_v3,50,1,11.7
329,2026-09-01,Tijuana,Meter_v3,50,1,14.2
330,2026-08-12,CDMX,Meter_v3,7,1,13.3
330,2026-08-13,CDMX,Meter_v3,7,1,11.5
330,2026-08-14,CDMX,Meter_v3,7,1,11.5
330,2026-08-15,CDMX,Meter_v3,7,1,12.2
330,2026-08-16,CDMX,Meter_v3,7,1,13.1
330,2026-08-17,CDMX,Meter_v3,7,1,15.0
330,2026-08-18,CDMX,Meter_v3,7,1,14.4
330,2026-08-19,CDMX,Meter_v3,7,1,6.5
330,2026-08-20,CDMX,Meter_v3,7,1,14.4
330,2026-08-21,CDMX,Meter_v3,7,1,13.7
330,2026-08-22,CDMX,Meter_v3,7,1,6.8
330,2026-08-23,CDMX,Meter_v3,7,1,8.1
330,2026-08-24,CDMX,Meter_v3,7,1,7.0
330,2026-08-25,CDMX,Meter_v3,7,1,15.0
330,2026-08-26,CDMX,Meter_v3,7,1,11.1
330,2026-08-27,CDMX,Meter_v3,7,0,0.3
330,2026-08-28,CDMX,Meter_v3,7,1,6.6
330,2026-08-29,CDMX,Meter_v3,7,1,7.7
330,2026-08-30,CDMX,Meter_v3,7,1,11.9
330,2026-08-31,CDMX,Meter_v3,7,1,10.0
330,2026-09-01,CDMX,Meter_v3,7,1,12.0
331,2026-08-12,CDMX,Meter_v3,41,0,1.7
331,2026-08-13,CDMX,Meter_v3,41,1,8.4
331,2026-08-14,CDMX,Meter_v3,41,1,10.6
331,2026-08-15,CDMX,Meter_v3,41,1,6.6
331,2026-08-16,CDMX,Meter_v3,41,1,14.1
331,2026-08-17,CDMX,Meter_v3,41,1,14.5
331,2026-08-18,CDMX,Meter_v3,41,1,9.5
331,2026-08-19,CDMX,Meter_v3,41,1,10.4
331,2026-08-20,CDMX,Meter_v3,41,1,8.4
331,2026-08-21,CDMX,Meter_v3,41,0,0.1
331,2026-08-22,CDMX,Meter_v3,41,1,7.1
331,2026-08-23,CDMX,Meter_v3,41,1,7.9
331,2026-08-24,CDMX,Meter_v3,41,1,9.8
331,2026-08-25,CDMX,Meter_v3,41,1,6.1
331,2026-08-26,CDMX,Meter_v3,41,1,13.0
331,2026-08-27,CDMX,Meter_v3,41,0,1.6
331,2026-08-28,CDMX,Meter_v3,41,1,9.5
331,2026-08-29,CDMX,Meter_v3,41,1,9.4
331,2026-08-30,CDMX,Meter_v3,41,1,6.7
331,2026-08-31,CDMX,Meter_v3,41,1,10.6
331,2026-09-01,CDMX,Meter_v3,41,1,9.6
332,2026-08-12,Guadalajara,Meter_v3,14,1,13.0
332,2026-08-13,Guadalajara,Meter_v3,14,0,1.4
332,2026-08-14,Guadalajara,Meter_v3,14,1,10.3
332,2026-08-15,Guadalajara,Meter_v3,14,1,10.7
332,2026-08-16,Guadalajara,Meter_v3,14,1,14.3
332,2026-08-17,Guadalajara,Meter_v3,14,1,8.0
332,2026-08-18,Guadalajara,Meter_v3,14,1,11.0
332,2026-08-19,Guadalajara,Meter_v3,14,1,12.2
332,2026-08-20,Guadalajara,Meter_v3,14,1,14.0
332,2026-08-21,Guadalajara,Meter_v3,14,1,7.0
332,2026-08-22,Guadalajara,Meter_v3,14,1,8.8
332,2026-08-23,Guadalajara,Meter_v3,14,0,1.3
332,2026-08-24,Guadalajara,Meter_v3,14,1,12.5
332,2026-08-25,Guadalajara,Meter_v3,14,1,9.2
332,2026-08-26,Guadalajara,Meter_v3,14,1,13.2
332,2026-08-27,Guadalajara,Meter_v3,14,0,0.7
332,2026-08-28,Guadalajara,Meter_v3,14,1,13.0
332,2026-08-29,Guadalajara,Meter_v3,14,1,8.9
332,2026-08-30,Guadalajara,Meter_v3,14,1,6.6
332,2026-08-31,Guadalajara,Meter_v3,14,1,13.8
332,2026-09-01,Guadalajara,Meter_v3,14,1,10.6
333,2026-08-12,Guadalajara,Meter_Audio_v1,1,1,6.2
333,2026-08-13,Guadalajara,Meter_Audio_v1,1,1,14.7
333,2026-08-14,Guadalajara,Meter_Audio_v1,1,1,13.0
333,2026-08-15,Guadalajara,Meter_Audio_v1,1,1,6.2
333,2026-08-16,Guadalajara,Meter_Audio_v1,1,1,13.1
333,2026-08-17,Guadalajara,Meter_Audio_v1,1,1,6.9
333,2026-08-18,Guadalajara,Meter_Audio_v1,1,0,0.7
333,2026-08-19,Guadalajara,Meter_Audio_v1,1,1,9.3
333,2026-08-20,Guadalajara,Meter_Audio_v1,1,1,8.2
333,2026-08-21,Guadalajara,Meter_Audio_v1,1,1,12.4
333,2026-08-22,Guadalajara,Meter_Audio_v1,1,1,8.6
333,2026-08-23,Guadalajara,Meter_Audio_v1,1,1,10.6
333,2026-08-24,Guadalajara,Meter_Audio_v1,1,1,14.7
333,2026-08-25,Guadalajara,Meter_Audio_v1,1,1,14.9
333,2026-08-26,Guadalajara,Meter_Audio_v1,1,1,13.5
333,2026-08-27,Guadalajara,Meter_Audio_v1,1,1,8.5
333,2026-08-28,Guadalajara,Meter_Audio_v1,1,1,7.8
333,2026-08-29,Guadalajara,Meter_Audio_v1,1,1,10.1
333,2026-08-30,Guadalajara,Meter_Audio_v1,1,1,6.5
333,2026-08-31,Guadalajara,Meter_Audio_v1,1,1,7.6
333,2026-09-01,Guadalajara,Meter_Audio_v1,1,1,14.7
334,2026-08-12,CDMX,Meter_v2,29,1,9.0
334,2026-08-13,CDMX,Meter_v2,29,0,0.0
334,2026-08-14,CDMX,Meter_v2,29,1,14.4
334,2026-08-15,CDMX,Meter_v2,29,1,7.8
334,2026-08-16,CDMX,Meter_v2,29,1,10.2
334,2026-08-17,CDMX,Meter_v2,29,1,7.2
334,2026-08-18,CDMX,Meter_v2,29,1,6.7
334,2026-08-19,CDMX,Meter_v2,29,0,2.3
334,2026-08-20,CDMX,Meter_v2,29,0,2.2
334,2026-08-21,CDMX,Meter_v2,29,1,12.8
334,2026-08-22,CDMX,Meter_v2,29,1,12.2
334,2026-08-23,CDMX,Meter_v2,29,1,7.3
334,2026-08-24,CDMX,Meter_v2,29,1,9.1
334,2026-08-25,CDMX,Meter_v2,29,1,10.1
334,2026-08-26,CDMX,Meter_v2,29,1,7.5
334,2026-08-27,CDMX,Meter_v2,29,0,2.1
334,2026-08-28,CDMX,Meter_v2,29,1,7.1
334,2026-08-29,CDMX,Meter_v2,29,1,7.8
334,2026-08-30,CDMX,Meter_v2,29,1,11.2
334,2026-08-31,CDMX,Meter_v2,29,1,6.7
334,2026-09-01,CDMX,Meter_v2,29,1,12.1
335,2026-08-12,Guadalajara,Meter_v2,1,1,6.6
335,2026-08-13,Guadalajara,Meter_v2,1,1,6.1
335,2026-08-14,Guadalajara,Meter_v2,1,1,12.3
335,2026-08-15,Guadalajara,Meter_v2,1,1,6.7
335,2026-08-16,Guadalajara,Meter_v2,1,1,9.6
335,2026-08-17,Guadalajara,Meter_v2,1,1,13.5
335,2026-08-18,Guadalajara,Meter_v2,1,1,7.7
335,2026-08-19,Guadalajara,Meter_v2,1,1,11.9
335,2026-08-20,Guadalajara,Meter_v2,1,1,7.0
335,2026-08-21,Guadalajara,Meter_v2,1,1,12.1
335,2026-08-22,Guadalajara,Meter_v2,1,1,10.0
335,2026-08-23,Guadalajara,Meter_v2,1,1,8.5
335,2026-08-24,Guadalajara,Meter_v2,1,1,11.0
335,2026-08-25,Guadalajara,Meter_v2,1,1,10.9
335,2026-08-26,Guadalajara,Meter_v2,1,1,9.5
335,2026-08-27,Guadalajara,Meter_v2,1,1,9.2
335,2026-08-28,Guadalajara,Meter_v2,1,1,12.6
335,2026-08-29,Guadalajara,Meter_v2,1,1,9.7
335,2026-08-30,Guadalajara,Meter_v2,1,1,10.6
335,2026-08-31,Guadalajara,Meter_v2,1,1,12.9
335,2026-09-01,Guadalajara,Meter_v2,1,0,2.5
336,2026-08-12,CDMX,Meter_v3,32,1,6.7
336,2026-08-13,CDMX,Meter_v3,32,0,2.1
336,2026-08-14,CDMX,Meter_v3,32,1,13.5
336,2026-08-15,CDMX,Meter_v3,32,0,3.0
336,2026-08-16,CDMX,Meter_v3,32,1,12.1
336,2026-08-17,CDMX,Meter_v3,32,1,12.9
336,2026-08-18,CDMX,Meter_v3,32,1,12.0
336,2026-08-19,CDMX,Meter_v3,32,0,0.3
336,2026-08-20,CDMX,Meter_v3,32,1,6.2
336,2026-08-21,CDMX,Meter_v3,32,1,11.8
336,2026-08-22,CDMX,Meter_v3,32,1,9.9
336,2026-08-23,CDMX,Meter_v3,32,1,6.8
336,2026-08-24,CDMX,Meter_v3,32,1,6.3
336,2026-08-25,CDMX,Meter_v3,32,1,12.9
336,2026-08-26,CDMX,Meter_v3,32,1,7.0
336,2026-08-27,CDMX,Meter_v3,32,1,9.3
336,2026-08-28,CDMX,Meter_v3,32,1,10.5
336,2026-08-29,CDMX,Meter_v3,32,1,8.3
336,2026-08-30,CDMX,Meter_v3,32,1,12.5
336,2026-08-31,CDMX,Meter_v3,32,1,10.8
336,2026-09-01,CDMX,Meter_v3,32,1,14.0
337,2026-08-12,Guadalajara,Meter_v2,1,1,7.1
337,2026-08-13,Guadalajara,Meter_v2,1,0,0.0
337,2026-08-14,Guadalajara,Meter_v2,1,1,10.2
337,2026-08-15,Guadalajara,Meter_v2,1,1,8.1
337,2026-08-16,Guadalajara,Meter_v2,1,1,10.2
337,2026-08-17,Guadalajara,Meter_v2,1,1,8.1
337,2026-08-18,Guadalajara,Meter_v2,1,1,8.1
337,2026-08-19,Guadalajara,Meter_v2,1,1,11.7
337,2026-08-20,Guadalajara,Meter_v2,1,1,9.6
337,2026-08-21,Guadalajara,Meter_v2,1,1,7.9
337,2026-08-22,Guadalajara,Meter_v2,1,1,11.8
337,2026-08-23,Guadalajara,Meter_v2,1,1,11.9
337,2026-08-24,Guadalajara,Meter_v2,1,1,10.7
337,2026-08-25,Guadalajara,Meter_v2,1,1,14.7
337,2026-08-26,Guadalajara,Meter_v2,1,1,6.8
337,2026-08-27,Guadalajara,Meter_v2,1,1,11.3
337,2026-08-28,Guadalajara,Meter_v2,1,1,10.2
337,2026-08-29,Guadalajara,Meter_v2,1,1,8.4
337,2026-08-30,Guadalajara,Meter_v2,1,1,10.9
337,2026-08-31,Guadalajara,Meter_v2,1,1,11.3
337,2026-09-01,Guadalajara,Meter_v2,1,1,7.1
338,2026-08-12,CDMX,Meter_v3,21,1,14.6
338,2026-08-13,CDMX,Meter_v3,21,1,6.1
338,2026-08-14,CDMX,Meter_v3,21,1,9.0
338,2026-08-15,CDMX,Meter_v3,21,1,12.4
338,2026-08-16,CDMX,Meter_v3,21,1,8.6
338,2026-08-17,CDMX,Meter_v3,21,1,11.0
338,2026-08-18,CDMX,Meter_v3,21,1,11.7
338,2026-08-19,CDMX,Meter_v3,21,1,7.1
338,2026-08-20,CDMX,Meter_v3,21,1,12.8
338,2026-08-21,CDMX,Meter_v3,21,1,13.8
338,2026-08-22,CDMX,Meter_v3,21,0,3.0
338,2026-08-23,CDMX,Meter_v3,21,1,12.3
338,2026-08-24,CDMX,Meter_v3,21,1,13.4
338,2026-08-25,CDMX,Meter_v3,21,1,6.8
338,2026-08-26,CDMX,Meter_v3,21,1,10.3
338,2026-08-27,CDMX,Meter_v3,21,0,2.6
338,2026-08-28,CDMX,Meter_v3,21,1,7.9
338,2026-08-29,CDMX,Meter_v3,21,1,11.7
338,2026-08-30,CDMX,Meter_v3,21,1,6.2
338,2026-08-31,CDMX,Meter_v3,21,1,6.9
338,2026-09-01,CDMX,Meter_v3,21,1,10.5
339,2026-08-12,Monterrey,Meter_v2,4,1,8.4
339,2026-08-13,Monterrey,Meter_v2,4,1,12.2
339,2026-08-14,Monterrey,Meter_v2,4,1,9.1
339,2026-08-15,Monterrey,Meter_v2,4,1,11.2
339,2026-08-16,Monterrey,Meter_v2,4,1,7.5
339,2026-08-17,Monterrey,Meter_v2,4,1,8.8
339,2026-08-18,Monterrey,Meter_v2,4,1,13.3
339,2026-08-19,Monterrey,Meter_v2,4,1,11.4
339,2026-08-20,Monterrey,Meter_v2,4,1,6.7
339,2026-08-21,Monterrey,Meter_v2,4,1,6.6
339,2026-08-22,Monterrey,Meter_v2,4,1,8.1
339,2026-08-23,Monterrey,Meter_v2,4,1,12.4
339,2026-08-24,Monterrey,Meter_v2,4,1,11.8
339,2026-08-25,Monterrey,Meter_v2,4,1,7.6
339,2026-08-26,Monterrey,Meter_v2,4,1,11.3
339,2026-08-27,Monterrey,Meter_v2,4,1,10.2
339,2026-08-28,Monterrey,Meter_v2,4,0,0.0
339,2026-08-29,Monterrey,Meter_v2,4,1,14.6
339,2026-08-30,Monterrey,Meter_v2,4,1,8.4
339,2026-08-31,Monterrey,Meter_v2,4,1,10.5
339,2026-09-01,Monterrey,Meter_v2,4,1,6.4
340,2026-08-12,CDMX,Meter_v2,8,1,9.8
340,2026-08-13,CDMX,Meter_v2,8,1,6.1
340,2026-08-14,CDMX,Meter_v2,8,1,14.3
340,2026-08-15,CDMX,Meter_v2,8,1,14.8
340,2026-08-16,CDMX,Meter_v2,8,1,8.3
340,2026-08-17,CDMX,Meter_v2,8,1,10.0
340,2026-08-18,CDMX,Meter_v2,8,1,12.1
340,2026-08-19,CDMX,Meter_v2,8,1,11.1
340,2026-08-20,CDMX,Meter_v2,8,1,13.3
340,2026-08-21,CDMX,Meter_v2,8,1,6.7
340,2026-08-22,CDMX,Meter_v2,8,1,7.2
340,2026-08-23,CDMX,Meter_v2,8,1,9.8
340,2026-08-24,CDMX,Meter_v2,8,1,14.5
340,2026-08-25,CDMX,Meter_v2,8,1,8.8
340,2026-08-26,CDMX,Meter_v2,8,1,14.0
340,2026-08-27,CDMX,Meter_v2,8,1,7.1
340,2026-08-28,CDMX,Meter_v2,8,1,7.2
340,2026-08-29,CDMX,Meter_v2,8,1,6.3
340,2026-08-30,CDMX,Meter_v2,8,1,13.5
340,2026-08-31,CDMX,Meter_v2,8,1,10.8
340,2026-09-01,CDMX,Meter_v2,8,1,11.9
341,2026-08-12,Monterrey,Meter_v3,55,1,10.2
341,2026-08-13,Monterrey,Meter_v3,55,1,14.1
341,2026-08-14,Monterrey,Meter_v3,55,1,13.3
341,2026-08-15,Monterrey,Meter_v3,55,1,12.4
341,2026-08-16,Monterrey,Meter_v3,55,0,1.0
341,2026-08-17,Monterrey,Meter_v3,55,1,12.4
341,2026-08-18,Monterrey,Meter_v3,55,1,9.6
341,2026-08-19,Monterrey,Meter_v3,55,1,9.3
341,2026-08-20,Monterrey,Meter_v3,55,1,9.4
341,2026-08-21,Monterrey,Meter_v3,55,1,13.4
341,2026-08-22,Monterrey,Meter_v3,55,1,7.2
341,2026-08-23,Monterrey,Meter_v3,55,1,10.5
341,2026-08-24,Monterrey,Meter_v3,55,1,14.3
341,2026-08-25,Monterrey,Meter_v3,55,0,1.1
341,2026-08-26,Monterrey,Meter_v3,55,0,0.6
341,2026-08-27,Monterrey,Meter_v3,55,0,1.4
341,2026-08-28,Monterrey,Meter_v3,55,0,0.3
341,2026-08-29,Monterrey,Meter_v3,55,0,0.3
341,2026-08-30,Monterrey,Meter_v3,55,1,12.2
341,2026-08-31,Monterrey,Meter_v3,55,0,2.9
341,2026-09-01,Monterrey,Meter_v3,55,1,14.2
342,2026-08-12,Tijuana,Meter_v3,12,1,6.6
342,2026-08-13,Tijuana,Meter_v3,12,1,10.2
342,2026-08-14,Tijuana,Meter_v3,12,1,13.9
342,2026-08-15,Tijuana,Meter_v3,12,1,10.4
342,2026-08-16,Tijuana,Meter_v3,12,1,10.3
342,2026-08-17,Tijuana,Meter_v3,12,1,10.2
342,2026-08-18,Tijuana,Meter_v3,12,1,9.8
342,2026-08-19,Tijuana,Meter_v3,12,0,1.0
342,2026-08-20,Tijuana,Meter_v3,12,1,13.3
342,2026-08-21,Tijuana,Meter_v3,12,1,8.7
342,2026-08-22,Tijuana,Meter_v3,12,1,9.8
342,2026-08-23,Tijuana,Meter_v3,12,1,12.7
342,2026-08-24,Tijuana,Meter_v3,12,1,7.9
342,2026-08-25,Tijuana,Meter_v3,12,1,8.9
342,2026-08-26,Tijuana,Meter_v3,12,1,8.4
342,2026-08-27,Tijuana,Meter_v3,12,1,9.3
342,2026-08-28,Tijuana,Meter_v3,12,0,0.0
342,2026-08-29,Tijuana,Meter_v3,12,1,6.9
342,2026-08-30,Tijuana,Meter_v3,12,1,10.8
342,2026-08-31,Tijuana,Meter_v3,12,1,9.1
342,2026-09-01,Tijuana,Meter_v3,12,1,11.9
343,2026-08-12,Tijuana,Meter_v3,20,1,10.9
343,2026-08-13,Tijuana,Meter_v3,20,1,11.0
343,2026-08-14,Tijuana,Meter_v3,20,1,7.0
343,2026-08-15,Tijuana,Meter_v3,20,1,12.9
343,2026-08-16,Tijuana,Meter_v3,20,1,14.5
343,2026-08-17,Tijuana,Meter_v3,20,1,13.6
343,2026-08-18,Tijuana,Meter_v3,20,1,11.9
343,2026-08-19,Tijuana,Meter_v3,20,1,7.7
343,2026-08-20,Tijuana,Meter_v3,20,1,6.2
343,2026-08-21,Tijuana,Meter_v3,20,1,9.8
343,2026-08-22,Tijuana,Meter_v3,20,1,10.1
343,2026-08-23,Tijuana,Meter_v3,20,1,6.7
343,2026-08-24,Tijuana,Meter_v3,20,1,14.8
343,2026-08-25,Tijuana,Meter_v3,20,1,6.7
343,2026-08-26,Tijuana,Meter_v3,20,1,14.2
343,2026-08-27,Tijuana,Meter_v3,20,1,11.1
343,2026-08-28,Tijuana,Meter_v3,20,1,6.5
343,2026-08-29,Tijuana,Meter_v3,20,1,7.1
343,2026-08-30,Tijuana,Meter_v3,20,1,9.2
343,2026-08-31,Tijuana,Meter_v3,20,1,7.3
343,2026-09-01,Tijuana,Meter_v3,20,1,10.9
344,2026-08-12,Guadalajara,Meter_v2,25,1,8.4
344,2026-08-13,Guadalajara,Meter_v2,25,1,7.9
344,2026-08-14,Guadalajara,Meter_v2,25,1,12.3
344,2026-08-15,Guadalajara,Meter_v2,25,1,10.9
344,2026-08-16,Guadalajara,Meter_v2,25,1,12.7
344,2026-08-17,Guadalajara,Meter_v2,25,1,10.0
344,2026-08-18,Guadalajara,Meter_v2,25,1,10.3
344,2026-08-19,Guadalajara,Meter_v2,25,1,7.2
344,2026-08-20,Guadalajara,Meter_v2,25,1,14.3
344,2026-08-21,Guadalajara,Meter_v2,25,1,10.6
344,2026-08-22,Guadalajara,Meter_v2,25,0,0.9
344,2026-08-23,Guadalajara,Meter_v2,25,1,14.8
344,2026-08-24,Guadalajara,Meter_v2,25,1,13.5
344,2026-08-25,Guadalajara,Meter_v2,25,0,2.4
344,2026-08-26,Guadalajara,Meter_v2,25,1,14.8
344,2026-08-27,Guadalajara,Meter_v2,25,1,7.9
344,2026-08-28,Guadalajara,Meter_v2,25,1,14.1
344,2026-08-29,Guadalajara,Meter_v2,25,1,8.4
344,2026-08-30,Guadalajara,Meter_v2,25,1,14.2
344,2026-08-31,Guadalajara,Meter_v2,25,1,6.7
344,2026-09-01,Guadalajara,Meter_v2,25,1,14.1
345,2026-08-12,Tijuana,Meter_v3,3,1,11.8
345,2026-08-13,Tijuana,Meter_v3,3,1,12.0
345,2026-08-14,Tijuana,Meter_v3,3,1,6.2
345,2026-08-15,Tijuana,Meter_v3,3,1,10.7
345,2026-08-16,Tijuana,Meter_v3,3,1,10.0
345,2026-08-17,Tijuana,Meter_v3,3,1,13.8
345,2026-08-18,Tijuana,Meter_v3,3,1,10.2
345,2026-08-19,Tijuana,Meter_v3,3,1,13.9
345,2026-08-20,Tijuana,Meter_v3,3,1,9.2
345,2026-08-21,Tijuana,Meter_v3,3,0,0.5
345,2026-08-22,Tijuana,Meter_v3,3,1,8.6
345,2026-08-23,Tijuana,Meter_v3,3,0,0.0
345,2026-08-24,Tijuana,Meter_v3,3,1,7.8
345,2026-08-25,Tijuana,Meter_v3,3,1,9.4
345,2026-08-26,Tijuana,Meter_v3,3,1,10.9
345,2026-08-27,Tijuana,Meter_v3,3,1,6.3
345,2026-08-28,Tijuana,Meter_v3,3,1,8.2
345,2026-08-29,Tijuana,Meter_v3,3,1,11.6
345,2026-08-30,Tijuana,Meter_v3,3,1,11.9
345,2026-08-31,Tijuana,Meter_v3,3,1,10.6
345,2026-09-01,Tijuana,Meter_v3,3,0,0.0
346,2026-08-12,Monterrey,Meter_v2,33,1,8.4
346,2026-08-13,Monterrey,Meter_v2,33,1,8.2
346,2026-08-14,Monterrey,Meter_v2,33,1,10.7
346,2026-08-15,Monterrey,Meter_v2,33,1,11.3
346,2026-08-16,Monterrey,Meter_v2,33,1,13.6
346,2026-08-17,Monterrey,Meter_v2,33,1,14.7
346,2026-08-18,Monterrey,Meter_v2,33,1,6.8
346,2026-08-19,Monterrey,Meter_v2,33,1,7.4
346,2026-08-20,Monterrey,Meter_v2,33,1,7.2
346,2026-08-21,Monterrey,Meter_v2,33,1,6.8
346,2026-08-22,Monterrey,Meter_v2,33,1,10.8
346,2026-08-23,Monterrey,Meter_v2,33,1,14.1
346,2026-08-24,Monterrey,Meter_v2,33,1,12.0
346,2026-08-25,Monterrey,Meter_v2,33,1,6.7
346,2026-08-26,Monterrey,Meter_v2,33,1,9.8
346,2026-08-27,Monterrey,Meter_v2,33,1,13.8
346,2026-08-28,Monterrey,Meter_v2,33,1,8.7
346,2026-08-29,Monterrey,Meter_v2,33,1,6.4
346,2026-08-30,Monterrey,Meter_v2,33,1,14.0
346,2026-08-31,Monterrey,Meter_v2,33,1,10.1
346,2026-09-01,Monterrey,Meter_v2,33,1,14.3
347,2026-08-12,CDMX,Meter_v3,45,1,10.2
347,2026-08-13,CDMX,Meter_v3,45,1,8.6
347,2026-08-14,CDMX,Meter_v3,45,1,12.2
347,2026-08-15,CDMX,Meter_v3,45,1,13.1
347,2026-08-16,CDMX,Meter_v3,45,1,11.3
347,2026-08-17,CDMX,Meter_v3,45,1,8.8
347,2026-08-18,CDMX,Meter_v3,45,1,6.7
347,2026-08-19,CDMX,Meter_v3,45,1,11.6
347,2026-08-20,CDMX,Meter_v3,45,1,11.6
347,2026-08-21,CDMX,Meter_v3,45,1,7.5
347,2026-08-22,CDMX,Meter_v3,45,1,13.7
347,2026-08-23,CDMX,Meter_v3,45,1,12.1
347,2026-08-24,CDMX,Meter_v3,45,1,11.6
347,2026-08-25,CDMX,Meter_v3,45,1,8.7
347,2026-08-26,CDMX,Meter_v3,45,1,14.4
347,2026-08-27,CDMX,Meter_v3,45,1,6.1
347,2026-08-28,CDMX,Meter_v3,45,0,2.3
347,2026-08-29,CDMX,Meter_v3,45,1,15.0
347,2026-08-30,CDMX,Meter_v3,45,1,10.5
347,2026-08-31,CDMX,Meter_v3,45,1,7.8
347,2026-09-01,CDMX,Meter_v3,45,1,6.0
348,2026-08-12,Monterrey,Meter_v2,4,1,11.5
348,2026-08-13,Monterrey,Meter_v2,4,1,9.3
348,2026-08-14,Monterrey,Meter_v2,4,1,7.1
348,2026-08-15,Monterrey,Meter_v2,4,1,12.6
348,2026-08-16,Monterrey,Meter_v2,4,1,11.1
348,2026-08-17,Monterrey,Meter_v2,4,1,6.3
348,2026-08-18,Monterrey,Meter_v2,4,1,12.6
348,2026-08-19,Monterrey,Meter_v2,4,1,13.0
348,2026-08-20,Monterrey,Meter_v2,4,0,1.7
348,2026-08-21,Monterrey,Meter_v2,4,1,10.8
348,2026-08-22,Monterrey,Meter_v2,4,1,6.9
348,2026-08-23,Monterrey,Meter_v2,4,1,13.8
348,2026-08-24,Monterrey,Meter_v2,4,1,12.3
348,2026-08-25,Monterrey,Meter_v2,4,1,10.3
348,2026-08-26,Monterrey,Meter_v2,4,1,6.4
348,2026-08-27,Monterrey,Meter_v2,4,1,11.2
348,2026-08-28,Monterrey,Meter_v2,4,1,14.1
348,2026-08-29,Monterrey,Meter_v2,4,1,14.8
348,2026-08-30,Monterrey,Meter_v2,4,1,12.8
348,2026-08-31,Monterrey,Meter_v2,4,1,10.4
348,2026-09-01,Monterrey,Meter_v2,4,1,6.7
349,2026-08-12,CDMX,Meter_Audio_v1,15,1,8.3
349,2026-08-13,CDMX,Meter_Audio_v1,15,0,2.7
349,2026-08-14,CDMX,Meter_Audio_v1,15,1,13.3
349,2026-08-15,CDMX,Meter_Audio_v1,15,1,11.1
349,2026-08-16,CDMX,Meter_Audio_v1,15,1,7.5
349,2026-08-17,CDMX,Meter_Audio_v1,15,1,13.9
349,2026-08-18,CDMX,Meter_Audio_v1,15,1,10.8
349,2026-08-19,CDMX,Meter_Audio_v1,15,1,13.8
349,2026-08-20,CDMX,Meter_Audio_v1,15,1,6.7
349,2026-08-21,CDMX,Meter_Audio_v1,15,1,9.8
349,2026-08-22,CDMX,Meter_Audio_v1,15,1,11.1
349,2026-08-23,CDMX,Meter_Audio_v1,15,1,6.4
349,2026-08-24,CDMX,Meter_Audio_v1,15,0,1.8
349,2026-08-25,CDMX,Meter_Audio_v1,15,1,10.2
349,2026-08-26,CDMX,Meter_Audio_v1,15,1,7.1
349,2026-08-27,CDMX,Meter_Audio_v1,15,0,0.7
349,2026-08-28,CDMX,Meter_Audio_v1,15,1,11.2
349,2026-08-29,CDMX,Meter_Audio_v1,15,1,8.0
349,2026-08-30,CDMX,Meter_Audio_v1,15,0,1.2
349,2026-08-31,CDMX,Meter_Audio_v1,15,1,12.7
349,2026-09-01,CDMX,Meter_Audio_v1,15,1,11.7
350,2026-08-12,Guadalajara,Meter_v2,7,1,7.7
350,2026-08-13,Guadalajara,Meter_v2,7,0,0.2
350,2026-08-14,Guadalajara,Meter_v2,7,1,9.6
350,2026-08-15,Guadalajara,Meter_v2,7,0,2.4
350,2026-08-16,Guadalajara,Meter_v2,7,1,10.4
350,2026-08-17,Guadalajara,Meter_v2,7,1,9.8
350,2026-08-18,Guadalajara,Meter_v2,7,1,7.7
350,2026-08-19,Guadalajara,Meter_v2,7,1,8.2
350,2026-08-20,Guadalajara,Meter_v2,7,1,7.8
350,2026-08-21,Guadalajara,Meter_v2,7,1,6.2
350,2026-08-22,Guadalajara,Meter_v2,7,1,14.9
350,2026-08-23,Guadalajara,Meter_v2,7,0,2.4
350,2026-08-24,Guadalajara,Meter_v2,7,1,12.5
350,2026-08-25,Guadalajara,Meter_v2,7,1,12.9
350,2026-08-26,Guadalajara,Meter_v2,7,1,12.5
350,2026-08-27,Guadalajara,Meter_v2,7,1,9.9
350,2026-08-28,Guadalajara,Meter_v2,7,1,8.5
350,2026-08-29,Guadalajara,Meter_v2,7,1,14.6
350,2026-08-30,Guadalajara,Meter_v2,7,1,12.0
350,2026-08-31,Guadalajara,Meter_v2,7,1,13.0
350,2026-09-01,Guadalajara,Meter_v2,7,1,9.0
351,2026-08-12,Monterrey,Meter_v2,25,1,10.9
351,2026-08-13,Monterrey,Meter_v2,25,1,8.8
351,2026-08-14,Monterrey,Meter_v2,25,1,8.4
351,2026-08-15,Monterrey,Meter_v2,25,1,8.7
351,2026-08-16,Monterrey,Meter_v2,25,1,10.6
351,2026-08-17,Monterrey,Meter_v2,25,1,14.4
351,2026-08-18,Monterrey,Meter_v2,25,0,0.7
351,2026-08-19,Monterrey,Meter_v2,25,1,8.8
351,2026-08-20,Monterrey,Meter_v2,25,1,11.1
351,2026-08-21,Monterrey,Meter_v2,25,1,10.1
351,2026-08-22,Monterrey,Meter_v2,25,1,7.7
351,2026-08-23,Monterrey,Meter_v2,25,1,14.2
351,2026-08-24,Monterrey,Meter_v2,25,1,14.1
351,2026-08-25,Monterrey,Meter_v2,25,1,8.1
351,2026-08-26,Monterrey,Meter_v2,25,1,12.4
351,2026-08-27,Monterrey,Meter_v2,25,1,13.4
351,2026-08-28,Monterrey,Meter_v2,25,1,9.9
351,2026-08-29,Monterrey,Meter_v2,25,1,6.1
351,2026-08-30,Monterrey,Meter_v2,25,1,13.1
351,2026-08-31,Monterrey,Meter_v2,25,1,7.2
351,2026-09-01,Monterrey,Meter_v2,25,1,7.3
352,2026-08-12,CDMX,Meter_v2,1,1,13.5
352,2026-08-13,CDMX,Meter_v2,1,1,13.9
352,2026-08-14,CDMX,Meter_v2,1,1,7.6
352,2026-08-15,CDMX,Meter_v2,1,1,9.8
352,2026-08-16,CDMX,Meter_v2,1,1,15.0
352,2026-08-17,CDMX,Meter_v2,1,1,14.6
352,2026-08-18,CDMX,Meter_v2,1,1,7.0
352,2026-08-19,CDMX,Meter_v2,1,1,7.1
352,2026-08-20,CDMX,Meter_v2,1,1,12.2
352,2026-08-21,CDMX,Meter_v2,1,1,13.0
352,2026-08-22,CDMX,Meter_v2,1,1,8.8
352,2026-08-23,CDMX,Meter_v2,1,1,7.2
352,2026-08-24,CDMX,Meter_v2,1,1,6.5
352,2026-08-25,CDMX,Meter_v2,1,1,6.3
352,2026-08-26,CDMX,Meter_v2,1,1,9.3
352,2026-08-27,CDMX,Meter_v2,1,1,12.4
352,2026-08-28,CDMX,Meter_v2,1,1,13.7
352,2026-08-29,CDMX,Meter_v2,1,1,6.4
352,2026-08-30,CDMX,Meter_v2,1,1,6.9
352,2026-08-31,CDMX,Meter_v2,1,0,0.9
352,2026-09-01,CDMX,Meter_v2,1,1,11.2
353,2026-08-12,Puebla,Meter_v3,13,1,14.4
353,2026-08-13,Puebla,Meter_v3,13,1,14.5
353,2026-08-14,Puebla,Meter_v3,13,1,7.8
353,2026-08-15,Puebla,Meter_v3,13,1,13.0
353,2026-08-16,Puebla,Meter_v3,13,0,1.5
353,2026-08-17,Puebla,Meter_v3,13,1,13.5
353,2026-08-18,Puebla,Meter_v3,13,1,9.1
353,2026-08-19,Puebla,Meter_v3,13,1,8.1
353,2026-08-20,Puebla,Meter_v3,13,0,3.0
353,2026-08-21,Puebla,Meter_v3,13,1,9.2
353,2026-08-22,Puebla,Meter_v3,13,1,14.7
353,2026-08-23,Puebla,Meter_v3,13,1,13.9
353,2026-08-24,Puebla,Meter_v3,13,1,13.8
353,2026-08-25,Puebla,Meter_v3,13,1,10.1
353,2026-08-26,Puebla,Meter_v3,13,1,9.1
353,2026-08-27,Puebla,Meter_v3,13,1,13.0
353,2026-08-28,Puebla,Meter_v3,13,1,14.2
353,2026-08-29,Puebla,Meter_v3,13,1,10.4
353,2026-08-30,Puebla,Meter_v3,13,1,14.4
353,2026-08-31,Puebla,Meter_v3,13,1,11.7
353,2026-09-01,Puebla,Meter_v3,13,1,6.9
354,2026-08-12,CDMX,Meter_v2,29,0,1.8
354,2026-08-13,CDMX,Meter_v2,29,1,10.4
354,2026-08-14,CDMX,Meter_v2,29,1,12.1
354,2026-08-15,CDMX,Meter_v2,29,1,13.0
354,2026-08-16,CDMX,Meter_v2,29,0,0.3
354,2026-08-17,CDMX,Meter_v2,29,1,6.5
354,2026-08-18,CDMX,Meter_v2,29,1,8.2
354,2026-08-19,CDMX,Meter_v2,29,1,12.1
354,2026-08-20,CDMX,Meter_v2,29,1,8.6
354,2026-08-21,CDMX,Meter_v2,29,1,14.6
354,2026-08-22,CDMX,Meter_v2,29,1,7.4
354,2026-08-23,CDMX,Meter_v2,29,1,14.7
354,2026-08-24,CDMX,Meter_v2,29,1,6.6
354,2026-08-25,CDMX,Meter_v2,29,1,7.6
354,2026-08-26,CDMX,Meter_v2,29,1,13.8
354,2026-08-27,CDMX,Meter_v2,29,1,7.2
354,2026-08-28,CDMX,Meter_v2,29,1,7.1
354,2026-08-29,CDMX,Meter_v2,29,1,8.7
354,2026-08-30,CDMX,Meter_v2,29,0,2.6
354,2026-08-31,CDMX,Meter_v2,29,1,14.5
354,2026-09-01,CDMX,Meter_v2,29,1,13.0
355,2026-08-12,Tijuana,Meter_v2,24,1,13.1
355,2026-08-13,Tijuana,Meter_v2,24,1,9.9
355,2026-08-14,Tijuana,Meter_v2,24,1,9.2
355,2026-08-15,Tijuana,Meter_v2,24,0,0.4
355,2026-08-16,Tijuana,Meter_v2,24,1,12.3
355,2026-08-17,Tijuana,Meter_v2,24,1,12.7
355,2026-08-18,Tijuana,Meter_v2,24,1,7.5
355,2026-08-19,Tijuana,Meter_v2,24,0,0.2
355,2026-08-20,Tijuana,Meter_v2,24,1,12.7
355,2026-08-21,Tijuana,Meter_v2,24,1,8.4
355,2026-08-22,Tijuana,Meter_v2,24,1,11.5
355,2026-08-23,Tijuana,Meter_v2,24,1,14.2
355,2026-08-24,Tijuana,Meter_v2,24,1,9.0
355,2026-08-25,Tijuana,Meter_v2,24,0,1.3
355,2026-08-26,Tijuana,Meter_v2,24,1,8.8
355,2026-08-27,Tijuana,Meter_v2,24,1,8.5
355,2026-08-28,Tijuana,Meter_v2,24,1,14.7
355,2026-08-29,Tijuana,Meter_v2,24,0,2.0
355,2026-08-30,Tijuana,Meter_v2,24,1,14.9
355,2026-08-31,Tijuana,Meter_v2,24,0,2.2
355,2026-09-01,Tijuana,Meter_v2,24,1,9.0
356,2026-08-12,Puebla,Meter_v2,3,1,9.2
356,2026-08-13,Puebla,Meter_v2,3,1,11.1
356,2026-08-14,Puebla,Meter_v2,3,1,10.0
356,2026-08-15,Puebla,Meter_v2,3,1,7.4
356,2026-08-16,Puebla,Meter_v2,3,1,10.3
356,2026-08-17,Puebla,Meter_v2,3,0,0.7
356,2026-08-18,Puebla,Meter_v2,3,1,14.8
356,2026-08-19,Puebla,Meter_v2,3,1,8.7
356,2026-08-20,Puebla,Meter_v2,3,1,13.1
356,2026-08-21,Puebla,Meter_v2,3,1,12.8
356,2026-08-22,Puebla,Meter_v2,3,1,14.4
356,2026-08-23,Puebla,Meter_v2,3,1,10.8
356,2026-08-24,Puebla,Meter_v2,3,1,14.3
356,2026-08-25,Puebla,Meter_v2,3,1,9.4
356,2026-08-26,Puebla,Meter_v2,3,1,6.1
356,2026-08-27,Puebla,Meter_v2,3,1,8.7
356,2026-08-28,Puebla,Meter_v2,3,1,12.5
356,2026-08-29,Puebla,Meter_v2,3,1,13.3
356,2026-08-30,Puebla,Meter_v2,3,1,11.2
356,2026-08-31,Puebla,Meter_v2,3,1,12.7
356,2026-09-01,Puebla,Meter_v2,3,1,12.3
357,2026-08-12,Guadalajara,Meter_v3,33,1,10.8
357,2026-08-13,Guadalajara,Meter_v3,33,1,9.3
357,2026-08-14,Guadalajara,Meter_v3,33,1,7.2
357,2026-08-15,Guadalajara,Meter_v3,33,1,7.7
357,2026-08-16,Guadalajara,Meter_v3,33,1,11.6
357,2026-08-17,Guadalajara,Meter_v3,33,1,13.2
357,2026-08-18,Guadalajara,Meter_v3,33,1,14.9
357,2026-08-19,Guadalajara,Meter_v3,33,1,11.8
357,2026-08-20,Guadalajara,Meter_v3,33,1,7.2
357,2026-08-21,Guadalajara,Meter_v3,33,1,14.1
357,2026-08-22,Guadalajara,Meter_v3,33,1,10.0
357,2026-08-23,Guadalajara,Meter_v3,33,1,6.6
357,2026-08-24,Guadalajara,Meter_v3,33,1,11.4
357,2026-08-25,Guadalajara,Meter_v3,33,1,12.5
357,2026-08-26,Guadalajara,Meter_v3,33,1,8.2
357,2026-08-27,Guadalajara,Meter_v3,33,1,11.6
357,2026-08-28,Guadalajara,Meter_v3,33,1,10.5
357,2026-08-29,Guadalajara,Meter_v3,33,1,13.8
357,2026-08-30,Guadalajara,Meter_v3,33,1,10.2
357,2026-08-31,Guadalajara,Meter_v3,33,1,10.9
357,2026-09-01,Guadalajara,Meter_v3,33,1,12.9
358,2026-08-12,Monterrey,Meter_Audio_v1,5,1,10.4
358,2026-08-13,Monterrey,Meter_Audio_v1,5,1,8.6
358,2026-08-14,Monterrey,Meter_Audio_v1,5,1,9.7
358,2026-08-15,Monterrey,Meter_Audio_v1,5,1,10.2
358,2026-08-16,Monterrey,Meter_Audio_v1,5,1,14.2
358,2026-08-17,Monterrey,Meter_Audio_v1,5,1,6.5
358,2026-08-18,Monterrey,Meter_Audio_v1,5,1,12.9
358,2026-08-19,Monterrey,Meter_Audio_v1,5,1,14.9
358,2026-08-20,Monterrey,Meter_Audio_v1,5,1,10.0
358,2026-08-21,Monterrey,Meter_Audio_v1,5,1,14.2
358,2026-08-22,Monterrey,Meter_Audio_v1,5,1,11.2
358,2026-08-23,Monterrey,Meter_Audio_v1,5,1,14.8
358,2026-08-24,Monterrey,Meter_Audio_v1,5,1,10.8
358,2026-08-25,Monterrey,Meter_Audio_v1,5,1,11.1
358,2026-08-26,Monterrey,Meter_Audio_v1,5,1,10.5
358,2026-08-27,Monterrey,Meter_Audio_v1,5,1,9.2
358,2026-08-28,Monterrey,Meter_Audio_v1,5,1,12.7
358,2026-08-29,Monterrey,Meter_Audio_v1,5,1,10.3
358,2026-08-30,Monterrey,Meter_Audio_v1,5,1,9.0
358,2026-08-31,Monterrey,Meter_Audio_v1,5,1,6.9
358,2026-09-01,Monterrey,Meter_Audio_v1,5,1,9.1
359,2026-08-12,CDMX,Meter_v2,30,1,6.5
359,2026-08-13,CDMX,Meter_v2,30,0,1.3
359,2026-08-14,CDMX,Meter_v2,30,1,10.5
359,2026-08-15,CDMX,Meter_v2,30,1,14.1
359,2026-08-16,CDMX,Meter_v2,30,1,7.3
359,2026-08-17,CDMX,Meter_v2,30,1,13.6
359,2026-08-18,CDMX,Meter_v2,30,1,11.4
359,2026-08-19,CDMX,Meter_v2,30,1,9.0
359,2026-08-20,CDMX,Meter_v2,30,1,12.2
359,2026-08-21,CDMX,Meter_v2,30,1,11.1
359,2026-08-22,CDMX,Meter_v2,30,1,12.9
359,2026-08-23,CDMX,Meter_v2,30,1,11.2
359,2026-08-24,CDMX,Meter_v2,30,1,6.4
359,2026-08-25,CDMX,Meter_v2,30,1,8.7
359,2026-08-26,CDMX,Meter_v2,30,1,14.7
359,2026-08-27,CDMX,Meter_v2,30,1,7.9
359,2026-08-28,CDMX,Meter_v2,30,1,11.4
359,2026-08-29,CDMX,Meter_v2,30,1,10.2
359,2026-08-30,CDMX,Meter_v2,30,1,9.2
359,2026-08-31,CDMX,Meter_v2,30,1,14.9
359,2026-09-01,CDMX,Meter_v2,30,1,10.4
360,2026-08-12,Guadalajara,Meter_v2,13,1,9.8
360,2026-08-13,Guadalajara,Meter_v2,13,1,13.0
360,2026-08-14,Guadalajara,Meter_v2,13,1,14.4
360,2026-08-15,Guadalajara,Meter_v2,13,1,14.5
360,2026-08-16,Guadalajara,Meter_v2,13,1,9.6
360,2026-08-17,Guadalajara,Meter_v2,13,1,8.3
360,2026-08-18,Guadalajara,Meter_v2,13,1,7.1
360,2026-08-19,Guadalajara,Meter_v2,13,1,8.5
360,2026-08-20,Guadalajara,Meter_v2,13,1,9.0
360,2026-08-21,Guadalajara,Meter_v2,13,1,14.3
360,2026-08-22,Guadalajara,Meter_v2,13,1,7.8
360,2026-08-23,Guadalajara,Meter_v2,13,1,9.2
360,2026-08-24,Guadalajara,Meter_v2,13,1,12.2
360,2026-08-25,Guadalajara,Meter_v2,13,1,10.1
360,2026-08-26,Guadalajara,Meter_v2,13,1,13.5
360,2026-08-27,Guadalajara,Meter_v2,13,1,11.1
360,2026-08-28,Guadalajara,Meter_v2,13,1,8.6
360,2026-08-29,Guadalajara,Meter_v2,13,1,10.6
360,2026-08-30,Guadalajara,Meter_v2,13,1,9.5
360,2026-08-31,Guadalajara,Meter_v2,13,1,12.5
360,2026-09-01,Guadalajara,Meter_v2,13,1,12.2
361,2026-08-12,CDMX,Meter_Audio_v1,4,0,1.2
361,2026-08-13,CDMX,Meter_Audio_v1,4,1,6.5
361,2026-08-14,CDMX,Meter_Audio_v1,4,1,13.1
361,2026-08-15,CDMX,Meter_Audio_v1,4,1,12.2
361,2026-08-16,CDMX,Meter_Audio_v1,4,1,13.1
361,2026-08-17,CDMX,Meter_Audio_v1,4,1,9.1
361,2026-08-18,CDMX,Meter_Audio_v1,4,1,11.2
361,2026-08-19,CDMX,Meter_Audio_v1,4,1,13.5
361,2026-08-20,CDMX,Meter_Audio_v1,4,1,9.4
361,2026-08-21,CDMX,Meter_Audio_v1,4,1,14.5
361,2026-08-22,CDMX,Meter_Audio_v1,4,1,11.8
361,2026-08-23,CDMX,Meter_Audio_v1,4,1,7.1
361,2026-08-24,CDMX,Meter_Audio_v1,4,1,12.9
361,2026-08-25,CDMX,Meter_Audio_v1,4,1,13.1
361,2026-08-26,CDMX,Meter_Audio_v1,4,1,12.0
361,2026-08-27,CDMX,Meter_Audio_v1,4,1,13.3
361,2026-08-28,CDMX,Meter_Audio_v1,4,1,8.2
361,2026-08-29,CDMX,Meter_Audio_v1,4,0,0.7
361,2026-08-30,CDMX,Meter_Audio_v1,4,1,6.9
361,2026-08-31,CDMX,Meter_Audio_v1,4,0,0.6
361,2026-09-01,CDMX,Meter_Audio_v1,4,1,7.2
362,2026-08-12,Guadalajara,Meter_v2,24,1,9.4
362,2026-08-13,Guadalajara,Meter_v2,24,1,14.1
362,2026-08-14,Guadalajara,Meter_v2,24,1,13.8
362,2026-08-15,Guadalajara,Meter_v2,24,1,10.4
362,2026-08-16,Guadalajara,Meter_v2,24,1,12.8
362,2026-08-17,Guadalajara,Meter_v2,24,1,10.7
362,2026-08-18,Guadalajara,Meter_v2,24,1,6.9
362,2026-08-19,Guadalajara,Meter_v2,24,1,13.6
362,2026-08-20,Guadalajara,Meter_v2,24,1,10.7
362,2026-08-21,Guadalajara,Meter_v2,24,1,7.1
362,2026-08-22,Guadalajara,Meter_v2,24,1,13.0
362,2026-08-23,Guadalajara,Meter_v2,24,1,14.8
362,2026-08-24,Guadalajara,Meter_v2,24,1,9.4
362,2026-08-25,Guadalajara,Meter_v2,24,1,9.6
362,2026-08-26,Guadalajara,Meter_v2,24,1,10.5
362,2026-08-27,Guadalajara,Meter_v2,24,1,11.3
362,2026-08-28,Guadalajara,Meter_v2,24,1,11.7
362,2026-08-29,Guadalajara,Meter_v2,24,1,7.4
362,2026-08-30,Guadalajara,Meter_v2,24,1,11.9
362,2026-08-31,Guadalajara,Meter_v2,24,0,2.0
362,2026-09-01,Guadalajara,Meter_v2,24,1,13.7
363,2026-08-12,Guadalajara,Meter_Audio_v1,30,1,6.1
363,2026-08-13,Guadalajara,Meter_Audio_v1,30,1,10.7
363,2026-08-14,Guadalajara,Meter_Audio_v1,30,1,6.7
363,2026-08-15,Guadalajara,Meter_Audio_v1,30,1,13.0
363,2026-08-16,Guadalajara,Meter_Audio_v1,30,1,13.1
363,2026-08-17,Guadalajara,Meter_Audio_v1,30,1,12.4
363,2026-08-18,Guadalajara,Meter_Audio_v1,30,1,14.4
363,2026-08-19,Guadalajara,Meter_Audio_v1,30,1,11.7
363,2026-08-20,Guadalajara,Meter_Audio_v1,30,1,6.7
363,2026-08-21,Guadalajara,Meter_Audio_v1,30,1,12.3
363,2026-08-22,Guadalajara,Meter_Audio_v1,30,1,10.3
363,2026-08-23,Guadalajara,Meter_Audio_v1,30,1,10.7
363,2026-08-24,Guadalajara,Meter_Audio_v1,30,1,7.3
363,2026-08-25,Guadalajara,Meter_Audio_v1,30,1,13.0
363,2026-08-26,Guadalajara,Meter_Audio_v1,30,1,8.8
363,2026-08-27,Guadalajara,Meter_Audio_v1,30,1,6.3
363,2026-08-28,Guadalajara,Meter_Audio_v1,30,1,12.6
363,2026-08-29,Guadalajara,Meter_Audio_v1,30,1,6.2
363,2026-08-30,Guadalajara,Meter_Audio_v1,30,1,9.8
363,2026-08-31,Guadalajara,Meter_Audio_v1,30,1,9.9
363,2026-09-01,Guadalajara,Meter_Audio_v1,30,1,7.6
364,2026-08-12,Guadalajara,Meter_v2,22,1,14.8
364,2026-08-13,Guadalajara,Meter_v2,22,1,7.8
364,2026-08-14,Guadalajara,Meter_v2,22,0,2.1
364,2026-08-15,Guadalajara,Meter_v2,22,1,6.1
364,2026-08-16,Guadalajara,Meter_v2,22,1,13.4
364,2026-08-17,Guadalajara,Meter_v2,22,0,0.6
364,2026-08-18,Guadalajara,Meter_v2,22,1,11.0
364,2026-08-19,Guadalajara,Meter_v2,22,1,12.5
364,2026-08-20,Guadalajara,Meter_v2,22,1,9.9
364,2026-08-21,Guadalajara,Meter_v2,22,1,14.6
364,2026-08-22,Guadalajara,Meter_v2,22,1,10.3
364,2026-08-23,Guadalajara,Meter_v2,22,1,11.5
364,2026-08-24,Guadalajara,Meter_v2,22,1,13.9
364,2026-08-25,Guadalajara,Meter_v2,22,1,10.8
364,2026-08-26,Guadalajara,Meter_v2,22,1,14.4
364,2026-08-27,Guadalajara,Meter_v2,22,1,10.8
364,2026-08-28,Guadalajara,Meter_v2,22,1,10.0
364,2026-08-29,Guadalajara,Meter_v2,22,1,13.6
364,2026-08-30,Guadalajara,Meter_v2,22,1,9.1
364,2026-08-31,Guadalajara,Meter_v2,22,1,14.9
364,2026-09-01,Guadalajara,Meter_v2,22,1,12.5
365,2026-08-12,Guadalajara,Meter_v2,61,0,1.9
365,2026-08-13,Guadalajara,Meter_v2,61,1,8.9
365,2026-08-14,Guadalajara,Meter_v2,61,0,0.6
365,2026-08-15,Guadalajara,Meter_v2,61,1,9.2
365,2026-08-16,Guadalajara,Meter_v2,61,1,13.6
365,2026-08-17,Guadalajara,Meter_v2,61,1,12.8
365,2026-08-18,Guadalajara,Meter_v2,61,1,10.2
365,2026-08-19,Guadalajara,Meter_v2,61,1,14.1
365,2026-08-20,Guadalajara,Meter_v2,61,1,6.5
365,2026-08-21,Guadalajara,Meter_v2,61,1,7.5
365,2026-08-22,Guadalajara,Meter_v2,61,1,13.3
365,2026-08-23,Guadalajara,Meter_v2,61,1,8.3
365,2026-08-24,Guadalajara,Meter_v2,61,1,14.1
365,2026-08-25,Guadalajara,Meter_v2,61,1,7.3
365,2026-08-26,Guadalajara,Meter_v2,61,1,8.8
365,2026-08-27,Guadalajara,Meter_v2,61,1,10.9
365,2026-08-28,Guadalajara,Meter_v2,61,1,6.2
365,2026-08-29,Guadalajara,Meter_v2,61,1,11.7
365,2026-08-30,Guadalajara,Meter_v2,61,1,10.9
365,2026-08-31,Guadalajara,Meter_v2,61,1,14.0
365,2026-09-01,Guadalajara,Meter_v2,61,1,12.5
366,2026-08-12,Tijuana,Meter_Audio_v1,6,1,7.7
366,2026-08-13,Tijuana,Meter_Audio_v1,6,1,14.4
366,2026-08-14,Tijuana,Meter_Audio_v1,6,1,10.9
366,2026-08-15,Tijuana,Meter_Audio_v1,6,1,15.0
366,2026-08-16,Tijuana,Meter_Audio_v1,6,0,1.6
366,2026-08-17,Tijuana,Meter_Audio_v1,6,1,12.5
366,2026-08-18,Tijuana,Meter_Audio_v1,6,1,6.5
366,2026-08-19,Tijuana,Meter_Audio_v1,6,1,9.6
366,2026-08-20,Tijuana,Meter_Audio_v1,6,1,10.7
366,2026-08-21,Tijuana,Meter_Audio_v1,6,1,11.4
366,2026-08-22,Tijuana,Meter_Audio_v1,6,1,10.6
366,2026-08-23,Tijuana,Meter_Audio_v1,6,1,6.5
366,2026-08-24,Tijuana,Meter_Audio_v1,6,1,8.5
366,2026-08-25,Tijuana,Meter_Audio_v1,6,1,8.0
366,2026-08-26,Tijuana,Meter_Audio_v1,6,1,6.4
366,2026-08-27,Tijuana,Meter_Audio_v1,6,1,8.7
366,2026-08-28,Tijuana,Meter_Audio_v1,6,1,11.6
366,2026-08-29,Tijuana,Meter_Audio_v1,6,1,14.3
366,2026-08-30,Tijuana,Meter_Audio_v1,6,1,11.9
366,2026-08-31,Tijuana,Meter_Audio_v1,6,1,9.8
366,2026-09-01,Tijuana,Meter_Audio_v1,6,1,13.8
367,2026-08-12,Puebla,Meter_Audio_v1,5,1,8.9
367,2026-08-13,Puebla,Meter_Audio_v1,5,1,6.8
367,2026-08-14,Puebla,Meter_Audio_v1,5,1,6.4
367,2026-08-15,Puebla,Meter_Audio_v1,5,1,9.2
367,2026-08-16,Puebla,Meter_Audio_v1,5,1,6.0
367,2026-08-17,Puebla,Meter_Audio_v1,5,1,7.8
367,2026-08-18,Puebla,Meter_Audio_v1,5,1,14.5
367,2026-08-19,Puebla,Meter_Audio_v1,5,1,10.6
367,2026-08-20,Puebla,Meter_Audio_v1,5,1,9.7
367,2026-08-21,Puebla,Meter_Audio_v1,5,1,11.3
367,2026-08-22,Puebla,Meter_Audio_v1,5,1,11.3
367,2026-08-23,Puebla,Meter_Audio_v1,5,1,14.1
367,2026-08-24,Puebla,Meter_Audio_v1,5,1,11.1
367,2026-08-25,Puebla,Meter_Audio_v1,5,1,14.1
367,2026-08-26,Puebla,Meter_Audio_v1,5,1,12.4
367,2026-08-27,Puebla,Meter_Audio_v1,5,1,12.3
367,2026-08-28,Puebla,Meter_Audio_v1,5,1,11.5
367,2026-08-29,Puebla,Meter_Audio_v1,5,1,13.3
367,2026-08-30,Puebla,Meter_Audio_v1,5,1,10.5
367,2026-08-31,Puebla,Meter_Audio_v1,5,1,9.7
367,2026-09-01,Puebla,Meter_Audio_v1,5,1,7.3
368,2026-08-12,Tijuana,Meter_v2,3,0,0.1
368,2026-08-13,Tijuana,Meter_v2,3,1,11.6
368,2026-08-14,Tijuana,Meter_v2,3,1,12.5
368,2026-08-15,Tijuana,Meter_v2,3,1,10.7
368,2026-08-16,Tijuana,Meter_v2,3,1,8.9
368,2026-08-17,Tijuana,Meter_v2,3,0,2.6
368,2026-08-18,Tijuana,Meter_v2,3,1,7.0
368,2026-08-19,Tijuana,Meter_v2,3,1,8.9
368,2026-08-20,Tijuana,Meter_v2,3,1,8.5
368,2026-08-21,Tijuana,Meter_v2,3,1,8.7
368,2026-08-22,Tijuana,Meter_v2,3,1,11.8
368,2026-08-23,Tijuana,Meter_v2,3,1,8.6
368,2026-08-24,Tijuana,Meter_v2,3,1,10.0
368,2026-08-25,Tijuana,Meter_v2,3,1,9.0
368,2026-08-26,Tijuana,Meter_v2,3,1,12.6
368,2026-08-27,Tijuana,Meter_v2,3,1,10.0
368,2026-08-28,Tijuana,Meter_v2,3,0,2.9
368,2026-08-29,Tijuana,Meter_v2,3,1,13.6
368,2026-08-30,Tijuana,Meter_v2,3,1,12.5
368,2026-08-31,Tijuana,Meter_v2,3,1,6.8
368,2026-09-01,Tijuana,Meter_v2,3,1,11.9
369,2026-08-12,Guadalajara,Meter_Audio_v1,14,1,11.8
369,2026-08-13,Guadalajara,Meter_Audio_v1,14,1,6.6
369,2026-08-14,Guadalajara,Meter_Audio_v1,14,1,11.2
369,2026-08-15,Guadalajara,Meter_Audio_v1,14,1,8.0
369,2026-08-16,Guadalajara,Meter_Audio_v1,14,1,10.5
369,2026-08-17,Guadalajara,Meter_Audio_v1,14,1,9.0
369,2026-08-18,Guadalajara,Meter_Audio_v1,14,1,14.4
369,2026-08-19,Guadalajara,Meter_Audio_v1,14,1,14.9
369,2026-08-20,Guadalajara,Meter_Audio_v1,14,1,6.6
369,2026-08-21,Guadalajara,Meter_Audio_v1,14,1,14.5
369,2026-08-22,Guadalajara,Meter_Audio_v1,14,1,13.2
369,2026-08-23,Guadalajara,Meter_Audio_v1,14,1,14.4
369,2026-08-24,Guadalajara,Meter_Audio_v1,14,0,2.6
369,2026-08-25,Guadalajara,Meter_Audio_v1,14,1,7.1
369,2026-08-26,Guadalajara,Meter_Audio_v1,14,0,0.9
369,2026-08-27,Guadalajara,Meter_Audio_v1,14,0,2.8
369,2026-08-28,Guadalajara,Meter_Audio_v1,14,1,14.5
369,2026-08-29,Guadalajara,Meter_Audio_v1,14,1,7.7
369,2026-08-30,Guadalajara,Meter_Audio_v1,14,1,14.8
369,2026-08-31,Guadalajara,Meter_Audio_v1,14,0,2.4
369,2026-09-01,Guadalajara,Meter_Audio_v1,14,1,10.6
370,2026-08-12,Puebla,Meter_v2,10,1,6.4
370,2026-08-13,Puebla,Meter_v2,10,1,7.2
370,2026-08-14,Puebla,Meter_v2,10,1,8.2
370,2026-08-15,Puebla,Meter_v2,10,1,7.1
370,2026-08-16,Puebla,Meter_v2,10,1,7.2
370,2026-08-17,Puebla,Meter_v2,10,1,9.3
370,2026-08-18,Puebla,Meter_v2,10,1,14.6
370,2026-08-19,Puebla,Meter_v2,10,1,11.3
370,2026-08-20,Puebla,Meter_v2,10,1,8.1
370,2026-08-21,Puebla,Meter_v2,10,1,6.1
370,2026-08-22,Puebla,Meter_v2,10,1,9.4
370,2026-08-23,Puebla,Meter_v2,10,1,6.2
370,2026-08-24,Puebla,Meter_v2,10,1,11.8
370,2026-08-25,Puebla,Meter_v2,10,1,10.3
370,2026-08-26,Puebla,Meter_v2,10,1,14.2
370,2026-08-27,Puebla,Meter_v2,10,1,14.2
370,2026-08-28,Puebla,Meter_v2,10,1,9.6
370,2026-08-29,Puebla,Meter_v2,10,1,11.0
370,2026-08-30,Puebla,Meter_v2,10,1,13.0
370,2026-08-31,Puebla,Meter_v2,10,1,11.1
370,2026-09-01,Puebla,Meter_v2,10,1,6.2
371,2026-08-12,CDMX,Meter_v2,8,1,11.3
371,2026-08-13,CDMX,Meter_v2,8,1,13.5
371,2026-08-14,CDMX,Meter_v2,8,1,13.0
371,2026-08-15,CDMX,Meter_v2,8,1,12.3
371,2026-08-16,CDMX,Meter_v2,8,1,13.8
371,2026-08-17,CDMX,Meter_v2,8,1,9.1
371,2026-08-18,CDMX,Meter_v2,8,1,13.0
371,2026-08-19,CDMX,Meter_v2,8,1,8.3
371,2026-08-20,CDMX,Meter_v2,8,1,11.9
371,2026-08-21,CDMX,Meter_v2,8,0,2.0
371,2026-08-22,CDMX,Meter_v2,8,1,12.2
371,2026-08-23,CDMX,Meter_v2,8,1,9.6
371,2026-08-24,CDMX,Meter_v2,8,0,2.9
371,2026-08-25,CDMX,Meter_v2,8,1,11.9
371,2026-08-26,CDMX,Meter_v2,8,1,12.8
371,2026-08-27,CDMX,Meter_v2,8,1,13.8
371,2026-08-28,CDMX,Meter_v2,8,1,6.0
371,2026-08-29,CDMX,Meter_v2,8,1,7.4
371,2026-08-30,CDMX,Meter_v2,8,1,6.6
371,2026-08-31,CDMX,Meter_v2,8,1,6.3
371,2026-09-01,CDMX,Meter_v2,8,1,7.7
372,2026-08-12,Monterrey,Meter_v2,12,0,2.6
372,2026-08-13,Monterrey,Meter_v2,12,0,3.0
372,2026-08-14,Monterrey,Meter_v2,12,1,7.1
372,2026-08-15,Monterrey,Meter_v2,12,1,8.0
372,2026-08-16,Monterrey,Meter_v2,12,1,14.1
372,2026-08-17,Monterrey,Meter_v2,12,1,6.3
372,2026-08-18,Monterrey,Meter_v2,12,1,6.2
372,2026-08-19,Monterrey,Meter_v2,12,1,6.5
372,2026-08-20,Monterrey,Meter_v2,12,1,14.0
372,2026-08-21,Monterrey,Meter_v2,12,1,7.5
372,2026-08-22,Monterrey,Meter_v2,12,1,12.6
372,2026-08-23,Monterrey,Meter_v2,12,1,8.9
372,2026-08-24,Monterrey,Meter_v2,12,1,13.9
372,2026-08-25,Monterrey,Meter_v2,12,0,1.1
372,2026-08-26,Monterrey,Meter_v2,12,1,13.1
372,2026-08-27,Monterrey,Meter_v2,12,1,12.9
372,2026-08-28,Monterrey,Meter_v2,12,1,10.5
372,2026-08-29,Monterrey,Meter_v2,12,0,1.1
372,2026-08-30,Monterrey,Meter_v2,12,0,1.4
372,2026-08-31,Monterrey,Meter_v2,12,1,9.3
372,2026-09-01,Monterrey,Meter_v2,12,1,6.2
373,2026-08-12,Guadalajara,Meter_v2,6,1,8.2
373,2026-08-13,Guadalajara,Meter_v2,6,1,11.8
373,2026-08-14,Guadalajara,Meter_v2,6,1,9.1
373,2026-08-15,Guadalajara,Meter_v2,6,1,10.5
373,2026-08-16,Guadalajara,Meter_v2,6,1,6.5
373,2026-08-17,Guadalajara,Meter_v2,6,1,8.3
373,2026-08-18,Guadalajara,Meter_v2,6,1,8.5
373,2026-08-19,Guadalajara,Meter_v2,6,1,10.1
373,2026-08-20,Guadalajara,Meter_v2,6,1,8.7
373,2026-08-21,Guadalajara,Meter_v2,6,1,14.5
373,2026-08-22,Guadalajara,Meter_v2,6,1,10.7
373,2026-08-23,Guadalajara,Meter_v2,6,1,6.2
373,2026-08-24,Guadalajara,Meter_v2,6,1,10.1
373,2026-08-25,Guadalajara,Meter_v2,6,1,7.0
373,2026-08-26,Guadalajara,Meter_v2,6,1,7.0
373,2026-08-27,Guadalajara,Meter_v2,6,1,14.1
373,2026-08-28,Guadalajara,Meter_v2,6,1,14.1
373,2026-08-29,Guadalajara,Meter_v2,6,1,9.1
373,2026-08-30,Guadalajara,Meter_v2,6,1,6.9
373,2026-08-31,Guadalajara,Meter_v2,6,1,12.8
373,2026-09-01,Guadalajara,Meter_v2,6,1,9.3
374,2026-08-12,Monterrey,Meter_v2,1,1,9.4
374,2026-08-13,Monterrey,Meter_v2,1,1,14.9
374,2026-08-14,Monterrey,Meter_v2,1,1,14.9
374,2026-08-15,Monterrey,Meter_v2,1,1,10.1
374,2026-08-16,Monterrey,Meter_v2,1,1,12.4
374,2026-08-17,Monterrey,Meter_v2,1,1,12.3
374,2026-08-18,Monterrey,Meter_v2,1,1,14.5
374,2026-08-19,Monterrey,Meter_v2,1,1,10.7
374,2026-08-20,Monterrey,Meter_v2,1,1,11.0
374,2026-08-21,Monterrey,Meter_v2,1,1,7.0
374,2026-08-22,Monterrey,Meter_v2,1,1,12.1
374,2026-08-23,Monterrey,Meter_v2,1,1,7.8
374,2026-08-24,Monterrey,Meter_v2,1,1,12.2
374,2026-08-25,Monterrey,Meter_v2,1,1,12.6
374,2026-08-26,Monterrey,Meter_v2,1,1,11.1
374,2026-08-27,Monterrey,Meter_v2,1,1,9.9
374,2026-08-28,Monterrey,Meter_v2,1,0,2.5
374,2026-08-29,Monterrey,Meter_v2,1,1,9.6
374,2026-08-30,Monterrey,Meter_v2,1,0,1.6
374,2026-08-31,Monterrey,Meter_v2,1,1,13.5
374,2026-09-01,Monterrey,Meter_v2,1,1,6.6
375,2026-08-12,Tijuana,Meter_v2,12,1,8.8
375,2026-08-13,Tijuana,Meter_v2,12,1,15.0
375,2026-08-14,Tijuana,Meter_v2,12,1,7.0
375,2026-08-15,Tijuana,Meter_v2,12,1,10.2
375,2026-08-16,Tijuana,Meter_v2,12,1,13.8
375,2026-08-17,Tijuana,Meter_v2,12,0,0.7
375,2026-08-18,Tijuana,Meter_v2,12,1,7.8
375,2026-08-19,Tijuana,Meter_v2,12,1,12.3
375,2026-08-20,Tijuana,Meter_v2,12,1,12.8
375,2026-08-21,Tijuana,Meter_v2,12,1,13.6
375,2026-08-22,Tijuana,Meter_v2,12,1,11.1
375,2026-08-23,Tijuana,Meter_v2,12,1,13.4
375,2026-08-24,Tijuana,Meter_v2,12,1,14.5
375,2026-08-25,Tijuana,Meter_v2,12,1,6.1
375,2026-08-26,Tijuana,Meter_v2,12,1,14.9
375,2026-08-27,Tijuana,Meter_v2,12,1,7.5
375,2026-08-28,Tijuana,Meter_v2,12,1,10.3
375,2026-08-29,Tijuana,Meter_v2,12,1,6.9
375,2026-08-30,Tijuana,Meter_v2,12,1,14.4
375,2026-08-31,Tijuana,Meter_v2,12,1,8.0
375,2026-09-01,Tijuana,Meter_v2,12,1,11.6
376,2026-08-12,Tijuana,Meter_v2,6,1,12.8
376,2026-08-13,Tijuana,Meter_v2,6,1,10.6
376,2026-08-14,Tijuana,Meter_v2,6,1,14.5
376,2026-08-15,Tijuana,Meter_v2,6,1,13.3
376,2026-08-16,Tijuana,Meter_v2,6,1,11.7
376,2026-08-17,Tijuana,Meter_v2,6,1,9.4
376,2026-08-18,Tijuana,Meter_v2,6,1,12.0
376,2026-08-19,Tijuana,Meter_v2,6,1,8.2
376,2026-08-20,Tijuana,Meter_v2,6,1,8.7
376,2026-08-21,Tijuana,Meter_v2,6,1,13.3
376,2026-08-22,Tijuana,Meter_v2,6,1,13.2
376,2026-08-23,Tijuana,Meter_v2,6,1,13.1
376,2026-08-24,Tijuana,Meter_v2,6,1,10.3
376,2026-08-25,Tijuana,Meter_v2,6,1,6.3
376,2026-08-26,Tijuana,Meter_v2,6,1,8.3
376,2026-08-27,Tijuana,Meter_v2,6,0,1.9
376,2026-08-28,Tijuana,Meter_v2,6,1,11.4
376,2026-08-29,Tijuana,Meter_v2,6,1,7.0
376,2026-08-30,Tijuana,Meter_v2,6,1,11.8
376,2026-08-31,Tijuana,Meter_v2,6,1,9.7
376,2026-09-01,Tijuana,Meter_v2,6,1,6.9
377,2026-08-12,Monterrey,Meter_Audio_v1,11,1,10.1
377,2026-08-13,Monterrey,Meter_Audio_v1,11,1,11.6
377,2026-08-14,Monterrey,Meter_Audio_v1,11,1,9.2
377,2026-08-15,Monterrey,Meter_Audio_v1,11,1,9.5
377,2026-08-16,Monterrey,Meter_Audio_v1,11,1,14.4
377,2026-08-17,Monterrey,Meter_Audio_v1,11,1,7.1
377,2026-08-18,Monterrey,Meter_Audio_v1,11,1,10.7
377,2026-08-19,Monterrey,Meter_Audio_v1,11,1,13.2
377,2026-08-20,Monterrey,Meter_Audio_v1,11,0,0.1
377,2026-08-21,Monterrey,Meter_Audio_v1,11,1,11.3
377,2026-08-22,Monterrey,Meter_Audio_v1,11,1,11.3
377,2026-08-23,Monterrey,Meter_Audio_v1,11,1,14.3
377,2026-08-24,Monterrey,Meter_Audio_v1,11,1,8.7
377,2026-08-25,Monterrey,Meter_Audio_v1,11,1,14.5
377,2026-08-26,Monterrey,Meter_Audio_v1,11,0,0.8
377,2026-08-27,Monterrey,Meter_Audio_v1,11,0,0.5
377,2026-08-28,Monterrey,Meter_Audio_v1,11,0,0.1
377,2026-08-29,Monterrey,Meter_Audio_v1,11,1,8.3
377,2026-08-30,Monterrey,Meter_Audio_v1,11,1,10.2
377,2026-08-31,Monterrey,Meter_Audio_v1,11,1,9.7
377,2026-09-01,Monterrey,Meter_Audio_v1,11,1,12.0
378,2026-08-12,Puebla,Meter_v2,48,1,11.3
378,2026-08-13,Puebla,Meter_v2,48,1,13.6
378,2026-08-14,Puebla,Meter_v2,48,1,15.0
378,2026-08-15,Puebla,Meter_v2,48,1,8.4
378,2026-08-16,Puebla,Meter_v2,48,1,11.7
378,2026-08-17,Puebla,Meter_v2,48,1,6.8
378,2026-08-18,Puebla,Meter_v2,48,1,14.7
378,2026-08-19,Puebla,Meter_v2,48,1,14.4
378,2026-08-20,Puebla,Meter_v2,48,1,12.0
378,2026-08-21,Puebla,Meter_v2,48,1,13.1
378,2026-08-22,Puebla,Meter_v2,48,1,13.5
378,2026-08-23,Puebla,Meter_v2,48,1,12.0
378,2026-08-24,Puebla,Meter_v2,48,1,13.8
378,2026-08-25,Puebla,Meter_v2,48,1,8.5
378,2026-08-26,Puebla,Meter_v2,48,1,10.5
378,2026-08-27,Puebla,Meter_v2,48,1,10.5
378,2026-08-28,Puebla,Meter_v2,48,1,7.3
378,2026-08-29,Puebla,Meter_v2,48,1,10.4
378,2026-08-30,Puebla,Meter_v2,48,1,13.1
378,2026-08-31,Puebla,Meter_v2,48,1,9.7
378,2026-09-01,Puebla,Meter_v2,48,1,6.0
379,2026-08-12,Guadalajara,Meter_v3,4,1,14.1
379,2026-08-13,Guadalajara,Meter_v3,4,1,7.1
379,2026-08-14,Guadalajara,Meter_v3,4,1,6.7
379,2026-08-15,Guadalajara,Meter_v3,4,1,14.4
379,2026-08-16,Guadalajara,Meter_v3,4,0,2.8
379,2026-08-17,Guadalajara,Meter_v3,4,1,10.7
379,2026-08-18,Guadalajara,Meter_v3,4,1,8.3
379,2026-08-19,Guadalajara,Meter_v3,4,1,12.5
379,2026-08-20,Guadalajara,Meter_v3,4,1,6.7
379,2026-08-21,Guadalajara,Meter_v3,4,1,7.7
379,2026-08-22,Guadalajara,Meter_v3,4,1,13.1
379,2026-08-23,Guadalajara,Meter_v3,4,1,9.5
379,2026-08-24,Guadalajara,Meter_v3,4,1,9.1
379,2026-08-25,Guadalajara,Meter_v3,4,1,13.2
379,2026-08-26,Guadalajara,Meter_v3,4,1,12.2
379,2026-08-27,Guadalajara,Meter_v3,4,1,9.2
379,2026-08-28,Guadalajara,Meter_v3,4,1,10.8
379,2026-08-29,Guadalajara,Meter_v3,4,1,9.4
379,2026-08-30,Guadalajara,Meter_v3,4,1,12.2
379,2026-08-31,Guadalajara,Meter_v3,4,1,11.8
379,2026-09-01,Guadalajara,Meter_v3,4,1,10.4
380,2026-08-12,Monterrey,Meter_Audio_v1,19,1,13.7
380,2026-08-13,Monterrey,Meter_Audio_v1,19,1,7.7
380,2026-08-14,Monterrey,Meter_Audio_v1,19,1,8.5
380,2026-08-15,Monterrey,Meter_Audio_v1,19,1,6.9
380,2026-08-16,Monterrey,Meter_Audio_v1,19,0,0.7
380,2026-08-17,Monterrey,Meter_Audio_v1,19,1,11.4
380,2026-08-18,Monterrey,Meter_Audio_v1,19,1,12.4
380,2026-08-19,Monterrey,Meter_Audio_v1,19,1,7.2
380,2026-08-20,Monterrey,Meter_Audio_v1,19,1,12.0
380,2026-08-21,Monterrey,Meter_Audio_v1,19,1,7.7
380,2026-08-22,Monterrey,Meter_Audio_v1,19,1,9.0
380,2026-08-23,Monterrey,Meter_Audio_v1,19,1,13.9
380,2026-08-24,Monterrey,Meter_Audio_v1,19,0,0.6
380,2026-08-25,Monterrey,Meter_Audio_v1,19,1,6.4
380,2026-08-26,Monterrey,Meter_Audio_v1,19,1,7.3
380,2026-08-27,Monterrey,Meter_Audio_v1,19,1,8.0
380,2026-08-28,Monterrey,Meter_Audio_v1,19,1,11.3
380,2026-08-29,Monterrey,Meter_Audio_v1,19,1,13.9
380,2026-08-30,Monterrey,Meter_Audio_v1,19,1,6.9
380,2026-08-31,Monterrey,Meter_Audio_v1,19,1,13.5
380,2026-09-01,Monterrey,Meter_Audio_v1,19,0,1.1
381,2026-08-12,Guadalajara,Meter_v2,19,1,9.8
381,2026-08-13,Guadalajara,Meter_v2,19,1,13.4
381,2026-08-14,Guadalajara,Meter_v2,19,1,8.0
381,2026-08-15,Guadalajara,Meter_v2,19,1,14.5
381,2026-08-16,Guadalajara,Meter_v2,19,1,8.7
381,2026-08-17,Guadalajara,Meter_v2,19,1,10.7
381,2026-08-18,Guadalajara,Meter_v2,19,1,12.2
381,2026-08-19,Guadalajara,Meter_v2,19,1,14.2
381,2026-08-20,Guadalajara,Meter_v2,19,1,12.2
381,2026-08-21,Guadalajara,Meter_v2,19,1,8.2
381,2026-08-22,Guadalajara,Meter_v2,19,1,13.1
381,2026-08-23,Guadalajara,Meter_v2,19,1,6.1
381,2026-08-24,Guadalajara,Meter_v2,19,0,2.9
381,2026-08-25,Guadalajara,Meter_v2,19,1,7.3
381,2026-08-26,Guadalajara,Meter_v2,19,1,8.8
381,2026-08-27,Guadalajara,Meter_v2,19,1,15.0
381,2026-08-28,Guadalajara,Meter_v2,19,1,11.3
381,2026-08-29,Guadalajara,Meter_v2,19,0,0.1
381,2026-08-30,Guadalajara,Meter_v2,19,1,12.8
381,2026-08-31,Guadalajara,Meter_v2,19,1,13.7
381,2026-09-01,Guadalajara,Meter_v2,19,1,12.3
382,2026-08-12,Tijuana,Meter_v2,6,1,12.8
382,2026-08-13,Tijuana,Meter_v2,6,1,14.6
382,2026-08-14,Tijuana,Meter_v2,6,1,10.3
382,2026-08-15,Tijuana,Meter_v2,6,1,13.6
382,2026-08-16,Tijuana,Meter_v2,6,0,2.6
382,2026-08-17,Tijuana,Meter_v2,6,1,14.2
382,2026-08-18,Tijuana,Meter_v2,6,1,13.8
382,2026-08-19,Tijuana,Meter_v2,6,1,11.3
382,2026-08-20,Tijuana,Meter_v2,6,1,7.6
382,2026-08-21,Tijuana,Meter_v2,6,1,12.9
382,2026-08-22,Tijuana,Meter_v2,6,1,14.6
382,2026-08-23,Tijuana,Meter_v2,6,1,11.8
382,2026-08-24,Tijuana,Meter_v2,6,1,8.0
382,2026-08-25,Tijuana,Meter_v2,6,1,9.7
382,2026-08-26,Tijuana,Meter_v2,6,1,6.8
382,2026-08-27,Tijuana,Meter_v2,6,1,10.3
382,2026-08-28,Tijuana,Meter_v2,6,1,12.3
382,2026-08-29,Tijuana,Meter_v2,6,1,14.4
382,2026-08-30,Tijuana,Meter_v2,6,1,11.4
382,2026-08-31,Tijuana,Meter_v2,6,1,9.9
382,2026-09-01,Tijuana,Meter_v2,6,0,1.6
383,2026-08-12,Monterrey,Meter_Audio_v1,12,1,10.9
383,2026-08-13,Monterrey,Meter_Audio_v1,12,1,10.6
383,2026-08-14,Monterrey,Meter_Audio_v1,12,1,7.3
383,2026-08-15,Monterrey,Meter_Audio_v1,12,1,6.5
383,2026-08-16,Monterrey,Meter_Audio_v1,12,1,14.9
383,2026-08-17,Monterrey,Meter_Audio_v1,12,1,10.4
383,2026-08-18,Monterrey,Meter_Audio_v1,12,1,9.8
383,2026-08-19,Monterrey,Meter_Audio_v1,12,1,6.3
383,2026-08-20,Monterrey,Meter_Audio_v1,12,1,12.9
383,2026-08-21,Monterrey,Meter_Audio_v1,12,1,14.0
383,2026-08-22,Monterrey,Meter_Audio_v1,12,1,8.1
383,2026-08-23,Monterrey,Meter_Audio_v1,12,1,14.0
383,2026-08-24,Monterrey,Meter_Audio_v1,12,1,12.4
383,2026-08-25,Monterrey,Meter_Audio_v1,12,1,8.4
383,2026-08-26,Monterrey,Meter_Audio_v1,12,1,12.6
383,2026-08-27,Monterrey,Meter_Audio_v1,12,1,6.7
383,2026-08-28,Monterrey,Meter_Audio_v1,12,1,9.3
383,2026-08-29,Monterrey,Meter_Audio_v1,12,1,9.2
383,2026-08-30,Monterrey,Meter_Audio_v1,12,1,14.8
383,2026-08-31,Monterrey,Meter_Audio_v1,12,1,10.3
383,2026-09-01,Monterrey,Meter_Audio_v1,12,1,13.6
384,2026-08-12,Puebla,Meter_v2,63,1,9.5
384,2026-08-13,Puebla,Meter_v2,63,1,12.0
384,2026-08-14,Puebla,Meter_v2,63,1,8.9
384,2026-08-15,Puebla,Meter_v2,63,1,10.7
384,2026-08-16,Puebla,Meter_v2,63,1,10.6
384,2026-08-17,Puebla,Meter_v2,63,1,9.0
384,2026-08-18,Puebla,Meter_v2,63,0,0.8
384,2026-08-19,Puebla,Meter_v2,63,1,10.3
384,2026-08-20,Puebla,Meter_v2,63,1,13.3
384,2026-08-21,Puebla,Meter_v2,63,1,10.8
384,2026-08-22,Puebla,Meter_v2,63,1,14.9
384,2026-08-23,Puebla,Meter_v2,63,1,8.6
384,2026-08-24,Puebla,Meter_v2,63,1,13.4
384,2026-08-25,Puebla,Meter_v2,63,1,13.3
384,2026-08-26,Puebla,Meter_v2,63,1,8.6
384,2026-08-27,Puebla,Meter_v2,63,1,7.1
384,2026-08-28,Puebla,Meter_v2,63,1,9.1
384,2026-08-29,Puebla,Meter_v2,63,1,6.8
384,2026-08-30,Puebla,Meter_v2,63,1,14.7
384,2026-08-31,Puebla,Meter_v2,63,1,13.8
384,2026-09-01,Puebla,Meter_v2,63,1,14.9
385,2026-08-12,Guadalajara,Meter_v2,8,1,7.2
385,2026-08-13,Guadalajara,Meter_v2,8,1,12.8
385,2026-08-14,Guadalajara,Meter_v2,8,1,11.1
385,2026-08-15,Guadalajara,Meter_v2,8,0,1.5
385,2026-08-16,Guadalajara,Meter_v2,8,1,11.3
385,2026-08-17,Guadalajara,Meter_v2,8,1,14.4
385,2026-08-18,Guadalajara,Meter_v2,8,1,8.9
385,2026-08-19,Guadalajara,Meter_v2,8,1,10.8
385,2026-08-20,Guadalajara,Meter_v2,8,1,11.7
385,2026-08-21,Guadalajara,Meter_v2,8,1,13.0
385,2026-08-22,Guadalajara,Meter_v2,8,1,9.1
385,2026-08-23,Guadalajara,Meter_v2,8,1,11.9
385,2026-08-24,Guadalajara,Meter_v2,8,1,13.6
385,2026-08-25,Guadalajara,Meter_v2,8,1,13.6
385,2026-08-26,Guadalajara,Meter_v2,8,1,6.7
385,2026-08-27,Guadalajara,Meter_v2,8,1,11.5
385,2026-08-28,Guadalajara,Meter_v2,8,1,8.2
385,2026-08-29,Guadalajara,Meter_v2,8,0,0.1
385,2026-08-30,Guadalajara,Meter_v2,8,1,12.1
385,2026-08-31,Guadalajara,Meter_v2,8,1,6.1
385,2026-09-01,Guadalajara,Meter_v2,8,1,6.7
386,2026-08-12,Tijuana,Meter_v2,23,1,13.3
386,2026-08-13,Tijuana,Meter_v2,23,1,14.0
386,2026-08-14,Tijuana,Meter_v2,23,1,8.0
386,2026-08-15,Tijuana,Meter_v2,23,1,14.5
386,2026-08-16,Tijuana,Meter_v2,23,1,12.9
386,2026-08-17,Tijuana,Meter_v2,23,1,7.6
386,2026-08-18,Tijuana,Meter_v2,23,1,6.8
386,2026-08-19,Tijuana,Meter_v2,23,1,12.0
386,2026-08-20,Tijuana,Meter_v2,23,1,7.0
386,2026-08-21,Tijuana,Meter_v2,23,1,10.8
386,2026-08-22,Tijuana,Meter_v2,23,1,14.7
386,2026-08-23,Tijuana,Meter_v2,23,1,9.8
386,2026-08-24,Tijuana,Meter_v2,23,1,9.4
386,2026-08-25,Tijuana,Meter_v2,23,1,10.6
386,2026-08-26,Tijuana,Meter_v2,23,1,8.3
386,2026-08-27,Tijuana,Meter_v2,23,0,1.6
386,2026-08-28,Tijuana,Meter_v2,23,1,12.4
386,2026-08-29,Tijuana,Meter_v2,23,1,12.7
386,2026-08-30,Tijuana,Meter_v2,23,1,8.5
386,2026-08-31,Tijuana,Meter_v2,23,1,7.3
386,2026-09-01,Tijuana,Meter_v2,23,1,13.8
387,2026-08-12,Puebla,Meter_Audio_v1,34,1,9.0
387,2026-08-13,Puebla,Meter_Audio_v1,34,1,8.1
387,2026-08-14,Puebla,Meter_Audio_v1,34,1,14.7
387,2026-08-15,Puebla,Meter_Audio_v1,34,1,12.4
387,2026-08-16,Puebla,Meter_Audio_v1,34,1,15.0
387,2026-08-17,Puebla,Meter_Audio_v1,34,1,7.5
387,2026-08-18,Puebla,Meter_Audio_v1,34,0,2.2
387,2026-08-19,Puebla,Meter_Audio_v1,34,1,7.0
387,2026-08-20,Puebla,Meter_Audio_v1,34,1,7.2
387,2026-08-21,Puebla,Meter_Audio_v1,34,1,12.7
387,2026-08-22,Puebla,Meter_Audio_v1,34,1,7.4
387,2026-08-23,Puebla,Meter_Audio_v1,34,1,8.7
387,2026-08-24,Puebla,Meter_Audio_v1,34,1,13.6
387,2026-08-25,Puebla,Meter_Audio_v1,34,1,12.5
387,2026-08-26,Puebla,Meter_Audio_v1,34,1,14.0
387,2026-08-27,Puebla,Meter_Audio_v1,34,1,12.9
387,2026-08-28,Puebla,Meter_Audio_v1,34,1,11.7
387,2026-08-29,Puebla,Meter_Audio_v1,34,1,12.0
387,2026-08-30,Puebla,Meter_Audio_v1,34,1,12.5
387,2026-08-31,Puebla,Meter_Audio_v1,34,1,9.0
387,2026-09-01,Puebla,Meter_Audio_v1,34,1,7.5
388,2026-08-12,Monterrey,Meter_v2,9,1,10.0
388,2026-08-13,Monterrey,Meter_v2,9,1,13.1
388,2026-08-14,Monterrey,Meter_v2,9,1,8.1
388,2026-08-15,Monterrey,Meter_v2,9,1,14.9
388,2026-08-16,Monterrey,Meter_v2,9,1,6.7
388,2026-08-17,Monterrey,Meter_v2,9,1,9.0
388,2026-08-18,Monterrey,Meter_v2,9,1,6.5
388,2026-08-19,Monterrey,Meter_v2,9,1,12.7
388,2026-08-20,Monterrey,Meter_v2,9,1,10.8
388,2026-08-21,Monterrey,Meter_v2,9,1,14.5
388,2026-08-22,Monterrey,Meter_v2,9,1,7.8
388,2026-08-23,Monterrey,Meter_v2,9,1,10.3
388,2026-08-24,Monterrey,Meter_v2,9,1,13.7
388,2026-08-25,Monterrey,Meter_v2,9,1,7.7
388,2026-08-26,Monterrey,Meter_v2,9,0,2.7
388,2026-08-27,Monterrey,Meter_v2,9,1,14.1
388,2026-08-28,Monterrey,Meter_v2,9,1,11.3
388,2026-08-29,Monterrey,Meter_v2,9,1,9.8
388,2026-08-30,Monterrey,Meter_v2,9,0,0.6
388,2026-08-31,Monterrey,Meter_v2,9,1,11.7
388,2026-09-01,Monterrey,Meter_v2,9,1,14.8
389,2026-08-12,Tijuana,Meter_v3,83,1,14.3
389,2026-08-13,Tijuana,Meter_v3,83,1,7.3
389,2026-08-14,Tijuana,Meter_v3,83,1,6.6
389,2026-08-15,Tijuana,Meter_v3,83,1,11.0
389,2026-08-16,Tijuana,Meter_v3,83,1,12.5
389,2026-08-17,Tijuana,Meter_v3,83,1,11.7
389,2026-08-18,Tijuana,Meter_v3,83,1,9.0
389,2026-08-19,Tijuana,Meter_v3,83,1,11.7
389,2026-08-20,Tijuana,Meter_v3,83,1,12.1
389,2026-08-21,Tijuana,Meter_v3,83,1,13.8
389,2026-08-22,Tijuana,Meter_v3,83,1,14.7
389,2026-08-23,Tijuana,Meter_v3,83,1,9.0
389,2026-08-24,Tijuana,Meter_v3,83,1,12.9
389,2026-08-25,Tijuana,Meter_v3,83,1,13.2
389,2026-08-26,Tijuana,Meter_v3,83,1,12.5
389,2026-08-27,Tijuana,Meter_v3,83,1,6.3
389,2026-08-28,Tijuana,Meter_v3,83,1,14.3
389,2026-08-29,Tijuana,Meter_v3,83,1,14.7
389,2026-08-30,Tijuana,Meter_v3,83,1,14.3
389,2026-08-31,Tijuana,Meter_v3,83,1,7.9
389,2026-09-01,Tijuana,Meter_v3,83,0,1.2
390,2026-08-12,Monterrey,Meter_v3,18,1,13.4
390,2026-08-13,Monterrey,Meter_v3,18,1,11.1
390,2026-08-14,Monterrey,Meter_v3,18,1,9.7
390,2026-08-15,Monterrey,Meter_v3,18,1,6.4
390,2026-08-16,Monterrey,Meter_v3,18,1,7.9
390,2026-08-17,Monterrey,Meter_v3,18,1,10.5
390,2026-08-18,Monterrey,Meter_v3,18,1,14.3
390,2026-08-19,Monterrey,Meter_v3,18,1,8.8
390,2026-08-20,Monterrey,Meter_v3,18,1,8.6
390,2026-08-21,Monterrey,Meter_v3,18,1,6.9
390,2026-08-22,Monterrey,Meter_v3,18,1,9.3
390,2026-08-23,Monterrey,Meter_v3,18,1,12.4
390,2026-08-24,Monterrey,Meter_v3,18,1,8.6
390,2026-08-25,Monterrey,Meter_v3,18,0,2.9
390,2026-08-26,Monterrey,Meter_v3,18,0,0.0
390,2026-08-27,Monterrey,Meter_v3,18,1,13.9
390,2026-08-28,Monterrey,Meter_v3,18,0,3.0
390,2026-08-29,Monterrey,Meter_v3,18,0,0.2
390,2026-08-30,Monterrey,Meter_v3,18,1,14.2
390,2026-08-31,Monterrey,Meter_v3,18,1,7.5
390,2026-09-01,Monterrey,Meter_v3,18,0,1.0
391,2026-08-12,Monterrey,Meter_v2,13,1,6.7
391,2026-08-13,Monterrey,Meter_v2,13,1,6.9
391,2026-08-14,Monterrey,Meter_v2,13,1,8.3
391,2026-08-15,Monterrey,Meter_v2,13,1,7.7
391,2026-08-16,Monterrey,Meter_v2,13,1,12.7
391,2026-08-17,Monterrey,Meter_v2,13,0,2.9
391,2026-08-18,Monterrey,Meter_v2,13,1,8.8
391,2026-08-19,Monterrey,Meter_v2,13,1,7.7
391,2026-08-20,Monterrey,Meter_v2,13,1,14.3
391,2026-08-21,Monterrey,Meter_v2,13,1,7.1
391,2026-08-22,Monterrey,Meter_v2,13,1,14.9
391,2026-08-23,Monterrey,Meter_v2,13,1,12.8
391,2026-08-24,Monterrey,Meter_v2,13,1,9.6
391,2026-08-25,Monterrey,Meter_v2,13,1,7.2
391,2026-08-26,Monterrey,Meter_v2,13,1,10.3
391,2026-08-27,Monterrey,Meter_v2,13,1,8.5
391,2026-08-28,Monterrey,Meter_v2,13,1,8.2
391,2026-08-29,Monterrey,Meter_v2,13,1,9.2
391,2026-08-30,Monterrey,Meter_v2,13,1,12.5
391,2026-08-31,Monterrey,Meter_v2,13,1,11.6
391,2026-09-01,Monterrey,Meter_v2,13,0,2.7
392,2026-08-12,Guadalajara,Meter_v3,23,1,11.6
392,2026-08-13,Guadalajara,Meter_v3,23,1,7.1
392,2026-08-14,Guadalajara,Meter_v3,23,1,7.8
392,2026-08-15,Guadalajara,Meter_v3,23,1,11.5
392,2026-08-16,Guadalajara,Meter_v3,23,1,14.5
392,2026-08-17,Guadalajara,Meter_v3,23,1,9.8
392,2026-08-18,Guadalajara,Meter_v3,23,1,12.2
392,2026-08-19,Guadalajara,Meter_v3,23,1,11.2
392,2026-08-20,Guadalajara,Meter_v3,23,0,0.5
392,2026-08-21,Guadalajara,Meter_v3,23,1,8.7
392,2026-08-22,Guadalajara,Meter_v3,23,0,1.1
392,2026-08-23,Guadalajara,Meter_v3,23,1,12.4
392,2026-08-24,Guadalajara,Meter_v3,23,1,6.9
392,2026-08-25,Guadalajara,Meter_v3,23,1,12.0
392,2026-08-26,Guadalajara,Meter_v3,23,1,10.2
392,2026-08-27,Guadalajara,Meter_v3,23,1,12.8
392,2026-08-28,Guadalajara,Meter_v3,23,1,14.3
392,2026-08-29,Guadalajara,Meter_v3,23,1,6.7
392,2026-08-30,Guadalajara,Meter_v3,23,1,14.9
392,2026-08-31,Guadalajara,Meter_v3,23,1,13.5
392,2026-09-01,Guadalajara,Meter_v3,23,1,13.5
393,2026-08-12,Tijuana,Meter_v3,10,1,8.5
393,2026-08-13,Tijuana,Meter_v3,10,1,11.3
393,2026-08-14,Tijuana,Meter_v3,10,1,6.7
393,2026-08-15,Tijuana,Meter_v3,10,1,9.6
393,2026-08-16,Tijuana,Meter_v3,10,0,1.0
393,2026-08-17,Tijuana,Meter_v3,10,0,2.0
393,2026-08-18,Tijuana,Meter_v3,10,1,9.4
393,2026-08-19,Tijuana,Meter_v3,10,1,8.8
393,2026-08-20,Tijuana,Meter_v3,10,1,9.3
393,2026-08-21,Tijuana,Meter_v3,10,1,11.6
393,2026-08-22,Tijuana,Meter_v3,10,1,9.0
393,2026-08-23,Tijuana,Meter_v3,10,1,13.0
393,2026-08-24,Tijuana,Meter_v3,10,1,14.6
393,2026-08-25,Tijuana,Meter_v3,10,1,6.2
393,2026-08-26,Tijuana,Meter_v3,10,0,2.9
393,2026-08-27,Tijuana,Meter_v3,10,1,6.4
393,2026-08-28,Tijuana,Meter_v3,10,0,0.4
393,2026-08-29,Tijuana,Meter_v3,10,1,8.0
393,2026-08-30,Tijuana,Meter_v3,10,1,8.0
393,2026-08-31,Tijuana,Meter_v3,10,1,12.8
393,2026-09-01,Tijuana,Meter_v3,10,0,0.9
394,2026-08-12,Tijuana,Meter_v2,23,1,14.1
394,2026-08-13,Tijuana,Meter_v2,23,1,12.0
394,2026-08-14,Tijuana,Meter_v2,23,0,1.8
394,2026-08-15,Tijuana,Meter_v2,23,0,1.4
394,2026-08-16,Tijuana,Meter_v2,23,1,12.3
394,2026-08-17,Tijuana,Meter_v2,23,1,10.7
394,2026-08-18,Tijuana,Meter_v2,23,1,14.6
394,2026-08-19,Tijuana,Meter_v2,23,1,8.1
394,2026-08-20,Tijuana,Meter_v2,23,1,13.7
394,2026-08-21,Tijuana,Meter_v2,23,1,14.6
394,2026-08-22,Tijuana,Meter_v2,23,1,6.4
394,2026-08-23,Tijuana,Meter_v2,23,1,10.5
394,2026-08-24,Tijuana,Meter_v2,23,1,7.2
394,2026-08-25,Tijuana,Meter_v2,23,1,6.9
394,2026-08-26,Tijuana,Meter_v2,23,1,8.1
394,2026-08-27,Tijuana,Meter_v2,23,1,10.2
394,2026-08-28,Tijuana,Meter_v2,23,1,9.0
394,2026-08-29,Tijuana,Meter_v2,23,1,14.4
394,2026-08-30,Tijuana,Meter_v2,23,1,10.1
394,2026-08-31,Tijuana,Meter_v2,23,1,11.8
394,2026-09-01,Tijuana,Meter_v2,23,1,8.9
395,2026-08-12,Guadalajara,Meter_v3,6,1,8.6
395,2026-08-13,Guadalajara,Meter_v3,6,1,7.8
395,2026-08-14,Guadalajara,Meter_v3,6,1,8.1
395,2026-08-15,Guadalajara,Meter_v3,6,1,9.3
395,2026-08-16,Guadalajara,Meter_v3,6,1,10.3
395,2026-08-17,Guadalajara,Meter_v3,6,1,7.6
395,2026-08-18,Guadalajara,Meter_v3,6,1,8.1
395,2026-08-19,Guadalajara,Meter_v3,6,0,2.6
395,2026-08-20,Guadalajara,Meter_v3,6,1,7.5
395,2026-08-21,Guadalajara,Meter_v3,6,1,6.7
395,2026-08-22,Guadalajara,Meter_v3,6,1,6.7
395,2026-08-23,Guadalajara,Meter_v3,6,1,13.6
395,2026-08-24,Guadalajara,Meter_v3,6,1,10.5
395,2026-08-25,Guadalajara,Meter_v3,6,1,6.9
395,2026-08-26,Guadalajara,Meter_v3,6,1,8.9
395,2026-08-27,Guadalajara,Meter_v3,6,1,14.4
395,2026-08-28,Guadalajara,Meter_v3,6,1,8.7
395,2026-08-29,Guadalajara,Meter_v3,6,1,8.7
395,2026-08-30,Guadalajara,Meter_v3,6,1,11.8
395,2026-08-31,Guadalajara,Meter_v3,6,1,7.5
395,2026-09-01,Guadalajara,Meter_v3,6,0,2.7
396,2026-08-12,Tijuana,Meter_Audio_v1,48,1,10.7
396,2026-08-13,Tijuana,Meter_Audio_v1,48,1,13.9
396,2026-08-14,Tijuana,Meter_Audio_v1,48,1,9.0
396,2026-08-15,Tijuana,Meter_Audio_v1,48,1,6.2
396,2026-08-16,Tijuana,Meter_Audio_v1,48,1,10.1
396,2026-08-17,Tijuana,Meter_Audio_v1,48,1,8.6
396,2026-08-18,Tijuana,Meter_Audio_v1,48,1,11.0
396,2026-08-19,Tijuana,Meter_Audio_v1,48,1,7.1
396,2026-08-20,Tijuana,Meter_Audio_v1,48,1,6.5
396,2026-08-21,Tijuana,Meter_Audio_v1,48,1,8.7
396,2026-08-22,Tijuana,Meter_Audio_v1,48,1,10.2
396,2026-08-23,Tijuana,Meter_Audio_v1,48,1,7.9
396,2026-08-24,Tijuana,Meter_Audio_v1,48,1,6.2
396,2026-08-25,Tijuana,Meter_Audio_v1,48,1,10.6
396,2026-08-26,Tijuana,Meter_Audio_v1,48,1,14.0
396,2026-08-27,Tijuana,Meter_Audio_v1,48,1,11.2
396,2026-08-28,Tijuana,Meter_Audio_v1,48,1,10.5
396,2026-08-29,Tijuana,Meter_Audio_v1,48,1,6.9
396,2026-08-30,Tijuana,Meter_Audio_v1,48,1,6.6
396,2026-08-31,Tijuana,Meter_Audio_v1,48,1,14.0
396,2026-09-01,Tijuana,Meter_Audio_v1,48,0,0.2
397,2026-08-12,Monterrey,Meter_v2,15,1,8.9
397,2026-08-13,Monterrey,Meter_v2,15,1,11.9
397,2026-08-14,Monterrey,Meter_v2,15,1,8.1
397,2026-08-15,Monterrey,Meter_v2,15,1,11.4
397,2026-08-16,Monterrey,Meter_v2,15,1,14.2
397,2026-08-17,Monterrey,Meter_v2,15,1,7.4
397,2026-08-18,Monterrey,Meter_v2,15,1,8.7
397,2026-08-19,Monterrey,Meter_v2,15,1,14.3
397,2026-08-20,Monterrey,Meter_v2,15,1,14.2
397,2026-08-21,Monterrey,Meter_v2,15,1,8.4
397,2026-08-22,Monterrey,Meter_v2,15,1,6.7
397,2026-08-23,Monterrey,Meter_v2,15,1,14.3
397,2026-08-24,Monterrey,Meter_v2,15,1,9.3
397,2026-08-25,Monterrey,Meter_v2,15,1,9.9
397,2026-08-26,Monterrey,Meter_v2,15,1,13.9
397,2026-08-27,Monterrey,Meter_v2,15,1,9.3
397,2026-08-28,Monterrey,Meter_v2,15,0,1.4
397,2026-08-29,Monterrey,Meter_v2,15,1,7.4
397,2026-08-30,Monterrey,Meter_v2,15,1,12.4
397,2026-08-31,Monterrey,Meter_v2,15,1,11.4
397,2026-09-01,Monterrey,Meter_v2,15,1,10.6
398,2026-08-12,Monterrey,Meter_v3,5,0,1.1
398,2026-08-13,Monterrey,Meter_v3,5,1,13.6
398,2026-08-14,Monterrey,Meter_v3,5,1,8.5
398,2026-08-15,Monterrey,Meter_v3,5,1,9.7
398,2026-08-16,Monterrey,Meter_v3,5,1,7.9
398,2026-08-17,Monterrey,Meter_v3,5,1,7.1
398,2026-08-18,Monterrey,Meter_v3,5,1,10.2
398,2026-08-19,Monterrey,Meter_v3,5,1,12.6
398,2026-08-20,Monterrey,Meter_v3,5,1,7.3
398,2026-08-21,Monterrey,Meter_v3,5,1,9.5
398,2026-08-22,Monterrey,Meter_v3,5,1,7.9
398,2026-08-23,Monterrey,Meter_v3,5,1,9.1
398,2026-08-24,Monterrey,Meter_v3,5,1,8.2
398,2026-08-25,Monterrey,Meter_v3,5,1,9.1
398,2026-08-26,Monterrey,Meter_v3,5,0,1.3
398,2026-08-27,Monterrey,Meter_v3,5,0,0.8
398,2026-08-28,Monterrey,Meter_v3,5,0,0.2
398,2026-08-29,Monterrey,Meter_v3,5,0,0.6
398,2026-08-30,Monterrey,Meter_v3,5,0,1.3
398,2026-08-31,Monterrey,Meter_v3,5,0,0.8
398,2026-09-01,Monterrey,Meter_v3,5,0,0.1
399,2026-08-12,Tijuana,Meter_v2,11,1,8.1
399,2026-08-13,Tijuana,Meter_v2,11,1,6.6
399,2026-08-14,Tijuana,Meter_v2,11,1,10.1
399,2026-08-15,Tijuana,Meter_v2,11,1,13.7
399,2026-08-16,Tijuana,Meter_v2,11,1,14.0
399,2026-08-17,Tijuana,Meter_v2,11,1,8.4
399,2026-08-18,Tijuana,Meter_v2,11,1,10.9
399,2026-08-19,Tijuana,Meter_v2,11,1,8.0
399,2026-08-20,Tijuana,Meter_v2,11,1,11.1
399,2026-08-21,Tijuana,Meter_v2,11,1,11.5
399,2026-08-22,Tijuana,Meter_v2,11,1,6.0
399,2026-08-23,Tijuana,Meter_v2,11,1,13.9
399,2026-08-24,Tijuana,Meter_v2,11,1,13.3
399,2026-08-25,Tijuana,Meter_v2,11,1,14.0
399,2026-08-26,Tijuana,Meter_v2,11,1,13.0
399,2026-08-27,Tijuana,Meter_v2,11,1,10.6
399,2026-08-28,Tijuana,Meter_v2,11,1,6.3
399,2026-08-29,Tijuana,Meter_v2,11,1,6.5
399,2026-08-30,Tijuana,Meter_v2,11,1,13.1
399,2026-08-31,Tijuana,Meter_v2,11,1,14.0
399,2026-09-01,Tijuana,Meter_v2,11,1,14.4
400,2026-08-12,Puebla,Meter_v3,41,1,13.9
400,2026-08-13,Puebla,Meter_v3,41,1,10.4
400,2026-08-14,Puebla,Meter_v3,41,1,11.9
400,2026-08-15,Puebla,Meter_v3,41,1,10.7
400,2026-08-16,Puebla,Meter_v3,41,1,10.8
400,2026-08-17,Puebla,Meter_v3,41,1,11.8
400,2026-08-18,Puebla,Meter_v3,41,1,14.2
400,2026-08-19,Puebla,Meter_v3,41,1,10.3
400,2026-08-20,Puebla,Meter_v3,41,1,7.5
400,2026-08-21,Puebla,Meter_v3,41,1,12.1
400,2026-08-22,Puebla,Meter_v3,41,1,10.4
400,2026-08-23,Puebla,Meter_v3,41,1,7.8
400,2026-08-24,Puebla,Meter_v3,41,1,13.0
400,2026-08-25,Puebla,Meter_v3,41,1,14.4
400,2026-08-26,Puebla,Meter_v3,41,1,13.8
400,2026-08-27,Puebla,Meter_v3,41,1,9.5
400,2026-08-28,Puebla,Meter_v3,41,1,8.7
400,2026-08-29,Puebla,Meter_v3,41,1,6.9
400,2026-08-30,Puebla,Meter_v3,41,1,14.0
400,2026-08-31,Puebla,Meter_v3,41,0,2.8
400,2026-09-01,Puebla,Meter_v3,41,1,9.4
